index,date,time_central,datetime_utc,platform,integration_id,pillar,format,post_content,source,url,review_status,notes
1,2026-05-06,04:00,2026-05-06T09:00:00.000Z,LinkedIn company page,cmorpckmz03sbqi0yay2i3ds6,Audit readiness and licensing confidence,Practical tip,"The best audit prep does not happen the Friday before a licensing visit.

It happens in the ordinary moments:

A child checks in.
A staff member clocks in.
A classroom moves outside.
A ratio changes during pickup.
An incident report is filed before the day gets away from everyone.

State licensing reviews usually ask for a predictable set of records: attendance, ratios, staff credentials, incident documentation, and other operating proof for a date range.

The scramble starts when those records live in five different places.

A useful test for directors this morning:

Could you pull attendance, room coverage, and staff documentation for a random Tuesday in March without rebuilding the day from memory?

If the answer is no, that is not a character flaw. It is a system problem.

Audit-ready records are built one normal day at a time.",apps/site/src/content/guides/childcare-licensing-audit-prep-guide.md,https://pebbledesk.app/resources/guides/childcare-licensing-audit-prep-guide/,"writer self-reviewed: truth, source, humanization, brand, duplication, LinkedIn fit",Opens the day with the core theme from the licensing audit guide: predictable records become stressful when scattered.
2,2026-05-06,05:00,2026-05-06T10:00:00.000Z,LinkedIn company page,cmorpckmz03sbqi0yay2i3ds6,Audit readiness and licensing confidence,Operator question,"A practical audit-readiness question for childcare directors:

Where does your center keep proof of what happened at 8:15 AM?

Not the planned staff schedule.
Not the paper attendance sheet someone will total later.
Not a best guess from the director's memory.

The actual operating record:

Who was present?
Which qualified staff were in the room?
What ratio applied?
Was anyone transitioning in or out?

Licensing citations often come from the gap between compliant care and provable care. The room may have been covered, but if the documentation cannot show it, the director is left explaining instead of answering.

That is why monthly self-audits are worth the time. Pick a few dates, especially busy transition windows, and check whether the records tell the same story.

The goal is not a prettier binder.

The goal is a record that survives inspection.",apps/site/src/content/guides/preparing-for-state-audit-childcare.md,https://pebbledesk.app/resources/guides/preparing-for-state-audit-childcare/,"writer self-reviewed: truth, source, humanization, brand, duplication, LinkedIn fit",Uses the state audit guide's distinction between compliant operations and documentation that proves compliance.
3,2026-05-06,06:00,2026-05-06T11:00:00.000Z,LinkedIn company page,cmorpckmz03sbqi0yay2i3ds6,Ratio tracking and classroom coverage,Risk callout,"Ratio problems do not usually announce themselves dramatically.

They show up in the normal pressure points:

Morning drop-off.
Bathroom breaks.
Staff lunches.
Playground transitions.
End-of-day pickup.

A center can be staffed well overall and still have a short window where documentation gets thin.

That is why ratio records need to reflect the day as it actually happened, not just the morning plan. Auditors may ask for evidence across a date range and at specific points in time. A clean daily headcount is helpful, but it may not answer the question they are really asking.

For directors, the useful habit is simple:

Review transition windows before the week ends.

If a room was close to the limit, make the record clear while the day is still fresh. If a pattern repeats, fix the coverage plan before it becomes a licensing issue.",apps/site/src/content/guides/childcare-licensing-audit-prep-guide.md,https://pebbledesk.app/resources/guides/childcare-licensing-audit-prep-guide/,"writer self-reviewed: truth, source, humanization, brand, duplication, LinkedIn fit",Turns the guide's transition-window ratio risk into a useful daily management post.
4,2026-05-06,07:00,2026-05-06T12:00:00.000Z,LinkedIn company page,cmorpckmz03sbqi0yay2i3ds6,Staff records and licensing documentation,Practical checklist,"Staff files are one of those compliance areas that can feel fine until someone asks to see them.

A director may know the CPR renewal happened.
A teacher may have the card.
The background check may be in an email thread.
Training hours may be in a spreadsheet from last quarter.

But during a licensing review, scattered proof still creates work.

A sturdy staff credential file should make these answers easy to find:

Current CPR and First Aid documentation.
Background check clearance.
Required training hours.
State-specific credentials, if applicable.
Renewal dates before they become urgent.

The risk is not only whether the staff member is qualified. It is whether the center can show the record quickly and clearly.

One small habit that helps: review upcoming expirations at the start of each month, not when an inspector is already in the building.",apps/site/src/content/guides/preparing-for-state-audit-childcare.md,https://pebbledesk.app/resources/guides/preparing-for-state-audit-childcare/,"writer self-reviewed: truth, source, humanization, brand, duplication, LinkedIn fit",Source-backed staff credential guidance with practical monthly maintenance advice.
5,2026-05-06,08:00,2026-05-06T13:00:00.000Z,LinkedIn company page,cmorpckmz03sbqi0yay2i3ds6,Attendance records and daily operations,Practical tip,"Attendance records do more than show who came to care.

They support ratio review.
They support subsidy billing.
They support emergency accountability.
They help answer licensing questions months after the day is over.

That is a lot to ask of a paper sheet with rounded times and hard-to-read handwriting.

Paper can be legally accepted in many settings, but directors know the practical problem: the record has to be complete, legible, findable, and connected to the rest of the day.

A good end-of-day attendance check is short:

Are every child's arrival and departure times recorded?
Do room moves match the coverage story?
Do absences or partial days have the notes needed for billing review?
Is there anything that will be harder to explain next week than it is today?

Audit readiness is often just today's record getting finished today.",apps/site/src/content/guides/childcare-licensing-audit-prep-guide.md,https://pebbledesk.app/resources/guides/childcare-licensing-audit-prep-guide/,"writer self-reviewed: truth, source, humanization, brand, duplication, LinkedIn fit","Connects attendance to audit, ratios, and subsidy review without overclaiming."
6,2026-05-06,09:00,2026-05-06T14:00:00.000Z,LinkedIn company page,cmorpckmz03sbqi0yay2i3ds6,Audit reporting and connected records,Product education,"An audit-ready report should answer more than, ""Can we export a PDF?""

The better question is:

Can the report preserve the story?

For a childcare center, that story usually includes:

Who was present.
Which staff were assigned.
What ratio applied.
What was billed.
What changed after the fact.

When attendance, ratios, billing notes, and audit-log context are disconnected, the director becomes the bridge. That means manual cross-checking, screenshots, spreadsheets, and a lot of ""let me pull one more thing.""

PebbleDesk's reporting surface is built around connected operating records: attendance, ratio status, subsidy context, licensing support, and audit-log review belong together.

Reports matter during inspections, yes.

They also matter during billing follow-up, subsidy review, parent questions, and the quiet Friday cleanup no one puts on the brochure.",apps/site/src/content/features/audit-reports.md,https://pebbledesk.app/features/audit-reports/,"writer self-reviewed: truth, source, humanization, brand, duplication, LinkedIn fit",Uses the audit reports page to explain the product's reporting value without promising agency-specific outcomes.
7,2026-05-06,10:00,2026-05-06T15:00:00.000Z,LinkedIn company page,cmorpckmz03sbqi0yay2i3ds6,Audit readiness and licensing confidence,Director habit,"A monthly self-audit does not need to be fancy.

Pick a few operating days.
Choose one busy transition window on each day.
Then ask:

Did attendance show who was actually present?
Did staff time records match classroom coverage?
Can we see whether ratios were maintained?
Were incident reports, if any, filed and findable?
Are staff credentials current for the people who were counted in ratio?

The point is not to catch people doing something wrong.

The point is to catch documentation gaps while they are still small enough to fix through training, scheduling, or a cleaner daily routine.

A licensing visit can look back at earlier dates. A ratio issue from months ago is still discoverable if the records show it.

Monthly review turns audit prep from a panic project into ordinary center hygiene.",apps/site/src/content/guides/preparing-for-state-audit-childcare.md,https://pebbledesk.app/resources/guides/preparing-for-state-audit-childcare/,"writer self-reviewed: truth, source, humanization, brand, duplication, LinkedIn fit",Grounded in the source recommendation to audit ratio records monthly and check documentation patterns.
8,2026-05-06,11:00,2026-05-06T16:00:00.000Z,LinkedIn company page,cmorpckmz03sbqi0yay2i3ds6,Subsidy billing and audit support,Risk callout,"If your center accepts subsidy funding, your attendance record is also part of your billing record.

That connection matters.

A funding review may ask which children were enrolled, which days they attended, what was billed, what was paid, and how discrepancies were resolved.

If those answers live in separate places, the director has to rebuild the chain by hand.

Attendance sheet here.
Invoice there.
Portal note somewhere else.
Payment reconciliation in a spreadsheet.

That is where end-of-week scramble turns into real risk. Not because the care was wrong, but because the proof is fragile.

For subsidy programs, audit-ready means the billing story can trace back to the attendance story without heroic spreadsheet work.

Small test: choose one subsidized child from last month and follow the record from attendance to billing to payment status.

If that takes too long, the process is asking too much of your future self.",apps/site/src/content/guides/preparing-for-state-audit-childcare.md,https://pebbledesk.app/resources/guides/preparing-for-state-audit-childcare/,"writer self-reviewed: truth, source, humanization, brand, duplication, LinkedIn fit",Uses the state audit guide's subsidy billing auditability section and keeps claims careful.
9,2026-05-06,12:00,2026-05-06T17:00:00.000Z,LinkedIn company page,cmorpckmz03sbqi0yay2i3ds6,Audit readiness and licensing confidence,Midday reflection,"The most useful audit folder is not the one assembled in a rush.

It is the one that stays current while the center runs.

A practical inspection-ready folder might include:

Current license and conditions.
Most recent inspection report.
Current enrolled children list.
Current staff list.
Staff qualification documentation.
Current staff schedule.
Attendance records for the required retention window.

The exact list varies by state, but the principle is steady: records should be accessible before someone asks for them.

For directors, the emotional difference is huge.

""Let me spend the afternoon finding that"" feels very different from ""It's here.""

Audit readiness is not about being perfect. It is about making the ordinary proof of care easy to produce.",apps/site/src/content/guides/preparing-for-state-audit-childcare.md,https://pebbledesk.app/resources/guides/preparing-for-state-audit-childcare/,"writer self-reviewed: truth, source, humanization, brand, duplication, LinkedIn fit","Reframes the source's inspection-ready folder guidance into a human, midday post."
10,2026-05-06,13:00,2026-05-06T18:00:00.000Z,LinkedIn company page,cmorpckmz03sbqi0yay2i3ds6,Brand positioning and product fit,Positioning post,"PebbleDesk's tagline is simple because the job is simple to name:

Audit-ready records without the end-of-week scramble.

For childcare directors, the scramble usually starts when daily work is split apart.

Attendance in one place.
Ratios in another.
Subsidy billing in a spreadsheet.
Family records in a folder.
Reports rebuilt only when someone asks.

PebbleDesk is childcare center administration software for licensed centers, family childcare homes, and multi-site operators that need those records to stay connected.

The goal is not to make directors love software.

The goal is to make Friday afternoon feel less like a records rescue mission.",apps/site/src/config/site.ts,https://pebbledesk.app/,"writer self-reviewed: truth, source, humanization, brand, duplication, LinkedIn fit","Uses the site config tagline, category, target audience, and core promise without over-promoting."
11,2026-05-06,14:00,2026-05-06T19:00:00.000Z,LinkedIn company page,cmorpckmz03sbqi0yay2i3ds6,Audit readiness and licensing confidence,Practical tip,"One way to reduce audit stress: stop organizing records by where they came from.

Start organizing them by the question they answer.

For example:

Who was in care that day?
Attendance records.

Were ratios maintained?
Attendance plus staff coverage and classroom movement.

Were staff qualified to count in ratio?
Credential and background check documentation.

Was an incident handled and documented on time?
Incident report and parent notification record.

Was subsidy billing supported?
Attendance, enrollment, billing, and payment records.

Licensing and finance reviews are usually question-driven. They do not care that your center's proof is split across a binder, inbox, spreadsheet, and portal.

A record system that answers the question directly gives the director fewer loose ends to tie together under pressure.",apps/site/src/content/features/audit-reports.md,https://pebbledesk.app/features/audit-reports/,"writer self-reviewed: truth, source, humanization, brand, duplication, LinkedIn fit","Builds from the audit reports page's emphasis on answering what happened, what was billed, and what changed."
12,2026-05-06,15:00,2026-05-06T20:00:00.000Z,LinkedIn company page,cmorpckmz03sbqi0yay2i3ds6,Incident reports and audit documentation,Risk callout,"Incident reports are easy to delay because the day is loud.

A child needs comfort.
A parent needs a call.
A teacher needs coverage.
Lunch is starting.
Pickup is coming.

But in an audit, the question is not only whether the center responded appropriately. It is whether the documentation exists, was completed on time, and shows parent notification when required.

A practical center habit:

Treat incident documentation as part of the response, not an admin task for later.

That means the report is filed while details are fresh, the required notification is documented, and the record is stored where it can be found with the rest of the day.

The goal is not more paperwork for staff.

The goal is fewer gaps for the director to reconstruct after everyone has gone home.",apps/site/src/content/guides/childcare-licensing-audit-prep-guide.md,https://pebbledesk.app/resources/guides/childcare-licensing-audit-prep-guide/,"writer self-reviewed: truth, source, humanization, brand, duplication, LinkedIn fit",Uses the licensing audit guide's incident report section and keeps it operational.
13,2026-05-06,16:00,2026-05-06T21:00:00.000Z,LinkedIn company page,cmorpckmz03sbqi0yay2i3ds6,State-specific compliance and honest scope,Trust-building note,"Compliance software should be careful with its promises.

Every state has its own licensing rules, ratio requirements, forms, and review habits. A tool can support strong recordkeeping without pretending every state-specific workflow is identical.

PebbleDesk supports generic attendance, records, billing, messaging, and ratio workflows nationally. Verified state-specific ratio and licensing report support today covers Texas, California, and Florida.

That distinction matters.

Directors do not need vague confidence. They need to know what is supported, what needs a paper fallback, and where their state rules still need local judgment.

Audit-ready records help you answer licensing and finance questions faster.

They do not replace reading your state's requirements or keeping temporary paper notes if the internet drops.",apps/site/src/config/site.ts,https://pebbledesk.app/,"writer self-reviewed: truth, source, humanization, brand, duplication, LinkedIn fit",Uses site config guardrails on state-specific support and online-only V1 to build trust without fake claims.
14,2026-05-06,17:00,2026-05-06T22:00:00.000Z,LinkedIn company page,cmorpckmz03sbqi0yay2i3ds6,Audit readiness and daily closeout,End-of-day checklist,"Before the day disappears into tomorrow, a five-minute record check can save a lot of Friday cleanup.

Ask:

Are attendance times complete?
Did room moves get captured?
Do staff time records match who was counted in coverage?
Are incident reports filed and parent notifications documented?
Are subsidy notes connected to the child and date they support?
Did anything happen today that will be harder to explain next week?

This is not about perfectionism.

It is about preserving the facts while the facts are still easy to remember.

Licensing audits, subsidy reviews, and billing questions all get easier when the daily record is finished close to the day itself.

The quiet win is not a dramatic dashboard.

It is a director who does not have to rebuild Tuesday from scraps on Friday afternoon.",apps/site/src/content/guides/childcare-licensing-audit-prep-guide.md,https://pebbledesk.app/resources/guides/childcare-licensing-audit-prep-guide/,"writer self-reviewed: truth, source, humanization, brand, duplication, LinkedIn fit",Directly fits the day theme with a useful end-of-day closeout checklist.
15,2026-05-06,18:00,2026-05-06T23:00:00.000Z,LinkedIn company page,cmorpckmz03sbqi0yay2i3ds6,Audit reporting and operational relief,Closing thought,"Audit readiness is not a binder.

It is a habit.

It is attendance recorded when children arrive and leave.
It is ratios checked during real transition windows.
It is staff credentials reviewed before they expire.
It is incident reports completed while details are fresh.
It is subsidy billing tied back to the care that was actually delivered.

And yes, it is reporting that helps the director answer questions without stitching together five separate records by hand.

PebbleDesk exists for that kind of ordinary relief: attendance, ratios, subsidy billing, family records, and reports connected so the operating story is already there when licensing or payment review questions come up.

Less scramble.
More proof.
A calmer close to the week.",apps/site/src/config/site.ts,https://pebbledesk.app/,"writer self-reviewed: truth, source, humanization, brand, duplication, LinkedIn fit",Closes the day by tying the tagline and connected-record positioning back to practical audit readiness.
16,2026-05-07,04:00,2026-05-07T09:00:00.000Z,LinkedIn company page,cmorpckmz03sbqi0yay2i3ds6,Ratio tracking and licensing readiness,Practical tip,"The ratio chart on the wall is not usually the hard part.

The hard part is 8:17 AM, when three families arrive together, one teacher is answering a parent question, and the toddler room count changes before anyone has finished their coffee.

For directors, the practical question is not just ""Do we know our ratios?""

It is:

Can we see the actual room count as the morning changes?
Can staff tell when a room is getting close to its limit?
Can we explain later who was present, in which room, at that time?

Ratio compliance happens in motion. Your records need to follow the motion too.",apps/site/src/content/features/ratio-tracking.md,https://pebbledesk.app/features/ratio-tracking/,"writer self-reviewed: truth, source, humanization, brand, duplication, LinkedIn fit",Opens the day with the real operational problem behind ratio tracking without promising universal compliance.
17,2026-05-07,05:00,2026-05-07T10:00:00.000Z,LinkedIn company page,cmorpckmz03sbqi0yay2i3ds6,Staff scheduling and ratio risk,Operator question,"Before the first child walks in, a useful director question is:

Where is our schedule thinnest today?

Not just overall staffing. Room by room.

The fragile spots are usually predictable:

Morning drop-off.
Post-lunch breaks.
Nap supervision handoffs.
Afternoon pickup.

A schedule can look fine on paper and still create a ratio risk if every room is staffed exactly to the minimum with no overlap for ordinary movement.

The goal is not overstaffing every hour. It is protecting the windows where real days get uneven.",apps/site/src/content/guides/staff-scheduling-for-ratio-compliance.md,https://pebbledesk.app/resources/guides/staff-scheduling-for-ratio-compliance/,"writer self-reviewed: truth, source, humanization, brand, duplication, LinkedIn fit",Turns the scheduling guide into a pre-opening prompt directors can use immediately.
18,2026-05-07,06:00,2026-05-07T11:00:00.000Z,LinkedIn company page,cmorpckmz03sbqi0yay2i3ds6,Ratio tracking and licensing readiness,Practical tip,"Drop-off is not one event. It is a rolling count.

That matters for ratio tracking.

A preschool room may be under ratio at 7:45, fine at 8:05, close to the line at 8:20, and safe again after the next staff member clocks in.

If the only record is arrival time, the director may still have to reconstruct the actual room picture later.

A stronger habit: watch room-level counts during the drop-off window, not just the front-door check-in list.

Licensing questions usually care about who was present at a specific time. Your morning record should be able to answer that without guesswork.",apps/site/src/content/guides/staff-to-child-ratio-by-state.md,https://pebbledesk.app/resources/guides/staff-to-child-ratio-by-state/,"writer self-reviewed: truth, source, humanization, brand, duplication, LinkedIn fit",Focuses on continuous documentation and drop-off without making a compliance guarantee.
19,2026-05-07,07:00,2026-05-07T12:00:00.000Z,LinkedIn company page,cmorpckmz03sbqi0yay2i3ds6,Software evaluation for childcare operations,Buyer education,"When software says it ""tracks ratios,"" ask one follow-up question:

Does it alert staff before a room becomes a problem, or does someone have to notice manually?

Those are different tools.

Manual ratio visibility can still help. But during drop-off, lunch breaks, bathroom escorts, and pickup, directors are often not staring at a dashboard.

The safer operational pattern is simple:

Child count changes.
Staff count changes.
Room ratio recalculates.
The right person is notified when the room is getting close to its limit.

Attendance data is useful. A timely warning is more useful when the day is moving fast.",apps/site/src/content/listicles/best-ratio-tracking-software-daycare.md,https://pebbledesk.app/resources/best/best-ratio-tracking-software-daycare/,"writer self-reviewed: truth, source, humanization, brand, duplication, LinkedIn fit",Uses the listicle's tracking-versus-alerting distinction in a LinkedIn-native way.
20,2026-05-07,08:00,2026-05-07T13:00:00.000Z,LinkedIn company page,cmorpckmz03sbqi0yay2i3ds6,Staff scheduling and ratio risk,Practical tip,"A staff schedule built only for the average day is a fragile schedule.

Average days do not call out sick.
Average days do not have four toddlers arrive at once.
Average days do not include a teacher stepping out to handle a bathroom accident exactly when the infant room fills up.

Directors know this. The schedule should know it too.

For high-risk windows, build in overlap where the real day tends to bend:

Drop-off.
Lunch coverage.
Nap handoffs.
Pickup.

Ratio compliance is easier to manage when the schedule expects normal variation instead of treating it like an emergency.",apps/site/src/content/guides/staff-scheduling-for-ratio-compliance.md,https://pebbledesk.app/resources/guides/staff-scheduling-for-ratio-compliance/,"writer self-reviewed: truth, source, humanization, brand, duplication, LinkedIn fit",Emphasizes variation and schedule overlap from the source guide.
21,2026-05-07,09:00,2026-05-07T14:00:00.000Z,LinkedIn company page,cmorpckmz03sbqi0yay2i3ds6,Ratio documentation and audit readiness,Risk reminder,"Check-in and check-out records answer one question:

When did the child arrive and leave?

Ratio documentation has to answer a different question:

Who was in the room at 10:35?

That difference matters during licensing reviews.

A classroom can look perfectly documented at the front door and still have a gap in the middle of the day if staff rotations, room moves, and breaks are not reflected in the record.

For childcare directors, the practical standard is not fancy. It is consistent.

Same room-level habit.
Same level of detail.
Every operating day.",apps/site/src/content/guides/staff-to-child-ratio-by-state.md,https://pebbledesk.app/resources/guides/staff-to-child-ratio-by-state/,"writer self-reviewed: truth, source, humanization, brand, duplication, LinkedIn fit",Ties continuous documentation to the inspection questions described in the guide.
22,2026-05-07,10:00,2026-05-07T15:00:00.000Z,LinkedIn company page,cmorpckmz03sbqi0yay2i3ds6,Ratio tracking and licensing readiness,Practical tip,"One small ratio habit that pays off:

Treat room moves like new ratio moments.

When children leave the classroom for outdoor play, a special activity, or a combined group, the count changes. The supervision picture changes too.

The question is not only ""Are the children accounted for?""

It is also:

Which ratio applies in the receiving space?
Which staff are counted there?
Did the move create a temporary gap in either room?

Transitions are where clean-looking days get messy. Naming them as ratio moments makes the record stronger and the team more alert.",apps/site/src/content/guides/staff-to-child-ratio-by-state.md,https://pebbledesk.app/resources/guides/staff-to-child-ratio-by-state/,"writer self-reviewed: truth, source, humanization, brand, duplication, LinkedIn fit",Uses the source guidance that transitions and receiving rooms matter from the moment children enter.
23,2026-05-07,11:00,2026-05-07T16:00:00.000Z,LinkedIn company page,cmorpckmz03sbqi0yay2i3ds6,Staff scheduling and ratio risk,Checklist,"Lunch coverage is a ratio test hiding inside a routine.

Before the lunch window starts, directors can ask:

Who is taking break first?
Who replaces them before they leave the room?
Which rooms are closest to their ratio limit?
Who is available if a child needs one-on-one attention?
How will the handoff be recorded?

The mistake is treating lunch as a staffing pause.

Licensing obligations do not pause because staff need a meal break. The better approach is to make the break plan visible before the first teacher steps away.",apps/site/src/content/guides/staff-scheduling-for-ratio-compliance.md,https://pebbledesk.app/resources/guides/staff-scheduling-for-ratio-compliance/,"writer self-reviewed: truth, source, humanization, brand, duplication, LinkedIn fit",Practical lunch-window post based on the scheduling guide's transition-risk framing.
24,2026-05-07,12:00,2026-05-07T17:00:00.000Z,LinkedIn company page,cmorpckmz03sbqi0yay2i3ds6,Ratio documentation and audit readiness,Myth correction,"Nap time can feel quieter than the rest of the day.

That does not make it a documentation blank spot.

In many centers, nap creates a supervision handoff: staff rotate breaks, children settle at different times, and one room may need help while another looks calm.

If your state allows any different sleep-period supervision rules, confirm the exact requirements with licensing. Do not rely on hallway memory.

The practical record still needs to show who was responsible for the room during that window.

Quiet rooms still need clear coverage.",apps/site/src/content/guides/staff-to-child-ratio-by-state.md,https://pebbledesk.app/resources/guides/staff-to-child-ratio-by-state/,"writer self-reviewed: truth, source, humanization, brand, duplication, LinkedIn fit",Handles nap carefully with state-specific caveat and no legal advice.
25,2026-05-07,13:00,2026-05-07T18:00:00.000Z,LinkedIn company page,cmorpckmz03sbqi0yay2i3ds6,Software evaluation for childcare operations,Buyer education,"A ratio report after the fact can help with review.

A ratio alert during the day can help the team act.

Directors need both kinds of support, but they solve different problems.

Reports help answer, ""What happened on Tuesday?""
Alerts help answer, ""What needs attention right now?""

That difference matters during ordinary childcare moments:

A teacher leaves the room briefly.
A child arrives outside the usual pattern.
A staff member clocks out before pickup settles.
A callout changes coverage before a substitute arrives.

The best ratio system is not just a record keeper. It helps staff notice risk while there is still time to respond.",apps/site/src/content/listicles/best-ratio-tracking-software-daycare.md,https://pebbledesk.app/resources/best/best-ratio-tracking-software-daycare/,"writer self-reviewed: truth, source, humanization, brand, duplication, LinkedIn fit",Explains proactive alerting without overclaiming prevention or guaranteed outcomes.
26,2026-05-07,14:00,2026-05-07T19:00:00.000Z,LinkedIn company page,cmorpckmz03sbqi0yay2i3ds6,Staff scheduling and ratio risk,Practical tip,"A callout protocol should be more than a list of phone numbers.

For ratio compliance, it should answer three questions before anyone is sick:

Who can be called within a realistic window?
What does the center do while waiting for coverage?
How is the decision documented afterward?

That middle question is the one that protects the real day.

Maybe the director steps into coverage. Maybe rooms are combined only if the applicable ratio and group rules allow it. Maybe a nonessential task waits.

The exact answer depends on your state and center. But having no answer until 7:06 AM is where ratio risk grows.",apps/site/src/content/guides/staff-scheduling-for-ratio-compliance.md,https://pebbledesk.app/resources/guides/staff-scheduling-for-ratio-compliance/,"writer self-reviewed: truth, source, humanization, brand, duplication, LinkedIn fit",Centers callouts as requested and preserves state-specific caution.
27,2026-05-07,15:00,2026-05-07T20:00:00.000Z,LinkedIn company page,cmorpckmz03sbqi0yay2i3ds6,Ratio tracking and licensing readiness,Operator question,"Afternoon pickup has a sneaky ratio risk:

Children leave gradually. Staff leave by schedule.

Those two curves do not always match.

A room may need fewer staff as children depart, but it still cannot drop below the required ratio for the children who remain.

The director question for pickup is simple:

Who is allowed to leave, and only after which room count changes?

That is different from ""Who is scheduled until 4:30?""

Pickup coverage works best when staff departures are tied to actual child counts, not just the clock.",apps/site/src/content/guides/staff-to-child-ratio-by-state.md,https://pebbledesk.app/resources/guides/staff-to-child-ratio-by-state/,"writer self-reviewed: truth, source, humanization, brand, duplication, LinkedIn fit",Highlights pickup and staff departures using the state ratio guide's continuous-obligation point.
28,2026-05-07,16:00,2026-05-07T21:00:00.000Z,LinkedIn company page,cmorpckmz03sbqi0yay2i3ds6,Ratio documentation and audit readiness,Practical tip,"If a licensing reviewer asks about a specific afternoon, a beautiful weekly staff schedule is not the whole answer.

The schedule says who was supposed to be there.

The ratio record should help show who actually was there, which children were present, and how the room count changed.

That is why attendance, staff presence, classroom assignment, and ratio review belong close together.

When those records live in separate places, directors end up rebuilding the story from memory, texts, sign-in sheets, and staff notes.

Audit-ready records are not about extra paperwork. They are about keeping the daily story connected while it is still fresh.",apps/site/src/content/features/ratio-tracking.md,https://pebbledesk.app/features/ratio-tracking/,"writer self-reviewed: truth, source, humanization, brand, duplication, LinkedIn fit",Connects PebbleDesk positioning to practical record continuity without hard compliance promises.
29,2026-05-07,17:00,2026-05-07T22:00:00.000Z,LinkedIn company page,cmorpckmz03sbqi0yay2i3ds6,Software evaluation for childcare operations,Evaluation question,"One good demo question for ratio tracking software:

""What happens when a staff member leaves a room for three minutes?""

Not leaves the building.
Not ends the shift.
Just steps out for a real childcare reason.

A useful system should make the room picture visible:

How many children are present?
Which qualified staff are counted in that room?
Is the room approaching its limit?
Who gets notified if attention is needed?

Those three-minute moments are easy to miss in a report. They are exactly where real ratio discipline lives.",apps/site/src/content/listicles/best-ratio-tracking-software-daycare.md,https://pebbledesk.app/resources/best/best-ratio-tracking-software-daycare/,"writer self-reviewed: truth, source, humanization, brand, duplication, LinkedIn fit",LinkedIn-native buyer question drawn from the software comparison's real-time monitoring criteria.
30,2026-05-07,18:00,2026-05-07T23:00:00.000Z,LinkedIn company page,cmorpckmz03sbqi0yay2i3ds6,Ratio tracking and licensing readiness,End-of-day reflection,"At the end of the day, ratio compliance should not depend on everyone remembering the hardest moments perfectly.

The record should already carry the shape of the day:

Morning drop-off pressure.
Lunch coverage.
Nap supervision.
Room transitions.
Callouts.
Pickup staffing.

Not because software replaces director judgment. It does not.

But because directors should not have to rebuild a licensing story from scattered notes after the fact.

PebbleDesk keeps ratio tracking close to attendance, classrooms, and reporting so centers can review risk earlier and preserve a cleaner follow-up trail.",apps/site/src/content/features/ratio-tracking.md,https://pebbledesk.app/features/ratio-tracking/,"writer self-reviewed: truth, source, humanization, brand, duplication, LinkedIn fit",Closes the day by synthesizing the requested practical moments and PebbleDesk's source-backed positioning.
31,2026-05-08,04:00,2026-05-08T09:00:00.000Z,LinkedIn company page,cmorpckmz03sbqi0yay2i3ds6,Subsidy billing documentation,Practical tip,"The strongest CCDF billing process is not built at submission time.

It is built every morning when attendance is recorded.

For every billed day, directors need a clean chain:

Attendance record.
Authorization document.
Co-pay record.
Claim submission record.
Payment reconciliation.

When one link is missing, the claim becomes harder to defend. Not because care was not delivered, but because the record does not tell the story clearly enough.

A practical Friday check for subsidy-heavy centers:

Can you pull one subsidized child's record for this week and see the attendance, authorization dates, family co-pay status, and billing status without opening a separate spreadsheet?

If not, that is the work to fix before month-end.",apps/site/src/content/guides/ccdf-childcare-billing-guide.md,https://pebbledesk.app/resources/guides/ccdf-childcare-billing-guide/,"writer self-reviewed: truth, source, humanization, brand, duplication, LinkedIn fit",Introduces the day's core frame: subsidy billing depends on a continuous documentation chain.
32,2026-05-08,05:00,2026-05-08T10:00:00.000Z,LinkedIn company page,cmorpckmz03sbqi0yay2i3ds6,Revenue protection,Data-backed insight,"CCDF paperwork is not just paperwork.

The repo cites research estimating that providers miss over 8% of annual subsidy revenue from billing errors without automation.

That loss usually does not come from one dramatic mistake.

It comes from ordinary friction:

Attendance copied from one place to another.
Rate codes checked by hand.
Co-pays tracked outside the billing record.
Authorization dates noticed after the claim is already filed.
Short-pays accepted because no one had time to investigate the line items.

For childcare operators, subsidy billing discipline is margin protection.

The question is not, ""Did we submit the claim?""

The better question is, ""Can we prove every part of the claim before the state asks?""",apps/site/src/content/guides/subsidy-billing-automation-guide.md,https://pebbledesk.app/resources/guides/subsidy-billing-automation-guide/,"writer self-reviewed: truth, source, humanization, brand, duplication, LinkedIn fit",Uses the sourced revenue-loss statistic and turns it into an operational point about margin protection.
33,2026-05-08,06:00,2026-05-08T11:00:00.000Z,LinkedIn company page,cmorpckmz03sbqi0yay2i3ds6,Audit readiness and licensing confidence,Operator reminder,"A subsidy audit rarely starts with a broad question.

It starts with a sample.

A child.
A date range.
A billed period.
A request for the supporting records.

That is why ""we have the records somewhere"" is not enough.

The record needs to reconcile across attendance, authorization, co-pay documentation, rate information, and the claim that was submitted.

If a director has to rebuild that story from paper sign-ins, payment notes, state portal screenshots, and an old spreadsheet, the audit has already become harder than it needed to be.

Audit-ready means the story is already assembled before anyone asks for it.",apps/site/src/content/guides/ccdf-childcare-billing-guide.md,https://pebbledesk.app/resources/guides/ccdf-childcare-billing-guide/,"writer self-reviewed: truth, source, humanization, brand, duplication, LinkedIn fit",Explains how sampled audit review works without overstating compliance guarantees.
34,2026-05-08,07:00,2026-05-08T12:00:00.000Z,LinkedIn company page,cmorpckmz03sbqi0yay2i3ds6,Attendance and billing alignment,Practical tip,"One small subsidy billing habit can prevent a lot of rework:

Do not wait until the billing period closes to review attendance.

A missing sign-out on Tuesday is easy to fix on Wednesday.

A missing sign-out discovered after the claim is denied becomes a correction, a delay, and a note in the reimbursement trail.

For subsidized children, attendance is not just an operational record. It is the source record for billing.

Exact arrival and departure times matter. Required signatures matter. Absence reasons matter when your state requires them.

The cleaner the daily record, the less the director has to reconstruct later.",apps/site/src/content/lead-magnets/ccdf-billing-error-prevention.md,https://pebbledesk.app/free/ccdf-billing-error-prevention/,"writer self-reviewed: truth, source, humanization, brand, duplication, LinkedIn fit",Turns the attendance checklist into a daily operational habit.
35,2026-05-08,08:00,2026-05-08T13:00:00.000Z,LinkedIn company page,cmorpckmz03sbqi0yay2i3ds6,Authorization tracking,Risk callout,"Expired authorizations are one of the quietest subsidy billing risks.

Everything can look normal at the center level:

The child attended.
The family still needs care.
The classroom had coverage.
The billing period closed like usual.

But if the authorization expired mid-period, the center can only bill for care delivered inside the authorized window.

A safer habit:

Review authorization start and end dates before each billing cycle.
Split claims when a child's authorization expires during the period.
Keep expired authorization documents in the child's file, because auditors may ask for prior periods.

The calendar is part of the billing record.",apps/site/src/content/lead-magnets/ccdf-billing-error-prevention.md,https://pebbledesk.app/free/ccdf-billing-error-prevention/,"writer self-reviewed: truth, source, humanization, brand, duplication, LinkedIn fit","Focuses on authorization expiration, a specific sourced denial and improper-payment risk."
36,2026-05-08,09:00,2026-05-08T14:00:00.000Z,LinkedIn company page,cmorpckmz03sbqi0yay2i3ds6,Reimbursement timing and cash flow,Educational post,"Most states reimburse CCDF care after the care has already been delivered and documented.

That timing matters.

Reimbursement can take up to 60 days depending on the state and whether the claim triggers review issues.

For directors, this makes subsidy tracking a cash-flow discipline, not just an admin task.

You need to know:

What was claimed.
What was paid.
What was short-paid.
What is still outstanding.
Which documentation supports each line.

A total deposit amount is not enough. The center needs claim-level visibility while there is still time to correct or dispute a problem.",apps/site/src/content/guides/subsidy-reimbursement-tracking-guide.md,https://pebbledesk.app/resources/guides/subsidy-reimbursement-tracking-guide/,"writer self-reviewed: truth, source, humanization, brand, duplication, LinkedIn fit",Uses the sourced reimbursement timing claim and connects it to practical cash-flow tracking.
37,2026-05-08,10:00,2026-05-08T15:00:00.000Z,LinkedIn company page,cmorpckmz03sbqi0yay2i3ds6,Documentation hygiene,Data-backed insight,"Improper payments are not always dramatic.

The national CCDF improper payment rate was 3.55% in 2023, and the repo source cites 40% of those errors as missing or insufficient documentation.

For a childcare director, that points to the ordinary places where a clean claim can get weak:

Attendance that does not support the billed day.
Authorization paperwork that expired before anyone noticed.
Co-pay records that are hard to match.
Billing support that lives in a separate spreadsheet.

The practical move is not fear.

It is a same-week documentation check for subsidy claims:

Can each billed day point back to attendance?
Can each child point back to current authorization?
Can co-pays be found without searching receipts and inboxes?

Honest care still needs a clean record.",apps/site/src/content/guides/subsidy-billing-automation-guide.md,https://pebbledesk.app/resources/guides/subsidy-billing-automation-guide/,"writer self-reviewed: truth, source, humanization, brand, duplication, LinkedIn fit",Uses the sourced improper-payment statistics while avoiding legal advice or fear-based exaggeration.
38,2026-05-08,11:00,2026-05-08T16:00:00.000Z,LinkedIn company page,cmorpckmz03sbqi0yay2i3ds6,Co-pay documentation,Practical tip,"Family co-pays deserve the same care as the subsidy claim.

For mixed private-pay and subsidy families, the record has to show both sides of the tuition picture:

The subsidized portion billed to the agency.
The family co-pay billed or collected from the parent.
The authorized amount.
The date and method of payment.
Any approved waiver or adjustment.

A common mistake is treating co-pays like ordinary family billing and subsidy claims like compliance work.

In practice, they belong together.

When co-pay records live somewhere else, directors have to reconcile the child's full billing story by hand. That is exactly where month-end errors hide.",apps/site/src/content/guides/subsidy-reimbursement-tracking-guide.md,https://pebbledesk.app/resources/guides/subsidy-reimbursement-tracking-guide/,"writer self-reviewed: truth, source, humanization, brand, duplication, LinkedIn fit",Highlights mixed-funding and co-pay tracking requirements from the reimbursement and CCDF sources.
39,2026-05-08,12:00,2026-05-08T17:00:00.000Z,LinkedIn company page,cmorpckmz03sbqi0yay2i3ds6,Process improvement,Checklist,"Before evaluating subsidy billing software, map the process you already have.

Write down each step from attendance capture to payment reconciliation.

A director may find the same pattern:

Attendance is pulled from one system.
Rate codes are checked somewhere else.
Claims are formatted for a state portal.
Co-pays are reviewed separately.
Payments are compared against a spreadsheet after the fact.

The source guide notes that a monthly process can have 8-15 steps, several involving copied data or reformatted exports.

That map is useful.

It helps you ask a better vendor question:

""Which of these steps does your system actually remove, and which ones do we still do by hand?""",apps/site/src/content/guides/subsidy-billing-automation-guide.md,https://pebbledesk.app/resources/guides/subsidy-billing-automation-guide/,"writer self-reviewed: truth, source, humanization, brand, duplication, LinkedIn fit",Repurposes the automation guide's workflow-mapping step into a LinkedIn-native evaluation prompt.
40,2026-05-08,13:00,2026-05-08T18:00:00.000Z,LinkedIn company page,cmorpckmz03sbqi0yay2i3ds6,State submission readiness,Vendor evaluation prompt,"A childcare billing tool has not really handled subsidy billing if it only moves the spreadsheet into a prettier place.

For CCAP and voucher work, the practical test is simple:

Can the system produce the information your state agency actually requires?

That means the right child identifiers, dates of care, hours, rate codes, billing period, and export or report format.

Every state program has its own rules. Some variation can even happen by county or regional agency.

So when a vendor says ""we support subsidy billing,"" ask to see the output.

Then compare it against your agency's instructions.

The format is not a small detail. It is the difference between less manual work and manual work wearing a new label.",apps/site/src/content/guides/subsidy-billing-automation-guide.md,https://pebbledesk.app/resources/guides/subsidy-billing-automation-guide/,"writer self-reviewed: truth, source, humanization, brand, duplication, LinkedIn fit",Uses the guide's state-format requirement and avoids claiming universal automatic portal submission.
41,2026-05-08,14:00,2026-05-08T19:00:00.000Z,LinkedIn company page,cmorpckmz03sbqi0yay2i3ds6,Post-payment reconciliation,Practical tip,"Receiving the state payment is not the end of the subsidy billing cycle.

It is the start of reconciliation.

Directors still need to compare:

Amount claimed.
Amount received.
Adjustments.
Denied lines.
Short-paid claims.
Outstanding balance by billing period.

Skipping this step can make a payment feel ""done"" when the center was actually underpaid.

The best time to catch a short-pay is while the billing period is still fresh, the attendance records are easy to find, and the dispute or correction window is still open.

A clean reimbursement ledger is not busywork.

It is how earned revenue stays visible.",apps/site/src/content/lead-magnets/ccdf-billing-error-prevention.md,https://pebbledesk.app/free/ccdf-billing-error-prevention/,"writer self-reviewed: truth, source, humanization, brand, duplication, LinkedIn fit",Turns post-payment reconciliation guidance into a practical revenue visibility post.
42,2026-05-08,15:00,2026-05-08T20:00:00.000Z,LinkedIn company page,cmorpckmz03sbqi0yay2i3ds6,Provider burden,Data-backed reflection,"One reason subsidy billing deserves better systems:

Provider participation in CCDF fell from 475,394 in 2006 to 225,204 in 2022.

That is a 53% decline.

The source guide points to administrative burden as a major driver: attendance tracking, billing reconciliation, portal rules, and documentation retention all consume staff time centers cannot bill directly.

This matters for families and providers.

When subsidy participation becomes too hard to sustain, access narrows.

The practical path forward is not asking directors to remember more details. It is making the daily record strong enough that billing and reimbursement do not require a month-end rebuild.",apps/site/src/content/guides/ccdf-childcare-billing-guide.md,https://pebbledesk.app/resources/guides/ccdf-childcare-billing-guide/,"writer self-reviewed: truth, source, humanization, brand, duplication, LinkedIn fit",Uses the sourced participation decline and ties it to administrative burden without inventing causes.
43,2026-05-08,16:00,2026-05-08T21:00:00.000Z,LinkedIn company page,cmorpckmz03sbqi0yay2i3ds6,Product education,Soft product post,"Subsidy billing gets harder when the record is fragmented.

Attendance in one place.
Invoices in another.
Child records in a file cabinet.
Reports built only when someone asks.

PebbleDesk's product story for subsidy support is intentionally practical:

Keep subsidy work close to attendance, child records, billing, and reporting so directors can review the month with less manual reconciliation.

PebbleDesk does not replace every state portal.

The work still needs center review and submission through the right state or local system.

But when the supporting record is cleaner before submission, directors spend less time rebuilding what happened after the fact.",apps/site/src/content/features/subsidy-billing.md,https://pebbledesk.app/features/subsidy-billing/,"writer self-reviewed: truth, source, humanization, brand, duplication, LinkedIn fit",Softly positions PebbleDesk using the feature page's careful claim boundaries.
44,2026-05-08,17:00,2026-05-08T22:00:00.000Z,LinkedIn company page,cmorpckmz03sbqi0yay2i3ds6,Pre-submission controls,Checklist,"A simple pre-submission subsidy billing review can save weeks of correction work.

Before filing, check:

Are all authorization dates current for the billed period?
Does attendance exist for every claimed day?
Are required signatures present?
Do absences stay within your state's allowed rules?
Does the rate code match the child's age, schedule, and care type?
Is the family co-pay documented separately from the state-paid portion?
Does the claim exclude days outside the authorization window?

The point is not to make directors slower.

It is to catch the preventable errors before they become denials, delays, or audit questions.",apps/site/src/content/lead-magnets/ccdf-billing-error-prevention.md,https://pebbledesk.app/free/ccdf-billing-error-prevention/,"writer self-reviewed: truth, source, humanization, brand, duplication, LinkedIn fit",Condenses the lead magnet's pre-submission checklist into a usable LinkedIn post.
45,2026-05-08,18:00,2026-05-08T23:00:00.000Z,LinkedIn company page,cmorpckmz03sbqi0yay2i3ds6,Leadership question,Engagement prompt,"A useful question for subsidy-heavy childcare centers:

Where does the billing record break?

Not where the team works hardest.
Not where people care least.

Where the handoff creates risk.

Attendance to claim.
Claim to state payment.
State payment to ledger.
Family co-pay to child record.
Authorization renewal to billing cutoff.

Most subsidy issues are found at the handoffs.

Pick one handoff this month and make it cleaner. Add the reminder, connect the record, review it weekly, or remove the spreadsheet step.

Audit-ready records are built one boring, reliable handoff at a time.",apps/site/src/content/features/subsidy-billing.md,https://pebbledesk.app/features/subsidy-billing/,"writer self-reviewed: truth, source, humanization, brand, duplication, LinkedIn fit",Closes the day with an operator-focused question tied to fragmented subsidy record risks.
46,2026-05-09,04:00,2026-05-09T09:00:00.000Z,LinkedIn company page,cmorpckmz03sbqi0yay2i3ds6,Audit readiness and licensing confidence,Practical tip,"The hardest attendance question usually comes later.

Not at drop-off.
Not at pickup.

Later, when licensing asks who was in Room 2 at 10:15.
Later, when a subsidy claim needs backup.
Later, when a parent asks why a full day was billed.

A useful attendance record should show the child, date, time in, time out, room context, and verification without making the director rebuild the day from memory.

That is the standard worth designing around: not just ""Did someone tap check-in?"" but ""Can we answer the next question cleanly?""",apps/site/src/content/features/attendance-tracking.md,https://pebbledesk.app/features/attendance-tracking/,"writer self-reviewed: truth, source, humanization, brand, duplication, LinkedIn fit","Opens the day by framing attendance as a record used later across billing, licensing, and parent follow-up."
47,2026-05-09,05:00,2026-05-09T10:00:00.000Z,LinkedIn company page,cmorpckmz03sbqi0yay2i3ds6,Subsidy billing and reimbursement,Operator reminder,"For CCDF billing, attendance is not just a daily log.

It is the support for the claim.

That means the billed date needs to match the attendance date. The child identifier needs to match the authorization. The time record needs to support the day of care. Absences need a reason instead of becoming blank spaces.

The record does not have to be fancy. It does have to be consistent.

Month-end reimbursement gets much easier when every billed day already has its attendance proof attached.",apps/site/src/content/guides/ccdf-attendance-documentation-requirements.md,https://pebbledesk.app/resources/guides/ccdf-attendance-documentation-requirements/,"writer self-reviewed: truth, source, humanization, brand, duplication, LinkedIn fit",Turns the CCDF documentation requirements into a practical billing checklist.
48,2026-05-09,06:00,2026-05-09T11:00:00.000Z,LinkedIn company page,cmorpckmz03sbqi0yay2i3ds6,Parent communication and trust,Practical tip,"A parent billing question is much easier to answer when attendance tells the whole story.

""Was my child there all day on Tuesday?""

The helpful answer is not a shrug and a paper sheet search. It is a clear record: checked in at 8:07, assigned to the preschool room, checked out at 4:42, verified at pickup.

Families do not need every operational detail.

But when they ask about a charge, directors need a record that is calm, specific, and easy to explain.",apps/site/src/content/features/attendance-tracking.md,https://pebbledesk.app/features/attendance-tracking/,"writer self-reviewed: truth, source, humanization, brand, duplication, LinkedIn fit",Connects attendance detail to parent charge questions without overclaiming.
49,2026-05-09,07:00,2026-05-09T12:00:00.000Z,LinkedIn company page,cmorpckmz03sbqi0yay2i3ds6,Daily operations,Checklist,"Morning attendance cleanup should happen while the day is still fresh.

A strong 9:30 check looks like this:

- Expected children compared against actual arrivals
- Unexplained absences flagged for follow-up
- Room assignments checked against where children actually landed
- Subsidy children reviewed for required documentation
- Missing drop-off verification fixed same day

The mistake is waiting until Friday afternoon, when every small gap has turned into detective work.",apps/site/src/content/guides/cost-of-manual-attendance-tracking.md,https://pebbledesk.app/resources/guides/cost-of-manual-attendance-tracking/,"writer self-reviewed: truth, source, humanization, brand, duplication, LinkedIn fit",Makes the manual mid-day reconciliation burden operational and specific.
50,2026-05-09,08:00,2026-05-09T13:00:00.000Z,LinkedIn company page,cmorpckmz03sbqi0yay2i3ds6,Audit readiness and licensing confidence,Myth correction,"Facility-level attendance is not the same as room-level attendance.

A total headcount can tell you 42 children were present.

It cannot always answer which children were in the toddler room, when they moved, and whether the record supports the ratio story for that room.

Licensing questions often happen at the classroom level.

Attendance records should be able to follow the child into the room where care actually happened.",apps/site/src/content/listicles/best-childcare-attendance-software.md,https://pebbledesk.app/resources/best/best-childcare-attendance-software/,"writer self-reviewed: truth, source, humanization, brand, duplication, LinkedIn fit",Highlights the source distinction between facility-level and room-level documentation.
51,2026-05-09,09:00,2026-05-09T14:00:00.000Z,LinkedIn company page,cmorpckmz03sbqi0yay2i3ds6,Subsidy billing and reimbursement,Risk callout,"The missed sign-out is small in the moment.

A parent is rushing. A teacher is covering pickup. The line is moving. One child leaves without a completed departure record.

For private-pay billing, that can become a family question.

For subsidy billing, it can become an incomplete day of documentation.

The best fix is same-day resolution: staff note, parent or authorized adult verification when possible, and a record that explains what happened before memory gets fuzzy.",apps/site/src/content/guides/ccdf-attendance-documentation-requirements.md,https://pebbledesk.app/resources/guides/ccdf-attendance-documentation-requirements/,"writer self-reviewed: truth, source, humanization, brand, duplication, LinkedIn fit",Uses the missed sign-out gap from the CCDF guide and gives a practical response.
52,2026-05-09,10:00,2026-05-09T15:00:00.000Z,LinkedIn company page,cmorpckmz03sbqi0yay2i3ds6,Cost of manual administration,Operational math,"Manual attendance has a cost even when the paper is free.

Someone sets up the sheet.
Someone checks it against the roster.
Someone follows up on absences.
Someone files it.
Someone searches it again when billing, licensing, or a parent needs an answer.

The source guide estimates a typical center can spend 50 to 70 minutes per day on attendance-specific administration.

That is not just clerical time. It is director attention that could have gone to staffing, families, and classrooms.",apps/site/src/content/guides/cost-of-manual-attendance-tracking.md,https://pebbledesk.app/resources/guides/cost-of-manual-attendance-tracking/,"writer self-reviewed: truth, source, humanization, brand, duplication, LinkedIn fit",Uses a source-backed time estimate while keeping the post centered on director workload.
53,2026-05-09,11:00,2026-05-09T16:00:00.000Z,LinkedIn company page,cmorpckmz03sbqi0yay2i3ds6,Audit readiness and licensing confidence,Practical tip,"A good attendance export should not require a weekend project.

When an inspector or subsidy reviewer asks for a date range, the director should not have to merge a parent app export, a classroom roster, a billing spreadsheet, and handwritten notes.

The useful record is already connected:

Child. Date. Room. Time in. Time out. Verification. Absence note when needed.

The export is only as good as the daily capture behind it.",apps/site/src/content/features/attendance-tracking.md,https://pebbledesk.app/features/attendance-tracking/,"writer self-reviewed: truth, source, humanization, brand, duplication, LinkedIn fit","Explains the PebbleDesk positioning around connected attendance, reporting, and audit prep."
54,2026-05-09,12:00,2026-05-09T17:00:00.000Z,LinkedIn company page,cmorpckmz03sbqi0yay2i3ds6,Subsidy billing and reimbursement,Practical tip,"Absences need documentation too.

For subsidy programs, an absent child is not just missing from the attendance sheet. The center may need to show the date, the reason code, and whether the absence falls within the state's allowed billing rules.

Leaving the day blank creates ambiguity.

A same-day absence note can save a month-end billing review from becoming a guessing session.",apps/site/src/content/guides/ccdf-attendance-documentation-requirements.md,https://pebbledesk.app/resources/guides/ccdf-attendance-documentation-requirements/,"writer self-reviewed: truth, source, humanization, brand, duplication, LinkedIn fit",Focuses on absence records as a concrete part of subsidy documentation.
55,2026-05-09,13:00,2026-05-09T18:00:00.000Z,LinkedIn company page,cmorpckmz03sbqi0yay2i3ds6,Software evaluation,Buyer question,"When evaluating attendance software, ask one question that cuts through the demo:

""Can this record support licensing, subsidy billing, and parent questions without re-entry?""

Parent notifications are useful.
Digital check-in is useful.
Daily reports are useful.

But licensed centers also need time-stamped, room-level documentation that can be searched and shared when someone asks for proof.

The best attendance tool is the one that reduces the number of side spreadsheets the director has to maintain.",apps/site/src/content/listicles/best-childcare-attendance-software.md,https://pebbledesk.app/resources/best/best-childcare-attendance-software/,"writer self-reviewed: truth, source, humanization, brand, duplication, LinkedIn fit",Turns the listicle comparison into a practical buying question for directors.
56,2026-05-09,14:00,2026-05-09T19:00:00.000Z,LinkedIn company page,cmorpckmz03sbqi0yay2i3ds6,Audit readiness and licensing confidence,Risk callout,"Attendance gaps rarely stay in one lane.

A missing check-in can affect the daily headcount.
An incomplete check-out can affect billing support.
An undocumented absence can affect subsidy reconciliation.
A room assignment gap can affect ratio review.

That is why attendance records carry so much operational weight in childcare.

They are the starting point for several different questions a director may have to answer later.",apps/site/src/content/guides/cost-of-manual-attendance-tracking.md,https://pebbledesk.app/resources/guides/cost-of-manual-attendance-tracking/,"writer self-reviewed: truth, source, humanization, brand, duplication, LinkedIn fit","Reflects the guide's compounding error cycle across billing, subsidy, reporting, and compliance."
57,2026-05-09,15:00,2026-05-09T20:00:00.000Z,LinkedIn company page,cmorpckmz03sbqi0yay2i3ds6,Daily operations,Operator reminder,"Same-day verification is a habit, not a paperwork preference.

When signatures or electronic confirmations are added days later, the record becomes weaker. It may still describe what happened, but it no longer shows the same clean chain from care delivered to documentation captured.

For directors, the operational goal is simple:

Resolve missing attendance details before the day closes.

Tomorrow's memory is not as strong as today's record.",apps/site/src/content/guides/ccdf-attendance-documentation-requirements.md,https://pebbledesk.app/resources/guides/ccdf-attendance-documentation-requirements/,"writer self-reviewed: truth, source, humanization, brand, duplication, LinkedIn fit",Grounded in the guide's warning about retroactive signatures and same-day verification.
58,2026-05-09,16:00,2026-05-09T21:00:00.000Z,LinkedIn company page,cmorpckmz03sbqi0yay2i3ds6,Parent communication and trust,Conversation starter,"A practical question for childcare directors:

When a family questions a charge, where do you look first?

The billing screen may show the amount. But the attendance record explains the day behind the amount: arrival, departure, absence, room movement, and who verified pickup.

Good records do not prevent every parent question.

They do make the answer easier to find, easier to explain, and less dependent on whoever remembers that afternoon.",apps/site/src/content/features/attendance-tracking.md,https://pebbledesk.app/features/attendance-tracking/,"writer self-reviewed: truth, source, humanization, brand, duplication, LinkedIn fit",Invites operator reflection while staying specific to parent billing questions.
59,2026-05-09,17:00,2026-05-09T22:00:00.000Z,LinkedIn company page,cmorpckmz03sbqi0yay2i3ds6,Subsidy billing and reimbursement,Practical tip,"Authorized hours are easy to miss when attendance and billing live apart.

A child arrives early.
A pickup runs late.
A schedule changes for one week.

If the subsidy authorization is tracked somewhere else, the billing risk may not show up until reconciliation.

Attendance records are stronger when they can be checked against the authorization while the month is still open, not after the claim is already submitted.",apps/site/src/content/listicles/best-childcare-attendance-software.md,https://pebbledesk.app/resources/best/best-childcare-attendance-software/,"writer self-reviewed: truth, source, humanization, brand, duplication, LinkedIn fit",Uses the listicle's authorized-hours and subsidy billing discussion in an operational scenario.
60,2026-05-09,18:00,2026-05-09T23:00:00.000Z,LinkedIn company page,cmorpckmz03sbqi0yay2i3ds6,Audit-ready operations,End-of-day reflection,"The end-of-day attendance question is not just ""Did everyone get checked out?""

It is:

Can we explain every child who was present?
Can we explain every child who was absent?
Can billing use the same record?
Can licensing see room context?
Can a parent question be answered without digging through paper?

That is the difference between attendance capture and attendance records.

One happens at the door. The other protects the director later.",apps/site/src/content/features/attendance-tracking.md,https://pebbledesk.app/features/attendance-tracking/,"writer self-reviewed: truth, source, humanization, brand, duplication, LinkedIn fit",Closes the day with a concrete end-of-day record review tied to the theme.
61,2026-05-10,04:00,2026-05-10T09:00:00.000Z,LinkedIn company page,cmorpckmz03sbqi0yay2i3ds6,Staff scheduling and ratio coverage,Practical tip,"A childcare staff schedule is not just a calendar.

It is a ratio plan.

That means the highest-risk parts of the day are often not the longest shifts. They are the small handoffs:

- 7:15, when the second teacher is not in yet but arrivals are picking up
- 12:45, when breaks start and the toddler room still needs coverage
- 4:30, when one teacher leaves before the last pickup wave is done

If you are reviewing next week's schedule, try looking at it in 15-minute blocks instead of full shifts.

Ask: where could one late arrival, one break, or one early departure put a room out of ratio?

That question catches problems a general scheduling calendar will miss.",apps/site/src/content/guides/staff-scheduling-for-childcare-centers.md,https://pebbledesk.app/resources/guides/staff-scheduling-for-childcare-centers/,"writer self-reviewed: truth, source, humanization, brand, duplication, LinkedIn fit","Opens the day by reframing scheduling as ratio protection, directly sourced from the guide's central point."
62,2026-05-10,05:00,2026-05-10T10:00:00.000Z,LinkedIn company page,cmorpckmz03sbqi0yay2i3ds6,Staff credentials and inspection readiness,Risk reminder,"The staff credential binder can look organized and still fail you.

A binder stores documents. It does not remind anyone that CPR expires next month, that a background check renewal needs lead time, or that annual training hours are falling behind.

That is where preventable inspection stress usually starts.

Not because directors do not care.

Because the system is passive.

A stronger credential process answers three questions at any moment:

1. Who is current?
2. What expires next?
3. What documentation would we show if licensing walked in today?

If the answer requires flipping through paper, searching email, and asking staff to resend cards, the tracker needs attention before the inspection does.",apps/site/src/content/features/staff-credentials.md,https://pebbledesk.app/features/staff-credentials/,"writer self-reviewed: truth, source, humanization, brand, duplication, LinkedIn fit",Turns the source's binder problem into a practical LinkedIn risk reminder.
63,2026-05-10,06:00,2026-05-10T11:00:00.000Z,LinkedIn company page,cmorpckmz03sbqi0yay2i3ds6,Hiring and onboarding compliance,Operator insight,"The hardest part of hiring childcare staff is not always finding someone who wants the job.

It is getting from ""we want to hire you"" to ""you can safely and compliantly be counted in ratio.""

That path can include background checks, registry checks, fingerprinting, CPR and first aid documentation, health records, handbook acknowledgments, orientation, and role-specific qualifications.

The pressure to fill a classroom by Monday is real.

But a hiring process that skips documentation does not remove the risk. It moves the risk into the classroom.

Directors need a pipeline, not just a job post:

- candidates in motion before the emergency
- clear pre-day-one requirements
- a checklist that separates ""submitted"" from ""received""
- a record that shows who is ready to be counted in ratio

Hiring is an operations problem. Onboarding is a compliance problem.",apps/site/src/content/guides/childcare-staff-hiring-onboarding-guide.md,https://pebbledesk.app/resources/guides/childcare-staff-hiring-onboarding-guide/,"writer self-reviewed: truth, source, humanization, brand, duplication, LinkedIn fit",Uses onboarding documentation guidance and the risk of counting uncleared staff in ratio.
64,2026-05-10,07:00,2026-05-10T12:00:00.000Z,LinkedIn company page,cmorpckmz03sbqi0yay2i3ds6,Staff scheduling and ratio coverage,Practical tip,"Morning drop-off is where neat schedules meet real life.

Children do not arrive in tidy blocks. A classroom can go from calm to ratio-sensitive in minutes, especially when a second teacher is scheduled for ""around 8"" but families start arriving at 7:35.

One practical scheduling check:

Map your arrivals in 15-minute increments for each room.

Then compare the first staff start time, second staff start time, and floater availability against the actual attendance curve.

You are looking for the first moment the room crosses a ratio threshold, not the hour the schedule looks generally covered.

That small difference can prevent a very avoidable licensing conversation.",apps/site/src/content/guides/staff-scheduling-for-childcare-centers.md,https://pebbledesk.app/resources/guides/staff-scheduling-for-childcare-centers/,"writer self-reviewed: truth, source, humanization, brand, duplication, LinkedIn fit",Focuses on 15-minute arrival mapping and staggered start times from the guide.
65,2026-05-10,08:00,2026-05-10T13:00:00.000Z,LinkedIn company page,cmorpckmz03sbqi0yay2i3ds6,Staff credentials and inspection readiness,Checklist,"A useful staff credential tracker is not complicated.

It just needs to answer the questions licensing and operations both care about:

- Staff name and role
- Active, on leave, or terminated status
- Background check issue and expiration dates
- FBI fingerprint clearance dates, if required
- Child abuse registry check dates
- CPR and first aid expiration dates
- Annual training target and hours completed
- Lead teacher or director qualification records
- Notes for renewals already in progress

The key is ownership.

One director or designated administrator should maintain the master tracker, with backup access for another leader.

When every staff member is expected to track their own paperwork, gaps appear exactly when the center is busiest.",apps/site/src/content/lead-magnets/staff-credential-tracker.md,https://pebbledesk.app/free/staff-credential-tracker/,"writer self-reviewed: truth, source, humanization, brand, duplication, LinkedIn fit",Summarizes tracker fields and ownership guidance from the lead magnet.
66,2026-05-10,09:00,2026-05-10T14:00:00.000Z,LinkedIn company page,cmorpckmz03sbqi0yay2i3ds6,Staff scheduling and ratio coverage,Operator question,"Question for childcare directors:

Do you schedule breaks based on staff convenience, classroom rhythm, or ratio risk?

All three matter. But if ratio risk is not part of the break plan, the day can fall apart in very ordinary ways.

A lead teacher steps out.

The floater is already covering another room.

A few children wake early from nap.

Now the schedule looked fine on paper, but coverage is thin where it matters.

A practical review before publishing the week:

Which rooms need qualified coverage during breaks, and which low-census windows make that easiest?

Break coverage is not a side note. In childcare, it is part of the compliance plan.",apps/site/src/content/guides/staff-scheduling-for-childcare-centers.md,https://pebbledesk.app/resources/guides/staff-scheduling-for-childcare-centers/,"writer self-reviewed: truth, source, humanization, brand, duplication, LinkedIn fit",Applies the source's break coverage and low-census guidance in a discussion-friendly format.
67,2026-05-10,10:00,2026-05-10T15:00:00.000Z,LinkedIn company page,cmorpckmz03sbqi0yay2i3ds6,Staff credentials and inspection readiness,Practical tip,"Same-week credential reminders are usually too late.

If a CPR class needs to be scheduled, a fingerprint appointment is backed up, or a background check renewal is still processing, ""expires Friday"" is not an action plan.

Credential tracking works best when it creates lead time.

For many centers, that means reviewing expirations monthly and flagging:

- anything due within 90 days
- anything due within 30 days
- anything already expired
- training hours that are behind pace for the year

The goal is not to make a prettier spreadsheet.

The goal is to give the director enough time to schedule renewal, arrange coverage, and keep the staff file ready before licensing asks for it.",apps/site/src/content/lead-magnets/staff-credential-tracker.md,https://pebbledesk.app/free/staff-credential-tracker/,"writer self-reviewed: truth, source, humanization, brand, duplication, LinkedIn fit",Uses monthly review and 90/30-day reminder guidance without overstating compliance guarantees.
68,2026-05-10,11:00,2026-05-10T16:00:00.000Z,LinkedIn company page,cmorpckmz03sbqi0yay2i3ds6,Product education,Product positioning,"Scheduling is more useful when it sits close to classroom coverage.

A standalone shift calendar can tell you who is supposed to work.

It usually cannot tell you whether the toddler room gets thin during pickup, whether the floater is double-booked during breaks, or whether a proposed change creates a ratio problem.

PebbleDesk keeps staff scheduling near the daily operations context directors are already managing: rooms, ratios, and compliance follow-up.

That matters because the staffing decision and the compliance consequence are part of the same operating day.

The schedule is not separate from ratio review.

It is one of the inputs.",apps/site/src/content/features/staff-scheduling.md,https://pebbledesk.app/features/staff-scheduling/,"writer self-reviewed: truth, source, humanization, brand, duplication, LinkedIn fit",Accurately reflects PebbleDesk's scheduling positioning without claiming payroll or time-approval features.
69,2026-05-10,12:00,2026-05-10T17:00:00.000Z,LinkedIn company page,cmorpckmz03sbqi0yay2i3ds6,Hiring and onboarding compliance,Checklist,"Before a new childcare staff member works with children, the checklist should distinguish between two very different statuses:

Submitted.

Received.

A background check submitted is not the same as a clearance received.

A CPR class scheduled is not the same as a current card on file.

A training plan discussed is not the same as documented orientation.

That distinction matters because licensing looks for completed records, not good intentions.

For each new hire, directors need a clear record of what is complete before day one with children and what is allowed within the first 30 or 90 days under their state rules.

The safest onboarding process is boring in the best way: clear requirements, one owner, no guessing.",apps/site/src/content/guides/childcare-staff-hiring-onboarding-guide.md,https://pebbledesk.app/resources/guides/childcare-staff-hiring-onboarding-guide/,"writer self-reviewed: truth, source, humanization, brand, duplication, LinkedIn fit",Draws from the source's onboarding documentation section and pre-day-one caution.
70,2026-05-10,13:00,2026-05-10T18:00:00.000Z,LinkedIn company page,cmorpckmz03sbqi0yay2i3ds6,Staff credentials and inspection readiness,Inspection readiness,"During a licensing visit, staff credentials become very concrete.

The question is not ""Do we think everyone is current?""

It is:

Can we show the clearance date?
Can we show the CPR expiration?
Can we show annual training hours?
Can we show director qualification documentation?
Can we find it without searching three inboxes?

PebbleDesk tracks staff credentials by person, including background checks, CPR and first aid dates, training hours, director qualifications, and custom credential types a center needs for its state or program.

That does not replace knowing your licensing rules.

It helps keep the record ready so the director is not rebuilding the file while the inspector waits.",apps/site/src/content/features/staff-credentials.md,https://pebbledesk.app/features/staff-credentials/,"writer self-reviewed: truth, source, humanization, brand, duplication, LinkedIn fit",Product-aware post based on credential types and inspection access described in the feature page.
71,2026-05-10,14:00,2026-05-10T19:00:00.000Z,LinkedIn company page,cmorpckmz03sbqi0yay2i3ds6,Staff scheduling and ratio coverage,Practical tip,"Floaters are not extra staff.

In many childcare centers, they are the difference between a schedule that works on paper and a day that works in classrooms.

A floater covers the fragile moments:

- bathroom breaks
- teacher lunch breaks
- late arrivals
- early departures
- transitions between rooms
- unexpected absences

The useful question is not only ""Do we have a floater?""

It is ""Where is the floater needed most, and when?""

Morning drop-off and afternoon pickup often create the sharpest coverage swings. Infant and toddler rooms can also need tighter protection because ratios are less forgiving.

A strong schedule assigns floater coverage to risk windows, not leftover space.",apps/site/src/content/guides/staff-scheduling-for-childcare-centers.md,https://pebbledesk.app/resources/guides/staff-scheduling-for-childcare-centers/,"writer self-reviewed: truth, source, humanization, brand, duplication, LinkedIn fit",Uses the guide's floater definition and transition window guidance.
72,2026-05-10,15:00,2026-05-10T20:00:00.000Z,LinkedIn company page,cmorpckmz03sbqi0yay2i3ds6,Staff credentials and inspection readiness,Risk reminder,"Training hours can become an inspection problem even when the training happened.

If the certificate was never collected, the hours were never logged, or the topic was not recorded clearly, the center may not be able to prove completion when asked.

That is a frustrating kind of stress because the work was already done.

A simple habit helps:

When staff complete training, require documentation within one week and update the tracker immediately.

Do not save it for the end of the year.

Do not rely on memory.

Do not let certificates sit in separate inboxes.

For compliance records, ""we did it"" is weaker than ""here is where it is documented.""",apps/site/src/content/lead-magnets/staff-credential-tracker.md,https://pebbledesk.app/free/staff-credential-tracker/,"writer self-reviewed: truth, source, humanization, brand, duplication, LinkedIn fit",Covers documented training-hour risk from the common violation patterns section.
73,2026-05-10,16:00,2026-05-10T21:00:00.000Z,LinkedIn company page,cmorpckmz03sbqi0yay2i3ds6,Hiring and onboarding compliance,Operator insight,"The first 90 days of childcare onboarding should not be a sink-or-swim period.

It is where a center protects children, supports the new employee, and builds the documentation trail that licensing may later ask about.

A practical structure:

Days 1-5: required compliance content, emergency procedures, ratio responsibilities, reporting duties, center policies, and a mentor introduction.

Days 6-30: supervised classroom practice with weekly debriefs.

Days 31-60: more independence, but with coaching still visible.

Days 61-90: independent function with support and a documented review.

That structure helps directors catch gaps early.

It also gives new staff a clearer path than ""here is your classroom, good luck.""",apps/site/src/content/guides/childcare-staff-hiring-onboarding-guide.md,https://pebbledesk.app/resources/guides/childcare-staff-hiring-onboarding-guide/,"writer self-reviewed: truth, source, humanization, brand, duplication, LinkedIn fit",Summarizes the source's 90-day onboarding model in LinkedIn-native form.
74,2026-05-10,17:00,2026-05-10T22:00:00.000Z,LinkedIn company page,cmorpckmz03sbqi0yay2i3ds6,Product education,Practical product note,"Credential alerts are most useful when they create time to act.

PebbleDesk lets directors track staff credentials such as background check clearances, CPR and first aid certification, annual training hours, director qualification records, and custom credential types.

It can alert directors before a credential expires, with configurable reminder windows.

The practical value is not the alert itself.

It is what the alert makes possible:

- scheduling recertification before the deadline
- arranging classroom coverage for training time
- starting background check renewal before processing time becomes a problem
- keeping the staff file ready for inspection review

The best compliance tools are calm tools. They move the work earlier.",apps/site/src/content/features/staff-credentials.md,https://pebbledesk.app/features/staff-credentials/,"writer self-reviewed: truth, source, humanization, brand, duplication, LinkedIn fit",Explains credential alert value using the feature page's supported credential and alert details.
75,2026-05-10,18:00,2026-05-10T23:00:00.000Z,LinkedIn company page,cmorpckmz03sbqi0yay2i3ds6,Inspection stress prevention,Closing reflection,"A lot of inspection stress is not caused by surprising rules.

It is caused by ordinary records being hard to prove at the exact moment someone asks for them.

Who was scheduled?
Who was actually covering the room?
Whose CPR is current?
Which new hire clearances are complete?
Who still needs annual training hours?

None of those questions should require a scramble.

For childcare directors, the goal is not perfect paperwork for its own sake.

It is a calmer operating day, where staffing, credentials, and classroom coverage are visible before they become findings.

That is the work PebbleDesk is built around: audit-ready records without the end-of-week scramble.",apps/site/src/content/features/staff-credentials.md,https://pebbledesk.app/features/staff-credentials/,"writer self-reviewed: truth, source, humanization, brand, duplication, LinkedIn fit",Closes the day by tying scheduling and credentials back to PebbleDesk's audit-ready positioning.
76,2026-05-11,04:00,2026-05-11T09:00:00.000Z,LinkedIn company page,cmorpckmz03sbqi0yay2i3ds6,Audit readiness and licensing confidence,Practical tip,"The best time to build your inspection folder is not the night before a licensing visit.

It is the ordinary Tuesday when nothing is on fire.

A useful inspection-ready folder should answer the questions inspectors ask most often:

- Is the license current and posted?
- Who is enrolled today?
- Who is working today?
- Are staff credentials current?
- Can attendance records support the ratio story?
- Can drill logs and emergency plans be found quickly?

The folder does not need to be fancy. It needs to be current.

The quiet test: if an inspector arrived during morning drop-off, could someone place the right records in front of the director in under five minutes?",apps/site/src/content/guides/preparing-for-state-audit-childcare.md,https://pebbledesk.app/resources/guides/preparing-for-state-audit-childcare/,"writer self-reviewed: truth, source, humanization, brand, duplication, LinkedIn fit",Opens the day with the core inspection-folder behavior from the audit preparation guide.
77,2026-05-11,05:00,2026-05-11T10:00:00.000Z,LinkedIn company page,cmorpckmz03sbqi0yay2i3ds6,Ratio compliance,Operator question,"A monthly ratio self-audit does not need to be complicated.

Pick a few ordinary days from the last month and look for the pressure points:

Morning arrival.
Lunch coverage.
Nap transitions.
Outdoor time.
Afternoon pickup.

Those are the windows where staffing plans and real attendance often stop matching neatly.

The question is not only, ""Were we in ratio?""

It is also, ""Could we prove who was present, where they were, and which qualified staff were supervising at that time?""

A ratio issue from three months ago can still matter during an annual inspection. Monthly review gives directors a chance to catch patterns while they can still fix the operating habit behind them.",apps/site/src/content/guides/preparing-for-state-audit-childcare.md,https://pebbledesk.app/resources/guides/preparing-for-state-audit-childcare/,"writer self-reviewed: truth, source, humanization, brand, duplication, LinkedIn fit",Uses the source recommendation to audit ratio records monthly and names transition-period risk.
78,2026-05-11,06:00,2026-05-11T11:00:00.000Z,LinkedIn company page,cmorpckmz03sbqi0yay2i3ds6,Staff records and credentials,Practical tip,"Staff files are one of those compliance areas where a center can be doing the right thing and still look unprepared.

The teacher renewed CPR.
The background check cleared.
The training hours were completed.

But the proof is split between a paper folder, an email attachment, a wallet card, and someone's phone.

For monthly self-audits, pull one staff list and check four things for every employee:

- Background check clearance and renewal date
- CPR and First Aid expiration date
- Required training hours and documentation
- Any state-specific credential or health requirement

A single missing document can slow an inspection. An expired credential can become a citation.

The practical goal is simple: one staff member, one complete file, current today.",apps/site/src/content/guides/daycare-licensing-requirements-guide.md,https://pebbledesk.app/resources/guides/daycare-licensing-requirements-guide/,"writer self-reviewed: truth, source, humanization, brand, duplication, LinkedIn fit",Grounded in the licensing guide's staff qualification documentation requirements.
79,2026-05-11,07:00,2026-05-11T12:00:00.000Z,LinkedIn company page,cmorpckmz03sbqi0yay2i3ds6,Audit readiness and licensing confidence,Teaching post,"There are three different review moments childcare directors should prepare for:

1. Licensing inspections
2. Subsidy billing audits
3. Complaint investigations

They are not the same event.

A licensing inspector is usually checking ratios, staff credentials, child files, emergency documentation, and the physical environment.

A subsidy auditor is matching billing claims to attendance, authorization periods, payments, and co-payment documentation.

A complaint investigation is focused on a specific allegation, incident, child, staff member, or practice.

This matters because handing over extra records is not always helpful. The director's job is to understand the review type, produce the requested documentation, and keep staff focused on supervision.

Preparation starts with knowing which folder belongs to which visit.",apps/site/src/content/lead-magnets/state-audit-preparation-toolkit.md,https://pebbledesk.app/free/state-audit-preparation-toolkit/,"writer self-reviewed: truth, source, humanization, brand, duplication, LinkedIn fit",Explains the toolkit's three-audit framework in LinkedIn-native language.
80,2026-05-11,08:00,2026-05-11T13:00:00.000Z,LinkedIn company page,cmorpckmz03sbqi0yay2i3ds6,Emergency preparedness,Checklist,"A fire drill that happened but was not documented can still create a licensing problem.

For emergency preparedness, the drill log is the record inspectors review.

A useful entry captures:

- Date and time
- Drill type
- Number of children present
- Number of staff present
- Time from alarm to headcount confirmed
- Issues found
- Corrective action taken

That last line matters. Real drills surface real issues: a slow exit door, a new staff member unsure of the route, a classroom that needs a clearer headcount routine.

Monthly self-audit idea: review the last 12 months of drill logs and look for gaps, repeated issues, or entries that say too little to prove what happened.",apps/site/src/content/guides/childcare-emergency-preparedness-guide.md,https://pebbledesk.app/resources/guides/childcare-emergency-preparedness-guide/,"writer self-reviewed: truth, source, humanization, brand, duplication, LinkedIn fit",Pulls directly from the emergency preparedness guide's drill documentation requirements.
81,2026-05-11,09:00,2026-05-11T14:00:00.000Z,LinkedIn company page,cmorpckmz03sbqi0yay2i3ds6,Child records and family documentation,Practical tip,"Child files deserve the same monthly attention as ratios.

A clean enrollment file is not just an admin preference. It is what helps staff act quickly during inspection, illness, injury, pickup questions, and emergencies.

For each enrolled child, check:

- Enrollment agreement
- Parent and emergency contacts
- Authorized pickup list
- Immunization record or allowed exemption documentation
- Allergy or medical action plan, if needed
- Emergency medical authorization
- Custody or court order documentation, if applicable

The risk is not only a missing form. The risk is staff relying on outdated information when a child needs care or a caregiver arrives for pickup.

Monthly file review is one of those quiet habits that makes licensing visits less dramatic.",apps/site/src/content/lead-magnets/state-audit-preparation-toolkit.md,https://pebbledesk.app/free/state-audit-preparation-toolkit/,"writer self-reviewed: truth, source, humanization, brand, duplication, LinkedIn fit",Uses the toolkit's universal child documentation checklist with a practical safety framing.
82,2026-05-11,10:00,2026-05-11T15:00:00.000Z,LinkedIn company page,cmorpckmz03sbqi0yay2i3ds6,Licensing operations,Risk callout,"One of the easiest ways to get surprised during a licensing visit is to count the director in ratio when the director is not actually supervising.

Being in the building is not the same as being in ratio.

If the director is in an office handling a parent call, reviewing billing, or pulling files for an inspector, they are not directly supervising children.

This matters most during the busy parts of the day:

- Staff breaks
- Early arrivals
- Late pickups
- Mixed-age grouping
- Lunch coverage

A useful monthly self-audit question: where did our coverage plan depend on a person who was also expected to do administrative work?

That is not a staffing plan. That is a citation waiting for a busy morning.",apps/site/src/content/lead-magnets/licensing-compliance-checklist.md,https://pebbledesk.app/free/licensing-compliance-checklist/,"writer self-reviewed: truth, source, humanization, brand, duplication, LinkedIn fit",Based on the checklist's ratio guidance that directors count only when directly supervising.
83,2026-05-11,11:00,2026-05-11T16:00:00.000Z,LinkedIn company page,cmorpckmz03sbqi0yay2i3ds6,Audit readiness and licensing confidence,Staff briefing,"When an inspector arrives, staff should not have to improvise.

A simple annual briefing can prevent a nervous first five minutes from turning into a messy visit.

Staff should know to:

- Greet the inspector politely
- Notify the director immediately
- Keep supervising children
- Answer direct questions honestly and briefly
- Avoid guessing about records, incidents, or billing
- Let the director handle documentation requests

This is not about hiding information. It is about keeping roles clear.

Teachers keep children safe and supervised. Directors manage the inspection record.

That clarity helps the visit stay calm, accurate, and focused.",apps/site/src/content/lead-magnets/state-audit-preparation-toolkit.md,https://pebbledesk.app/free/state-audit-preparation-toolkit/,"writer self-reviewed: truth, source, humanization, brand, duplication, LinkedIn fit",Adapts the toolkit's staff briefing template without overquoting or inventing policy.
84,2026-05-11,12:00,2026-05-11T17:00:00.000Z,LinkedIn company page,cmorpckmz03sbqi0yay2i3ds6,Emergency preparedness,Practical tip,"Your emergency binder should not live only in the director's office.

During an actual evacuation, the records staff need are the records that travel with the group.

At minimum, the binder should make these items easy to find:

- Current emergency plan
- Evacuation maps
- Staff emergency contacts
- Current child roster
- Child emergency contacts
- Medical alerts and allergy action plans
- Utility shutoff information
- Local emergency and licensing contacts
- Last 12 months of drill logs

Then ask the practical question: if the building could not be re-entered, what information would staff still have in hand?

That is the difference between a binder that passes a desk review and a binder that helps in a real emergency.",apps/site/src/content/guides/childcare-emergency-preparedness-guide.md,https://pebbledesk.app/resources/guides/childcare-emergency-preparedness-guide/,"writer self-reviewed: truth, source, humanization, brand, duplication, LinkedIn fit",Uses the guide's emergency binder contents and second-copy accessibility advice.
85,2026-05-11,13:00,2026-05-11T18:00:00.000Z,LinkedIn company page,cmorpckmz03sbqi0yay2i3ds6,Subsidy billing audit readiness,Teaching post,"If your center accepts subsidy payments, your attendance records are doing two jobs.

They support daily operations.
They support billing claims.

During a subsidy audit, the question is not, ""Did the child usually attend?""

It is more specific:

- Was the child authorized for care on that date?
- Was the child present?
- Do sign-in and sign-out records include the required detail?
- Did the claim match the attendance record?
- Were co-payments handled according to the rules that apply?

This is why subsidy billing records should be organized separately from private-pay billing.

When an auditor asks for a child and a period, the director should not have to rebuild the payment story from scattered attendance sheets, remittance notices, and spreadsheets.",apps/site/src/content/lead-magnets/licensing-compliance-checklist.md,https://pebbledesk.app/free/licensing-compliance-checklist/,"writer self-reviewed: truth, source, humanization, brand, duplication, LinkedIn fit",Grounded in the checklist's subsidy billing requirements and record organization guidance.
86,2026-05-11,14:00,2026-05-11T19:00:00.000Z,LinkedIn company page,cmorpckmz03sbqi0yay2i3ds6,Licensing operations,Practical tip,"Mixed-age rooms can make a slow day feel efficient.

They can also create ratio risk if the room is not staffed for the youngest child present.

That is the monthly audit question:

When rooms were combined during low-enrollment hours, which ratio did we use?

Not the average age.
Not the room's usual age group.
Not the ratio that would apply if the toddler had already gone home.

The youngest child's ratio is often the standard that matters.

This is especially important during early morning and late afternoon coverage, when classrooms combine and staff are watching several transitions at once.

A good ratio log should make those combined-room periods visible.",apps/site/src/content/lead-magnets/licensing-compliance-checklist.md,https://pebbledesk.app/free/licensing-compliance-checklist/,"writer self-reviewed: truth, source, humanization, brand, duplication, LinkedIn fit",Focuses on the checklist's mixed-age ratio warning and common combined-room risk.
87,2026-05-11,15:00,2026-05-11T20:00:00.000Z,LinkedIn company page,cmorpckmz03sbqi0yay2i3ds6,Audit readiness and licensing confidence,Operator question,"A good self-audit is not a hunt for blame.

It is a way to find the fragile parts of the system before a licensing visit finds them for you.

Try asking these once a month:

- Which documents expired or will expire in the next 60 days?
- Which days had the tightest classroom coverage?
- Which child files are missing signatures, immunizations, or pickup updates?
- Which drill logs are missing time, headcount, or corrective action notes?
- Which subsidy records would be hard to match to attendance?

The best outcome is boring: a short list, assigned owners, and fixes completed before the next month starts.

That kind of boring is a gift to a childcare director.",apps/site/src/content/guides/preparing-for-state-audit-childcare.md,https://pebbledesk.app/resources/guides/preparing-for-state-audit-childcare/,"writer self-reviewed: truth, source, humanization, brand, duplication, LinkedIn fit","Synthesizes the source's monthly self-audit habit across ratios, files, drills, and subsidy records."
88,2026-05-11,16:00,2026-05-11T21:00:00.000Z,LinkedIn company page,cmorpckmz03sbqi0yay2i3ds6,Licensing documentation,Risk callout,"Compliance and documentation of compliance are not the same thing.

A center may have maintained ratios.
A teacher may have completed training.
A family may have submitted updated emergency contacts.
A fire drill may have happened on schedule.

But if the record is missing, expired, inaccessible, or impossible to connect to the right date, the inspection conversation changes.

That is why monthly self-audits should focus on proof, not memory.

Can the record show what happened?
Can the director retrieve it quickly?
Can a new assistant director understand it without a long explanation?

Good programs do not need impressive binders. They need ordinary records that survive ordinary scrutiny.",apps/site/src/content/guides/preparing-for-state-audit-childcare.md,https://pebbledesk.app/resources/guides/preparing-for-state-audit-childcare/,"writer self-reviewed: truth, source, humanization, brand, duplication, LinkedIn fit",Uses the guide's distinction between compliant operations and inspection-proof documentation.
89,2026-05-11,17:00,2026-05-11T22:00:00.000Z,LinkedIn company page,cmorpckmz03sbqi0yay2i3ds6,Emergency preparedness,Teaching post,"Reunification procedures are easy to underestimate until there are families arriving at once and staff are managing a stressful pickup location.

The written plan should answer four practical questions:

- Where do families go?
- What is the alternate location if the primary spot is unavailable?
- How does staff verify the adult is authorized for pickup?
- How is each release documented by child, time, and pickup person?

The weak point for many centers is verification.

If the authorized pickup list is only available in the office or only available through a system that requires internet, staff may not have what they need during an evacuation.

A monthly emergency binder check should include the pickup list. Current, accessible, and usable outside the building.",apps/site/src/content/guides/childcare-emergency-preparedness-guide.md,https://pebbledesk.app/resources/guides/childcare-emergency-preparedness-guide/,"writer self-reviewed: truth, source, humanization, brand, duplication, LinkedIn fit",Applies the emergency guide's reunification procedure guidance to monthly binder maintenance.
90,2026-05-11,18:00,2026-05-11T23:00:00.000Z,LinkedIn company page,cmorpckmz03sbqi0yay2i3ds6,Audit readiness and licensing confidence,Soft product positioning,"The end-of-week scramble usually starts long before Friday.

It starts when attendance lives in one place, staff schedules in another, subsidy notes in a spreadsheet, CPR renewal dates in someone's calendar, and inspection reports in a folder no one has opened since last year.

Licensing visits expose those gaps quickly.

The practical standard for childcare admin software is not whether it has a long feature list.

It is whether it helps the director answer real inspection questions without rebuilding the story by hand:

Who was present?
Who was supervising?
Were ratios maintained?
Are staff files current?
Do billing records match attendance?
Can we find the emergency documentation?

Audit-ready records without the end-of-week scramble is not flashy. It is relief.",apps/site/src/content/guides/preparing-for-state-audit-childcare.md,https://pebbledesk.app/resources/guides/preparing-for-state-audit-childcare/,"writer self-reviewed: truth, source, humanization, brand, duplication, LinkedIn fit",Closes with PebbleDesk positioning while staying grounded in the audit guide's documentation system theme.
91,2026-05-12,04:00,2026-05-12T09:00:00.000Z,LinkedIn company page,cmorpckmz03sbqi0yay2i3ds6,CACFP documentation readiness,Practical tip,"CACFP records usually do not fall apart because the center served the wrong lunch.

They fall apart because the record cannot prove the right meal was served to the right children on the right day.

That means the useful question for directors is not only ""What are we serving?""

It is:

Can we show who was present?
Can we show who received the meal?
Can we show the age group?
Can we show the menu components?
Can we show the eligibility documentation behind the claim?

If those answers live in different binders, exports, and spreadsheets, claim prep becomes detective work.

A review-ready CACFP habit starts during meal service, not at the end of the month.",apps/site/src/content/guides/cacfp-food-program-compliance-guide.md,https://pebbledesk.app/resources/guides/cacfp-food-program-compliance-guide/,"writer self-reviewed: truth, source, humanization, brand, duplication, LinkedIn fit",Sets the day's practical compliance frame around documentation proof rather than food quality.
92,2026-05-12,05:00,2026-05-12T10:00:00.000Z,LinkedIn company page,cmorpckmz03sbqi0yay2i3ds6,Meal count accuracy,Operator reminder,"A CACFP meal count is not an enrollment count.

It is not a classroom roster.

It is not yesterday's average with a quick adjustment.

It is a point-of-service record of meals actually served to children who are present.

That distinction matters because reconstructed counts are one of the first places a reviewer can spot risk. If attendance says 18 children were present and the lunch count says 20, the center has to explain the gap.

The safest habit is plain and repeatable: count during the meal, by meal type and age group, before the children leave the table.

Small daily discipline beats a long month-end reconstruction every time.",apps/site/src/content/guides/cacfp-food-program-compliance-guide.md,https://pebbledesk.app/resources/guides/cacfp-food-program-compliance-guide/,"writer self-reviewed: truth, source, humanization, brand, duplication, LinkedIn fit",Highlights the source-backed point-of-service requirement and the risk of enrollment-based counts.
93,2026-05-12,06:00,2026-05-12T11:00:00.000Z,LinkedIn company page,cmorpckmz03sbqi0yay2i3ds6,Claim reimbursement operations,Monthly checklist,"Before a CACFP claim goes out, one simple reconciliation can catch a lot of trouble:

For each day, compare meal counts to attendance.

If 15 children were present at lunch, the lunch claim should not show 16 meals.

Then check the second layer:

Do Tier 1 children have current eligibility documentation?
Do menus show the required components?
Were substitutions recorded as served?
Was the claim prepared from daily records, not memory?

This does not need to become a dramatic end-of-month event. It works best as a quiet monthly close, built from records staff already captured during the month.

CACFP claim prep is much less stressful when the daily record has been doing its job all along.",apps/site/src/content/guides/cacfp-claim-reimbursement-guide.md,https://pebbledesk.app/resources/guides/cacfp-claim-reimbursement-guide/,"writer self-reviewed: truth, source, humanization, brand, duplication, LinkedIn fit",Turns the claim guide's reconciliation steps into a LinkedIn-native monthly habit.
94,2026-05-12,07:00,2026-05-12T12:00:00.000Z,LinkedIn company page,cmorpckmz03sbqi0yay2i3ds6,Director leadership,Staff coaching prompt,"A useful CACFP training question for meal staff:

""Could someone else understand this meal record six months from now?""

Not just the person who served snack today.
Not just the director who knows the classroom rhythm.
A reviewer, sponsor, or new administrator looking at the file cold.

That standard changes the record.

""Snack served"" is not enough.
A count without attendance support is not enough.
A planned menu that ignores the actual substitution is not enough.

CACFP documentation has to travel through time. The record should explain the day clearly even after everyone has forgotten the details.",apps/site/src/content/lead-magnets/cacfp-compliance-checklist.md,https://pebbledesk.app/free/cacfp-compliance-checklist/,"writer self-reviewed: truth, source, humanization, brand, duplication, LinkedIn fit",Uses the checklist's review-readiness requirements as a staff training lens.
95,2026-05-12,08:00,2026-05-12T13:00:00.000Z,LinkedIn company page,cmorpckmz03sbqi0yay2i3ds6,Menu documentation,Compliance tip,"Menu substitutions are normal in childcare.

A delivery is short. A child allergy plan needs attention. The kitchen swaps one fruit for another.

The CACFP risk is not the substitution itself. The risk is leaving the record as if the original menu happened.

If the posted menu says peaches and the children received applesauce, the documentation should say applesauce. The record should also preserve the required meal pattern components for the age group served.

That small note protects the center later.

A reviewer is not asking whether the day was perfect. They are asking whether the records match what actually happened.",apps/site/src/content/guides/cacfp-food-program-compliance-guide.md,https://pebbledesk.app/resources/guides/cacfp-food-program-compliance-guide/,"writer self-reviewed: truth, source, humanization, brand, duplication, LinkedIn fit",Focuses on menu-as-served documentation and substitution handling.
96,2026-05-12,09:00,2026-05-12T14:00:00.000Z,LinkedIn company page,cmorpckmz03sbqi0yay2i3ds6,Eligibility documentation,Risk spotlight,"Tier 1 CACFP reimbursement depends on documentation, not good intentions.

If a child's income eligibility form is missing, incomplete, or expired, the center may not have the support it needs for the higher rate.

That is why eligibility renewals belong on the administrative calendar, not in a pile for claim week.

A practical monthly habit:

Look 30 days ahead.
Flag forms that will expire soon.
Ask families early.
Reclassify carefully when documentation is not current.
Keep the effective dates visible.

The goal is not paperwork for paperwork's sake. It is making sure the reimbursement claim can be explained clearly when someone reviews it.",apps/site/src/content/guides/cacfp-claim-reimbursement-guide.md,https://pebbledesk.app/resources/guides/cacfp-claim-reimbursement-guide/,"writer self-reviewed: truth, source, humanization, brand, duplication, LinkedIn fit",Covers Tier 1 documentation and renewal tracking without overpromising.
97,2026-05-12,10:00,2026-05-12T15:00:00.000Z,LinkedIn company page,cmorpckmz03sbqi0yay2i3ds6,CACFP software evaluation,Buyer education,"When evaluating childcare software for CACFP, ask more than ""Does it track meals?""

Ask:

Are counts recorded at point of service?
Are counts tied to attendance, not just activity notes?
Can meal records be broken down by age group and meal type?
Can menus show required components and substitutions?
Can income eligibility documentation be tracked with the child record?
Can a monthly claim summary be produced without rebuilding the month in a spreadsheet?

Meal logging is helpful for family updates.

CACFP documentation has a higher bar.

The difference shows up when a director has to support a claim under review.",apps/site/src/content/listicles/best-childcare-software-cacfp-tracking.md,https://pebbledesk.app/resources/best/best-childcare-software-cacfp-tracking/,"writer self-reviewed: truth, source, humanization, brand, duplication, LinkedIn fit",Translates the listicle's comparison criteria into practical buying questions.
98,2026-05-12,11:00,2026-05-12T16:00:00.000Z,LinkedIn company page,cmorpckmz03sbqi0yay2i3ds6,Product education,Soft product post,"The reason PebbleDesk ties CACFP meal counts to attendance is simple:

Those records have to agree later.

If attendance lives in one place and meal counts live in a separate paper log, the director eventually has to prove the same day twice.

Who was present?
Who received breakfast, lunch, or snack?
Which age group applied?
What menu was served?

PebbleDesk is built so meal participation is recorded alongside the daily attendance record, with monthly reports organized by meal type and age group.

That does not replace a center's responsibility to follow CACFP rules. It does make the record easier to maintain while the day is actually happening.",apps/site/src/content/features/cacfp-tracking.md,https://pebbledesk.app/features/cacfp-tracking/,"writer self-reviewed: truth, source, humanization, brand, duplication, LinkedIn fit","Explains PebbleDesk's CACFP feature in a compliance-first, non-overpromising way."
99,2026-05-12,12:00,2026-05-12T17:00:00.000Z,LinkedIn company page,cmorpckmz03sbqi0yay2i3ds6,Annual review preparation,Self-audit prompt,"Try this CACFP readiness test before the reviewer asks.

Pick one random week from three months ago.

Can you pull the meal count records quickly?
Can you pull the menus for the same week?
Can you confirm attendance for those days?
Can you show current eligibility documentation for children claimed at Tier 1?
Can you explain any menu substitutions?

If the answer is yes, your records are probably organized enough to reduce the scramble.

If the answer is no, the problem is not one missing form. It is the filing system asking the director to become an investigator under pressure.

Better to find that out on a calm Tuesday than during an annual review.",apps/site/src/content/lead-magnets/cacfp-compliance-checklist.md,https://pebbledesk.app/free/cacfp-compliance-checklist/,"writer self-reviewed: truth, source, humanization, brand, duplication, LinkedIn fit",Adapts the checklist's quarterly documentation readiness test for LinkedIn.
100,2026-05-12,13:00,2026-05-12T18:00:00.000Z,LinkedIn company page,cmorpckmz03sbqi0yay2i3ds6,Claim timing and cash planning,Finance operations note,"CACFP reimbursement is valuable, but it is not same-month cash.

Most centers receive payment after the claim is submitted and reviewed, often 30 to 60 days after submission.

That lag matters for budgeting.

Meal costs happen now. Reimbursement usually follows later. If a claim is delayed because attendance, eligibility, or menu records need clarification, the payment timeline can stretch further.

A cleaner claim record supports two things at once:

Fewer follow-up questions.
Better visibility into expected reimbursement.

For directors, CACFP documentation is not only a compliance file. It is part of how the center protects cash planning.",apps/site/src/content/guides/cacfp-claim-reimbursement-guide.md,https://pebbledesk.app/resources/guides/cacfp-claim-reimbursement-guide/,"writer self-reviewed: truth, source, humanization, brand, duplication, LinkedIn fit",Uses the claim guide's reimbursement timing guidance to connect compliance to operations.
101,2026-05-12,14:00,2026-05-12T19:00:00.000Z,LinkedIn company page,cmorpckmz03sbqi0yay2i3ds6,Staff process reliability,Practical tip,"One CACFP practice worth protecting: the person counting meals should be clearly identified before service starts.

When everyone is responsible, the record can become nobody's job.

The checklist is simple:

Meal count sheet or digital record ready.
Assigned staff member knows the count point.
Age groups are clear.
Children are counted only when they receive the required components.
Substitutions are documented after service.
Record is filed where the director can find it later.

This is not glamorous administrative work.

It is the kind of sturdy routine that keeps a claim from depending on memory.",apps/site/src/content/lead-magnets/cacfp-compliance-checklist.md,https://pebbledesk.app/free/cacfp-compliance-checklist/,"writer self-reviewed: truth, source, humanization, brand, duplication, LinkedIn fit",Pulls from daily checklist guidance about assigned meal count responsibility and record filing.
102,2026-05-12,15:00,2026-05-12T20:00:00.000Z,LinkedIn company page,cmorpckmz03sbqi0yay2i3ds6,Disallowance prevention,Risk spotlight,"A CACFP disallowance does not have to mean the whole claim was wrong.

Sometimes it is a specific meal count that is not supported.
Sometimes it is one expired eligibility form.
Sometimes it is a menu record that does not show the required components.
Sometimes it is a count that exceeds attendance for that day.

But even partial disallowances matter. They reduce reimbursement and can invite closer review of future claims.

The prevention is plain:

Count at point of service.
Keep eligibility current.
Record menus as served.
Reconcile counts to attendance before submission.
Submit by the deadline.

CACFP rewards centers that make the ordinary record boringly complete.",apps/site/src/content/guides/cacfp-claim-reimbursement-guide.md,https://pebbledesk.app/resources/guides/cacfp-claim-reimbursement-guide/,"writer self-reviewed: truth, source, humanization, brand, duplication, LinkedIn fit",Explains disallowance triggers and prevention habits from the claim guide.
103,2026-05-12,16:00,2026-05-12T21:00:00.000Z,LinkedIn company page,cmorpckmz03sbqi0yay2i3ds6,Integrated compliance records,Product education,"CACFP, attendance, and ratio records are not the same requirement.

But in a real childcare center, they describe the same day.

Who was present?
Which classroom were they in?
Were ratios covered?
Who received meals?
What was claimed?

When those records are separated, directors spend time making them agree after the fact.

PebbleDesk's CACFP tracking is designed around the daily attendance record so meal counts, age groups, menus, and monthly claim summaries are connected to the child records already used for compliance.

The practical benefit is not flashier reporting.

It is less rebuilding of the story when a sponsor, state agency, or licensing reviewer asks for the record.",apps/site/src/content/features/cacfp-tracking.md,https://pebbledesk.app/features/cacfp-tracking/,"writer self-reviewed: truth, source, humanization, brand, duplication, LinkedIn fit",Connects CACFP tracking to PebbleDesk's broader audit-ready positioning.
104,2026-05-12,17:00,2026-05-12T22:00:00.000Z,LinkedIn company page,cmorpckmz03sbqi0yay2i3ds6,Record retention,Compliance reminder,"CACFP record retention is easy to underestimate.

Meal counts, menus, income eligibility forms, attendance records, monthly claims, and training records all need to remain available for review.

The guide recommendation is practical: keep CACFP records for at least three years after the relevant federal fiscal year, and longer if an audit or finding is still open. When in doubt, many centers choose a five-year retention habit.

The hard part is not only keeping the records.

It is finding the exact week, child, meal type, or menu when someone asks.

Retention without retrieval still creates a director scramble.",apps/site/src/content/lead-magnets/cacfp-compliance-checklist.md,https://pebbledesk.app/free/cacfp-compliance-checklist/,"writer self-reviewed: truth, source, humanization, brand, duplication, LinkedIn fit",Uses the checklist's retention table and makes it operational for directors.
105,2026-05-12,18:00,2026-05-12T23:00:00.000Z,LinkedIn company page,cmorpckmz03sbqi0yay2i3ds6,Director reflection,Meaningful operator question,"End-of-day CACFP question for directors:

If a reviewer asked about today's lunch three months from now, what would your record show?

Not what you remember.
Not what the menu planned.
Not what the roster suggests.

The record.

It should show attendance, meal participation, age group, menu components, substitutions if any, and the eligibility documentation behind the claim.

That is the difference between ""I know we did it right"" and ""I can show how we did it right.""

CACFP administration gets lighter when proof is captured during the day instead of reconstructed after the month closes.",apps/site/src/content/guides/cacfp-food-program-compliance-guide.md,https://pebbledesk.app/resources/guides/cacfp-food-program-compliance-guide/,"writer self-reviewed: truth, source, humanization, brand, duplication, LinkedIn fit",Closes the day with a reflective question anchored in the central CACFP documentation requirement.
106,2026-05-13,04:00,2026-05-13T09:00:00.000Z,LinkedIn company page,cmorpckmz03sbqi0yay2i3ds6,Enrollment records and daily operations,Practical tip,"Enrollment records are not quiet paperwork.

They decide what happens during the loud parts of the day.

Who can pick up this child?
Which guardian gets the illness call?
What classroom is the child assigned to?
Who receives the invoice?
Is there subsidy eligibility context attached to the file?
Is there an allergy plan staff need to see before snack?

When those answers live in different places, the director becomes the search function. Staff wait. Families get mixed messages. Billing questions take longer than they should.

A clean child file is operating infrastructure.

It gives attendance a reliable roster, billing a clear family record, and pickup decisions a safer place to stand.

Useful morning question:

If a new staff member had to cover the front desk today, could they find the right guardian, pickup, and emergency information without asking three people?",apps/site/src/content/features/enrollment-records.md,https://pebbledesk.app/features/enrollment-records/,"writer self-reviewed: truth, source, humanization, brand, duplication, LinkedIn fit","Opens the day by framing enrollment records as the foundation for attendance, billing, communication, and pickup decisions."
107,2026-05-13,05:00,2026-05-13T10:00:00.000Z,LinkedIn company page,cmorpckmz03sbqi0yay2i3ds6,Authorized pickup and child safety,Risk callout,"Authorized pickup is one of those policies that feels simple until pickup is crowded.

A grandparent arrives.
A parent's phone is off.
A teacher at the door does not recognize the adult.
Another family is waiting behind them.
The child is already reaching for their backpack.

That is not the moment to hunt through enrollment packets or rely on memory.

A strong pickup record should make three things clear:

Who is authorized.
Whether photo ID is required.
Whether any custody or court order documentation changes the answer.

The enrollment agreement template is careful here for a reason: centers should not release a child to someone who is not listed or not authorized in writing, and unfamiliar adults should expect photo ID review.

The practical goal is not to make pickup feel unfriendly.

It is to make the safe answer easy, even at 5:27 PM.",apps/site/src/content/lead-magnets/childcare-enrollment-agreement-template.md,https://pebbledesk.app/free/childcare-enrollment-agreement-template/,"writer self-reviewed: truth, source, humanization, brand, duplication, LinkedIn fit",Uses the enrollment agreement pickup authorization language and turns it into a concrete center risk.
108,2026-05-13,06:00,2026-05-13T11:00:00.000Z,LinkedIn company page,cmorpckmz03sbqi0yay2i3ds6,Guardian records and communication,Operator question,"A useful child file test for directors:

Can your team tell the difference between a guardian, an emergency contact, an authorized pickup person, and a billing contact?

Those roles often overlap.

But they are not always the same person.

A parent may be the billing contact but not the one who usually picks up.
A relative may be authorized for pickup but not allowed to make enrollment decisions.
An emergency contact may be called when guardians cannot be reached, but that does not automatically make them the tuition contact.

When the roles blur, staff have to interpret the family structure under pressure.

Clean guardian records help reduce that guessing. They keep contact, communication, pickup, billing, and subsidy context attached to the child in ways staff can actually use.

The file should answer the question before the front desk has to ask it.",apps/site/src/content/features/enrollment-records.md,https://pebbledesk.app/features/enrollment-records/,"writer self-reviewed: truth, source, humanization, brand, duplication, LinkedIn fit","Builds from the feature page's record structure: guardians, authorized pickup, billing contacts, and subsidy fields."
109,2026-05-13,07:00,2026-05-13T12:00:00.000Z,LinkedIn company page,cmorpckmz03sbqi0yay2i3ds6,Enrollment agreements and family expectations,Teaching post,"A childcare enrollment contract is not just a legal file.

It is an operating tool for the moments families and centers remember differently.

When is tuition due?
Does absence reduce tuition?
What late pickup fee applies?
How much withdrawal notice is required?
What happens if a child becomes ill during the day?
Who is authorized to pick up?

Vague language makes those conversations harder. Specific language gives the director a documented standard to point back to.

The contract guide puts it plainly: many disputes come from clauses that were missing or vague, not from dramatic mistakes.

A practical review today:

Read your enrollment agreement like a parent who is upset about a fee, illness exclusion, or withdrawal notice.

Would the answer still be clear?",apps/site/src/content/guides/childcare-enrollment-contract-guide.md,https://pebbledesk.app/resources/guides/childcare-enrollment-contract-guide/,"writer self-reviewed: truth, source, humanization, brand, duplication, LinkedIn fit",Grounded in the contract guide's point that strong clauses prevent predictable disputes.
110,2026-05-13,08:00,2026-05-13T13:00:00.000Z,LinkedIn company page,cmorpckmz03sbqi0yay2i3ds6,Clean child files and compliance readiness,Practical checklist,"A clean child file should not require a scavenger hunt.

For each enrolled child, directors should be able to find the basics quickly:

- Child's full legal name and date of birth
- Classroom or group assignment
- Guardian contact information
- Emergency contacts
- Authorized pickup list
- Emergency medical treatment authorization
- Immunization record or allowed exemption documentation
- Allergy, medication, or medical condition documentation, if applicable
- Signed enrollment agreement
- Signed parent handbook acknowledgment

Some of these records support licensing. Some support safety. Some prevent billing and family communication confusion.

Together, they answer the ordinary question behind many stressful moments:

What does the center know about this child, and can staff act on it today?

If the answer lives across binders, inboxes, and memory, the file is not really clean yet.",apps/site/src/content/lead-magnets/parent-handbook-template.md,https://pebbledesk.app/free/parent-handbook-template/,"writer self-reviewed: truth, source, humanization, brand, duplication, LinkedIn fit",Uses the parent handbook enrollment requirements and pickup/health sections to make a practical child-file checklist.
111,2026-05-13,09:00,2026-05-13T14:00:00.000Z,LinkedIn company page,cmorpckmz03sbqi0yay2i3ds6,Enrollment records and product education,Product education,"A roster is not the same thing as an enrollment record.

A roster says which children are enrolled.

A usable enrollment record connects the details that daily care depends on:

Children.
Guardians.
Classrooms.
Authorized pickup.
Billing contacts.
Subsidy eligibility context.

That difference matters because attendance, billing, family communication, and compliance questions all start from the same foundation.

If the foundation is messy, every later question takes longer:

Why was this child billed at this rate?
Which guardian should receive the message?
Who approved pickup?
Which classroom should count this child in ratio?

PebbleDesk treats enrollment and records as part of childcare center administration, not as background data entry.

Clean records do not make the day quiet.

They make the day easier to answer for.",apps/site/src/content/features/enrollment-records.md,https://pebbledesk.app/features/enrollment-records/,"writer self-reviewed: truth, source, humanization, brand, duplication, LinkedIn fit",Explains the product feature page without over-promoting or adding unsupported document management claims.
112,2026-05-13,10:00,2026-05-13T15:00:00.000Z,LinkedIn company page,cmorpckmz03sbqi0yay2i3ds6,Parent handbook and policy clarity,Practical tip,"Parent handbooks prevent morning debates when they are specific enough to use.

The most useful sections are the ones staff need during real friction:

Enrollment requirements.
Drop-off and pickup procedures.
Illness policy.
Medication rules.
Emergency procedures.
Communication expectations.
Holiday and closure schedule.
Fee schedule.

A handbook that says ""late pickup fees may apply"" leaves room for argument.

A handbook that states the pickup time, fee amount, billing method, and escalation policy gives staff and families a shared reference.

The same is true for illness exclusion, authorized pickup, custody documentation, and emergency contacts.

Clear policies are not cold.

They are a form of care for the director, the teachers, and the families who need to know what will happen before the stressful moment arrives.",apps/site/src/content/lead-magnets/parent-handbook-template.md,https://pebbledesk.app/free/parent-handbook-template/,"writer self-reviewed: truth, source, humanization, brand, duplication, LinkedIn fit",Uses the parent handbook template sections and its dispute-prevention framing.
113,2026-05-13,11:00,2026-05-13T16:00:00.000Z,LinkedIn company page,cmorpckmz03sbqi0yay2i3ds6,Tuition terms and enrollment contracts,Risk callout,"The tuition section of an enrollment agreement is where many future disputes are either prevented or invited.

Specific beats flexible.

A strong agreement names:

- The weekly or monthly tuition rate
- Whether the child is full-time, part-time, or before/after care
- The due date
- Accepted payment methods
- Late fee amount and trigger date
- Returned payment fee
- Whether absences reduce tuition
- What happens after non-payment

The contract guide warns against soft phrases like ""late fees may apply"" because they create room for disagreement.

Families deserve clarity before care begins.

Directors deserve a record that still makes sense when a payment conversation becomes uncomfortable.

This is not legal advice. It is an operations habit: write the policy in a way the center can actually follow.",apps/site/src/content/guides/childcare-enrollment-contract-guide.md,https://pebbledesk.app/resources/guides/childcare-enrollment-contract-guide/,"writer self-reviewed: truth, source, humanization, brand, duplication, LinkedIn fit",Turns the guide's tuition clause advice into a practical LinkedIn post while avoiding legal guarantees.
114,2026-05-13,12:00,2026-05-13T17:00:00.000Z,LinkedIn company page,cmorpckmz03sbqi0yay2i3ds6,Operations checklist and record maintenance,Midday reflection,"Child files get stale quietly.

A phone number changes.
A family moves.
A pickup person is removed.
A new allergy plan arrives.
A subsidy eligibility period changes.
A custody order is updated.

No one sets out to keep bad information on file. It just happens when records are only reviewed at enrollment.

The operations checklist recommends a monthly emergency contact review because families change details more often than they remember to tell the center.

That review does not need to be dramatic.

Spot-check a set of child records each month:

Can guardians be reached?
Are emergency contacts current?
Do pickup permissions still match what families expect?
Are health notes current enough for staff to act on?

The best child file is not the thickest one.

It is the one staff can trust today.",apps/site/src/content/guides/childcare-center-operations-checklist.md,https://pebbledesk.app/resources/guides/childcare-center-operations-checklist/,"writer self-reviewed: truth, source, humanization, brand, duplication, LinkedIn fit",Uses the monthly emergency contact review recommendation and ties it to enrollment record hygiene.
115,2026-05-13,13:00,2026-05-13T18:00:00.000Z,LinkedIn company page,cmorpckmz03sbqi0yay2i3ds6,Authorized pickup and custody documentation,Teaching post,"Authorized pickup policies need one sentence directors sometimes wish they never had to say:

A center cannot enforce a custody order it has not been given.

The enrollment agreement template is clear that families should provide current custody orders, restraining orders, or other court orders affecting pickup or contact.

That record belongs where staff can find it when pickup decisions are happening.

Not in a director's memory.
Not buried in an old email.
Not implied because everyone ""knows the situation.""

Pickup is too important for informal knowledge.

The practical habit:

When a family mentions a custody change, ask for the current documentation and update the child file before the next pickup window.

Staff should not have to interpret family law at the classroom door.

They should have a current record and a clear center policy.",apps/site/src/content/lead-magnets/childcare-enrollment-agreement-template.md,https://pebbledesk.app/free/childcare-enrollment-agreement-template/,"writer self-reviewed: truth, source, humanization, brand, duplication, LinkedIn fit","Source-backed custody-order pickup guidance, careful not to give legal advice beyond operational recordkeeping."
116,2026-05-13,14:00,2026-05-13T19:00:00.000Z,LinkedIn company page,cmorpckmz03sbqi0yay2i3ds6,Health records and enrollment documentation,Practical checklist,"Health records should be reviewed before they become urgent.

For each enrolled child, check whether the file includes what staff would need during the care day:

Current immunization record or allowed exemption documentation.
Emergency medical treatment authorization.
Allergy documentation, if applicable.
Medication authorization, if medication may be administered.
Original medication container and labeling expectations in policy.
Return-to-care expectations after illness.
Emergency contacts who can actually be reached.

The enrollment agreement template includes health requirements because these records are not just administrative.

They affect whether a child can begin care, how staff respond to illness, and what happens when a guardian cannot be reached during an emergency.

A clean health section is not about thicker files.

It is about fewer pauses when staff need to act.",apps/site/src/content/lead-magnets/childcare-enrollment-agreement-template.md,https://pebbledesk.app/free/childcare-enrollment-agreement-template/,"writer self-reviewed: truth, source, humanization, brand, duplication, LinkedIn fit","Uses the template's health, immunization, medication, and emergency authorization sections."
117,2026-05-13,15:00,2026-05-13T20:00:00.000Z,LinkedIn company page,cmorpckmz03sbqi0yay2i3ds6,Enrollment status and roster accuracy,Operator question,"Does your roster clearly show where each child actually stands?

Active.
Waitlist.
Withdrawn.

Those statuses sound basic until the center gets busy.

A child starts part-time.
A family asks to hold a spot.
A waitlisted family calls again.
A withdrawn child still appears in a billing export.
A classroom count includes a child who has not started yet.

Record status affects attendance, classroom assignment, billing, communication, and reporting.

PebbleDesk supports active, waitlist, and withdrawn status so the file reflects the child's real place in the center.

That may not be flashy.

But it is the kind of record clarity that prevents small roster mistakes from becoming larger operational confusion.

A useful weekly check: compare your active roster against classroom assignments and upcoming start dates.",apps/site/src/content/features/enrollment-records.md,https://pebbledesk.app/features/enrollment-records/,"writer self-reviewed: truth, source, humanization, brand, duplication, LinkedIn fit","Uses the feature page FAQ on active, waitlist, and withdrawn status."
118,2026-05-13,16:00,2026-05-13T21:00:00.000Z,LinkedIn company page,cmorpckmz03sbqi0yay2i3ds6,Enrollment contract review and policy upkeep,Director habit,"Enrollment agreements should not age silently.

Rates change.
Late pickup policies change.
Operating hours change.
Illness guidance changes.
Payment methods change.
Withdrawal notice expectations change.

The enrollment agreement template recommends annual review and updated signatures when significant changes are made.

That matters because families should not be held to terms they never agreed to.

A practical annual review can be simple:

Read the agreement next to your current parent handbook, tuition schedule, and daily practice.

Do they match?

If the contract says one thing, the handbook says another, and the director explains a third version during enrollment, the center is planting the next dispute before the child even starts.

Clean records include clean policy history.",apps/site/src/content/lead-magnets/childcare-enrollment-agreement-template.md,https://pebbledesk.app/free/childcare-enrollment-agreement-template/,"writer self-reviewed: truth, source, humanization, brand, duplication, LinkedIn fit",Uses the template FAQ about annual agreement review and new signatures for significant changes.
119,2026-05-13,17:00,2026-05-13T22:00:00.000Z,LinkedIn company page,cmorpckmz03sbqi0yay2i3ds6,Daily closeout and record trust,End-of-day checklist,"Before pickup ends today, try a five-minute child file trust check.

Choose one classroom and ask:

Can staff identify each child's authorized pickup adults?
Are unfamiliar adults expected to show photo ID?
Are emergency contacts current enough to use?
Are allergy or medication notes visible to the people who need them?
Does the roster match who is actually active in the room?
Are any guardian or pickup changes waiting in an inbox instead of the file?

This is not about catching staff out.

It is about finding the places where the record is asking people to remember too much.

The safer system is the one where staff can follow the file, the file reflects the family, and the director does not have to rebuild the truth at the end of the day.",apps/site/src/content/guides/childcare-center-operations-checklist.md,https://pebbledesk.app/resources/guides/childcare-center-operations-checklist/,"writer self-reviewed: truth, source, humanization, brand, duplication, LinkedIn fit",Adapts daily and monthly operations checklist thinking to child-file maintenance at pickup time.
120,2026-05-13,18:00,2026-05-13T23:00:00.000Z,LinkedIn company page,cmorpckmz03sbqi0yay2i3ds6,Enrollment records and operational relief,Closing thought,"Clean enrollment records do not remove the human parts of childcare administration.

Directors will still have hard conversations.
Families will still forget to update phone numbers.
Pickup will still get busy.
Illness calls will still interrupt the plan.
Billing questions will still happen.

But clean child files give the center a steadier place to work from.

The guardian record is current.
The authorized pickup list is clear.
The billing contact is attached.
The classroom assignment matches reality.
The health documentation is findable.
The enrollment status is not a guess.

That is the work PebbleDesk is built to support: children, guardians, classrooms, authorized pickup, billing contacts, and subsidy context kept close to the daily records directors rely on.

Audit-ready records often start before attendance begins.

They start with a child file staff can trust.",apps/site/src/content/features/enrollment-records.md,https://pebbledesk.app/features/enrollment-records/,"writer self-reviewed: truth, source, humanization, brand, duplication, LinkedIn fit",Closes the day by tying enrollment record structure to the core PebbleDesk promise without overstating compliance outcomes.
121,2026-05-14,04:00,2026-05-14T09:00:00.000Z,LinkedIn company page,cmorpckmz03sbqi0yay2i3ds6,Incident reports and licensing documentation,Practical tip,"Incident reports are not just forms.

They are the record that helps a director answer three hard questions later:

What happened?
Who was present?
How did we respond and communicate with the family?

The risk is rarely that a childcare center never documents anything. The more common risk is that the report is incomplete, written too late, or stored somewhere separate from the child's file.

A strong incident record should be easy to connect back to the child, classroom, staff present, action taken, and parent notification.

That matters during licensing review.

It also matters when a parent has a follow-up question two weeks later and the director should not have to reconstruct the day from memory, hallway conversations, and a paper form in the wrong folder.",apps/site/src/content/guides/childcare-incident-report-documentation.md,https://pebbledesk.app/resources/guides/childcare-incident-report-documentation/,"writer self-reviewed: truth, source, humanization, brand, duplication, LinkedIn fit","Opens the day with the core documentation risk: incomplete, late, or disconnected incident reports."
122,2026-05-14,05:00,2026-05-14T10:00:00.000Z,LinkedIn company page,cmorpckmz03sbqi0yay2i3ds6,Incident reports and child files,Operator question,"A useful incident-reporting question for directors:

If licensing asked for every incident report tied to one child, how long would it take to produce the file?

Not the general incident binder.
Not a folder sorted by month.
Not the spreadsheet where someone tracks weekly counts.

The child's actual incident history.

When reports stay attached to the child file, the director can review the record in context:

Enrollment details.
Classroom.
Incident date and time.
Staff present.
Action taken.
Parent notification.
Follow-up notes.

That structure does not make incidents less serious. It makes the record easier to understand, easier to retrieve, and easier to review without turning the office into a filing-cabinet search.",apps/site/src/content/features/incident-reporting.md,https://pebbledesk.app/features/incident-reporting/,"writer self-reviewed: truth, source, humanization, brand, duplication, LinkedIn fit",Uses the feature page's child-file attachment and inspection retrieval positioning.
123,2026-05-14,06:00,2026-05-14T11:00:00.000Z,LinkedIn company page,cmorpckmz03sbqi0yay2i3ds6,Parent communication and trust,Parent communication note,"Parent notification is not the same thing as an incident report.

Notification is the conversation.
The incident report is the record of that conversation.

Both matter.

A parent should know what happened, what staff observed, what action was taken, and how the child was doing afterward. The center should also record when the parent was contacted, which method was used, and who was reached.

That distinction protects clarity on both sides.

Parents do not want vague reassurance.
Directors do not want a missing communication trail.
Staff do not need to guess later about whether someone already called.

A simple habit helps: after the child is safe and the immediate response is handled, document the parent contact as part of the same incident record.",apps/site/src/content/guides/childcare-incident-report-documentation.md,https://pebbledesk.app/resources/guides/childcare-incident-report-documentation/,"writer self-reviewed: truth, source, humanization, brand, duplication, LinkedIn fit",Reframes the guide's parent notification section into a practical LinkedIn post.
124,2026-05-14,07:00,2026-05-14T12:00:00.000Z,LinkedIn company page,cmorpckmz03sbqi0yay2i3ds6,Incident reports and staff training,Staff training tip,"A new childcare staff member can care well and still write a weak incident report.

That is a training issue, not a character issue.

Staff need to know what the record should include before the playground fall, bite mark, medication error, or head bump happens.

A practical onboarding review:

What counts as reportable in your state.
What details to capture right away.
How to describe observable facts without guessing.
Who completes the report.
When the director reviews it.
How parent notification is recorded.
Where the final report lives.

The best time to teach incident documentation is not while a teacher is trying to remember whether the fall happened before or after snack.

Train the routine before the routine is needed.",apps/site/src/content/guides/childcare-incident-report-documentation.md,https://pebbledesk.app/resources/guides/childcare-incident-report-documentation/,"writer self-reviewed: truth, source, humanization, brand, duplication, LinkedIn fit",Draws from the guide's staff training recommendation and required report elements.
125,2026-05-14,08:00,2026-05-14T13:00:00.000Z,LinkedIn company page,cmorpckmz03sbqi0yay2i3ds6,Incident reports and same-day documentation,Risk callout,"Incident reports get weaker with every hour that passes.

Not because staff stop caring.

Because childcare days are full.

Another transition happens.
Lunch starts.
A parent calls.
A child needs help.
A teacher switches rooms.
Pickup turns into a line at the front desk.

By the end of the day, the exact time, sequence, staff present, and child's response can blur.

That is why same-day documentation is such a practical standard. Capture a short factual note immediately if needed, then complete the full report before the day is over.

The goal is not to punish staff with paperwork.

The goal is to keep the record close to what staff actually observed.",apps/site/src/content/guides/childcare-incident-report-documentation.md,https://pebbledesk.app/resources/guides/childcare-incident-report-documentation/,"writer self-reviewed: truth, source, humanization, brand, duplication, LinkedIn fit",Uses the guide's two-step immediate note plus same-day report process.
126,2026-05-14,09:00,2026-05-14T14:00:00.000Z,LinkedIn company page,cmorpckmz03sbqi0yay2i3ds6,Product education and connected records,Product education,"The point of digital incident reporting is not that the form looks better on a screen.

The point is where the record goes after it is written.

In PebbleDesk, incident reports are tied to the child record. Staff can document what happened, who was present, what action was taken, and how the parent was notified. The report stays attached to the child file and can be searched by child, date range, and incident type.

That matters because directors rarely need incident reports in isolation.

They need the record connected to the child, the classroom, the family, and the inspection question in front of them.

A paper form can document an incident.

A connected record makes the documentation easier to find when it counts.",apps/site/src/content/features/incident-reporting.md,https://pebbledesk.app/features/incident-reporting/,"writer self-reviewed: truth, source, humanization, brand, duplication, LinkedIn fit",Product-aware post grounded in the incident reporting feature page without overpromising compliance.
127,2026-05-14,10:00,2026-05-14T15:00:00.000Z,LinkedIn company page,cmorpckmz03sbqi0yay2i3ds6,Incident reports and licensing inspections,Inspection prep,"During an inspection, the hard part is not always whether the incident report exists.

Sometimes the hard part is proving it quickly.

Licensing may ask for incident records across a date range, for a specific child, or for a specific incident type. If those reports live in paper stacks, classroom folders, scanned PDFs, and someone's email, the director becomes the search engine.

That is a fragile place to be.

A better structure lets the director filter and produce the record without rebuilding the trail:

Child.
Date.
Incident type.
Staff present.
Parent notification.
Action taken.
Exportable report when needed.

Good recordkeeping does not make inspection questions disappear.

It makes the answers less dependent on memory and filing luck.",apps/site/src/content/features/incident-reporting.md,https://pebbledesk.app/features/incident-reporting/,"writer self-reviewed: truth, source, humanization, brand, duplication, LinkedIn fit",Turns the feature page's searchable inspection retrieval benefit into an operational post.
128,2026-05-14,11:00,2026-05-14T16:00:00.000Z,LinkedIn company page,cmorpckmz03sbqi0yay2i3ds6,Parent communication and compliance fit,Software selection advice,"Parent communication matters in childcare software.

Families want updates.
Staff need a clear way to send information.
Directors need communication that does not scatter across texts, sticky notes, hallway comments, and inboxes.

But parent communication should not be the only software question.

A polished parent app is useful. It does not replace ratio tracking, attendance records, subsidy billing support, staff records, or licensing documentation.

For directors, the practical question is:

Does communication live close enough to the operating record to be useful later?

If a message relates to an incident, child file, billing note, classroom reminder, or pickup issue, it should not become a separate island.

Parent satisfaction matters.

So does the director's ability to prove what happened.",apps/site/src/content/guides/parent-communication-software-guide.md,https://pebbledesk.app/resources/guides/parent-communication-software-guide/,"writer self-reviewed: truth, source, humanization, brand, duplication, LinkedIn fit",Uses the guide's communication-versus-compliance framing while tying back to incident records.
129,2026-05-14,12:00,2026-05-14T17:00:00.000Z,LinkedIn company page,cmorpckmz03sbqi0yay2i3ds6,Incident reports and record quality,Documentation checklist,"A vague incident report creates work later.

""Child fell on playground. Ice given. Parent told.""

That may feel complete in the moment, but it leaves too many questions open.

A stronger report answers:

What time did it happen?
Where exactly did it happen?
What was the child doing?
Who was supervising?
What did staff observe?
Was there a visible injury?
What first aid was provided?
How was the child afterward?
When was the parent notified?
Who received the notification?
Was any follow-up needed?

The goal is factual, not dramatic.

Directors do not need incident reports that sound polished.

They need reports that can be understood later by a parent, inspector, insurance reviewer, or future director who was not there that day.",apps/site/src/content/guides/childcare-incident-report-documentation.md,https://pebbledesk.app/resources/guides/childcare-incident-report-documentation/,"writer self-reviewed: truth, source, humanization, brand, duplication, LinkedIn fit",Converts the guide's required incident report fields into a LinkedIn-native checklist.
130,2026-05-14,13:00,2026-05-14T18:00:00.000Z,LinkedIn company page,cmorpckmz03sbqi0yay2i3ds6,Messaging and honest product scope,Trust-building note,"A small but important product note:

PebbleDesk supports outbound announcements, alerts, and direct messages.

It does not claim to be a full two-way parent inbox today.

That distinction matters for childcare directors choosing software. Messaging can be very useful when it stays close to the child, guardian, classroom, or account record. A closure alert, pickup note, billing reminder, classroom update, or incident follow-up should be easy to send from the place staff are already working.

But buyers deserve clear scope.

If your center needs a full inbound parent reply inbox as the main communication surface, evaluate that directly.

PebbleDesk's messaging fit today is send-first operational communication connected to the record, not a parent-social feed pretending to be compliance software.",apps/site/src/content/features/messaging-alerts.md,https://pebbledesk.app/features/messaging-alerts/,"writer self-reviewed: truth, source, humanization, brand, duplication, LinkedIn fit",Explicitly uses the messaging feature page's supported and unsupported scope to build trust.
131,2026-05-14,14:00,2026-05-14T19:00:00.000Z,LinkedIn company page,cmorpckmz03sbqi0yay2i3ds6,Incident patterns and risk management,Director habit,"One incident report helps explain one event.

A weekly incident log can reveal a pattern.

That distinction matters.

If three reports mention the same outdoor area, transition time, classroom material, or recurring behavior, the director may have a supervision, environment, training, or scheduling issue to review.

Paper incident folders can hide those patterns because each form is treated as finished once a parent signs it.

A practical Friday habit:

Review the week's incident reports.
Look for repeated locations, times, activities, and injury types.
Confirm parent notification was documented.
Confirm follow-up items were completed.
Decide whether staff training, environment changes, or a classroom routine needs attention.

Incident documentation should not only protect the past.

It should help improve next week.",apps/site/src/content/lead-magnets/incident-report-log-template.md,https://pebbledesk.app/free/incident-report-log-template/,"writer self-reviewed: truth, source, humanization, brand, duplication, LinkedIn fit",Uses the lead magnet's weekly incident log and pattern review sections.
132,2026-05-14,15:00,2026-05-14T20:00:00.000Z,LinkedIn company page,cmorpckmz03sbqi0yay2i3ds6,Incident reports and objective language,Writing guidance,"The best incident reports are boring in a very useful way.

They do not guess.
They do not blame.
They do not minimize.
They do not use dramatic language to fill in missing details.

They describe what staff observed.

""Child A fell from the second rung of the climbing structure onto the rubber surface. Staff member Maria applied ice to the child's left knee at 2:45 PM. Child walked without assistance and returned to quiet play after 15 minutes. Parent was notified by phone at 3:05 PM.""

That kind of writing may not feel elegant.

It is much more useful than ""minor playground accident, child was fine.""

When a record may later be read by a parent, inspector, insurance reviewer, or attorney, factual language is the director's friend.",apps/site/src/content/guides/childcare-incident-report-documentation.md,https://pebbledesk.app/resources/guides/childcare-incident-report-documentation/,"writer self-reviewed: truth, source, humanization, brand, duplication, LinkedIn fit",Uses the guide's factual-description guidance while keeping examples original and practical.
133,2026-05-14,16:00,2026-05-14T21:00:00.000Z,LinkedIn company page,cmorpckmz03sbqi0yay2i3ds6,Incident reports and parent expectations,Risk callout,"One of the fastest ways to lose parent trust is not the incident itself.

It is the parent learning about the incident from the child before the center has said anything.

That moment changes the tone of everything that follows.

The parent wonders what else was missed.
The teacher feels defensive.
The director has to calm the situation and verify the facts at the same time.

A better process is plain:

Stabilize the child.
Handle any urgent medical need.
Notify the parent in a factual, calm way.
Document the time and method of that notification.
Complete the incident report while details are fresh.
Keep the report attached to the child's record.

Good parent communication does not mean over-explaining.

It means the family hears from the center clearly, promptly, and with a record to match.",apps/site/src/content/guides/childcare-incident-report-documentation.md,https://pebbledesk.app/resources/guides/childcare-incident-report-documentation/,"writer self-reviewed: truth, source, humanization, brand, duplication, LinkedIn fit",Grounded in the guide's parent notification guidance and complaint-risk framing.
134,2026-05-14,17:00,2026-05-14T22:00:00.000Z,LinkedIn company page,cmorpckmz03sbqi0yay2i3ds6,Incident reports and daily closeout,End-of-day checklist,"Before the last pickup rush swallows the day, incident records deserve a quick closeout check.

For each report, ask:

Is the child's name and classroom clear?
Is the time and location specific?
Does the description stick to observed facts?
Are staff present listed?
Is the injury or no visible injury documented?
Is first aid or other action recorded?
Was parent notification logged with time and method?
Is follow-up assigned if needed?
Is the report attached to the child file?

This should be a short review, not a second shift of paperwork.

The director's goal is simple: no mystery forms, no missing parent contact, no incident record floating away from the child it belongs to.

Tomorrow's audit readiness starts with today's report being complete today.",apps/site/src/content/lead-magnets/incident-report-log-template.md,https://pebbledesk.app/free/incident-report-log-template/,"writer self-reviewed: truth, source, humanization, brand, duplication, LinkedIn fit",Adapts the template fields into an end-of-day operational checklist.
135,2026-05-14,18:00,2026-05-14T23:00:00.000Z,LinkedIn company page,cmorpckmz03sbqi0yay2i3ds6,Audit-ready records and operational relief,Closing thought,"Incident reporting is one of those childcare admin jobs where the small details carry a lot of weight.

The exact time.
The staff present.
The factual description.
The action taken.
The parent notification.
The follow-up.
The child file where the record belongs.

None of that is glamorous.

All of it matters when a parent asks a careful question, when licensing reviews records, or when the director is trying to spot a pattern before it repeats.

PebbleDesk's incident reporting keeps those records attached to the child file, searchable by the details directors actually need, and connected to the parent communication trail.

That is the heart of audit-ready childcare administration:

Not more panic when something happens.

A clearer record of what happened, what staff did, and how the family was informed.",apps/site/src/content/features/incident-reporting.md,https://pebbledesk.app/features/incident-reporting/,"writer self-reviewed: truth, source, humanization, brand, duplication, LinkedIn fit","Closes the day by tying incident reports, child files, communication, and audit-ready records together."
136,2026-05-15,04:00,2026-05-15T09:00:00.000Z,LinkedIn company page,cmorpckmz03sbqi0yay2i3ds6,Tuition billing and center finances,Practical tip,"Tuition rates should not start with, ""What do nearby centers charge?""

That question matters, but it is the second question.

The first question is quieter and more uncomfortable:

What does one enrolled slot actually cost us?

For a childcare center, that means looking at fixed costs like rent, insurance, utilities, base salaries, and software. Then adding variable costs like food, supplies, cleaning materials, and classroom staffing as enrollment changes.

Only after that should a director compare local market rates.

A rate that matches the market but sits below your cost is not competitive. It is a delayed cash flow problem.

A useful Friday exercise:

Pick one classroom. Estimate the monthly cost to operate it at expected enrollment. Then compare that number to the tuition billed for the same children.

If the math only works when every family pays on time and every slot stays full, the billing policy may be carrying more risk than it appears.",apps/site/src/content/guides/how-to-set-daycare-tuition-rates.md,https://pebbledesk.app/resources/guides/how-to-set-daycare-tuition-rates/,"writer self-reviewed: truth, source, humanization, brand, duplication, LinkedIn fit",Opens the day with the source guide's cost-first rate-setting method and connects it to billing risk.
137,2026-05-15,05:00,2026-05-15T10:00:00.000Z,LinkedIn company page,cmorpckmz03sbqi0yay2i3ds6,Rate setting and classroom economics,Teaching post,"Infant tuition is not higher because infant care is ""premium.""

It is higher because the staffing math is different.

An infant room may require far more staff per child than a preschool room. The tuition rate has to reflect that labor reality, or the center quietly asks preschool revenue to cover the gap.

That can work until it doesn't.

If preschool enrollment dips, the cross-subsidy disappears. Then the infant classroom can look full and still run at a loss.

For directors reviewing rates, the practical question is:

Are we pricing each age group based on the cost of that classroom, or are we smoothing the numbers so the fee sheet feels easier to explain?

Families deserve clear, predictable rates. Centers also deserve rates that reflect the care they are staffed and licensed to provide.

A fee schedule is not just a parent communication document.

It is a staffing document in disguise.",apps/site/src/content/guides/how-to-set-daycare-tuition-rates.md,https://pebbledesk.app/resources/guides/how-to-set-daycare-tuition-rates/,"writer self-reviewed: truth, source, humanization, brand, duplication, LinkedIn fit",Uses the guide's age-group pricing section to explain why infant and toddler rates should reflect ratio-driven labor costs.
138,2026-05-15,06:00,2026-05-15T11:00:00.000Z,LinkedIn company page,cmorpckmz03sbqi0yay2i3ds6,Fee policy and family communication,Practical checklist,"A childcare fee policy should remove guesswork before money gets emotional.

The strongest policies answer the ordinary questions families will eventually ask:

When is tuition due?
What happens if payment is late?
How are returned payments handled?
Are registration fees refundable?
How are part-time absences billed?
When do rate changes take effect?
How much notice will families receive?
What happens if an account becomes past due?

This is not about sounding strict.

It is about making the agreement clear while everyone is calm.

Directors often end up in hard conversations because the policy was too soft, too verbal, or too scattered across enrollment forms, emails, and front desk reminders.

A written fee policy gives staff the same answer every time.

That consistency protects the relationship with families, because the director is enforcing a known agreement instead of inventing a rule in the moment.",apps/site/src/content/lead-magnets/childcare-fee-policy-template.md,https://pebbledesk.app/free/childcare-fee-policy-template/,"writer self-reviewed: truth, source, humanization, brand, duplication, LinkedIn fit","Grounded in the template's tuition, additional fees, payment terms, delinquent accounts, and rate-change sections."
139,2026-05-15,07:00,2026-05-15T12:00:00.000Z,LinkedIn company page,cmorpckmz03sbqi0yay2i3ds6,Guardian payments and invoices,Risk callout,"The invoice a family sees should be the invoice the office is using.

That sounds obvious until a charge changes after the first invoice was sent.

A schedule changes.
A late fee is reversed.
A sibling discount is corrected.
A subsidy co-pay is updated.
A one-time fee is added after a field trip.

If the family has an old copy and the office has a newer balance, the conversation starts in confusion instead of payment.

This is why current invoice status matters. Directors need families looking at the latest charge, not a stale PDF sitting in an email thread.

A practical billing check:

When an invoice changes after it was sent, what exactly does the guardian see next?

If the answer depends on someone remembering to send a correction manually, the process is asking a busy office to be perfect.",apps/site/src/content/features/billing-payments.md,https://pebbledesk.app/features/billing-payments/,"writer self-reviewed: truth, source, humanization, brand, duplication, LinkedIn fit",Uses the billing page's claim that PebbleDesk keeps the current invoice version active so families see the latest charge.
140,2026-05-15,08:00,2026-05-15T13:00:00.000Z,LinkedIn company page,cmorpckmz03sbqi0yay2i3ds6,Childcare accounting basics,Teaching post,"A full bank account is not the same as a healthy childcare business.

That difference matters most when tuition collection lags.

A center can appear busy, enrolled, and stable while still carrying past-due balances that do not show up clearly in a cash-basis P&L.

For directors, the monthly finance review should separate three ideas:

Revenue earned.
Cash received.
Tuition still owed.

If those three numbers are treated as one number, the center can miss the early warning signs.

Outstanding tuition is not only a family follow-up task. It affects payroll planning, classroom decisions, subsidy reconciliation, and whether a rate increase is actually solving the right problem.

The practical habit:

Review accounts receivable beside the P&L each month.

The P&L tells one part of the story. The unpaid tuition list tells the part that can quietly drain the week.",apps/site/src/content/guides/childcare-accounting-basics-directors.md,https://pebbledesk.app/resources/guides/childcare-accounting-basics-directors/,"writer self-reviewed: truth, source, humanization, brand, duplication, LinkedIn fit",Adapts the accounting guide's cash versus accrual and outstanding tuition guidance for directors.
141,2026-05-15,09:00,2026-05-15T14:00:00.000Z,LinkedIn company page,cmorpckmz03sbqi0yay2i3ds6,Subsidy billing and family co-pays,Teaching post,"Subsidy billing is not the same job as parent tuition billing.

For a subsidized child, the center may need to track two related balances:

The family co-pay.
The agency reimbursement.

Those two amounts have different payers, different documentation needs, and different follow-up paths.

The mistake is treating the child as either ""paid by subsidy"" or ""paid by family"" and losing the split.

If a voucher covers part of tuition, the remaining co-pay still needs to be billed clearly to the guardian. At the same time, the reimbursement side needs attendance support and reconciliation when the agency payment arrives.

That is why mixed-funding centers often end up with a billing system plus a spreadsheet.

A useful test:

Can you pick one subsidized child and see the family co-pay, agency portion, attendance support, and payment status without rebuilding the month by hand?",apps/site/src/content/listicles/best-childcare-billing-software.md,https://pebbledesk.app/resources/best/best-childcare-billing-software/,"writer self-reviewed: truth, source, humanization, brand, duplication, LinkedIn fit",Uses the listicle's explanation of multi-funding-stream billing and co-pay calculation.
142,2026-05-15,10:00,2026-05-15T15:00:00.000Z,LinkedIn company page,cmorpckmz03sbqi0yay2i3ds6,Fee policy and rate increases,Practical tip,"Rate increases go better when families are not surprised.

That does not mean every family will love the news. It means the center has handled the change clearly and respectfully.

A strong rate-change notice includes:

The effective date.
The current rate and new rate.
The child's classroom or program.
The reason in plain language.
The amount of advance notice promised in the fee policy.
Who families can contact with questions.

The childcare fee policy template recommends written notice 60 to 90 days before a rate change.

That window matters. Families need time to adjust budgets. Directors need time to answer questions without turning the front desk into a rumor mill.

The worst version is a vague message that says, ""Rates are going up soon.""

The better version gives the family enough detail to know exactly what changes, when, and why.",apps/site/src/content/lead-magnets/childcare-fee-policy-template.md,https://pebbledesk.app/free/childcare-fee-policy-template/,"writer self-reviewed: truth, source, humanization, brand, duplication, LinkedIn fit",Draws from the template's rate-change notice and communication best-practices sections.
143,2026-05-15,11:00,2026-05-15T16:00:00.000Z,LinkedIn company page,cmorpckmz03sbqi0yay2i3ds6,Billing systems and operating records,Product education,"Billing should not live in a separate world from the child record.

In childcare, the invoice is rarely just a number.

It may depend on:

Enrollment schedule.
Age group.
Part-time terms.
Sibling discount.
Registration or activity fees.
Late payment policy.
Subsidy co-pay.
Attendance records.
Family payment history.

When billing sits outside the center record, the director becomes the bridge between systems.

That is how a simple balance question turns into checking a spreadsheet, a family file, a payment processor, and an attendance record.

PebbleDesk's billing surface keeps invoices, payment status, public guardian payment links, and accounting context close to the child and family record the director already works from.

The goal is not a fancier ledger.

The goal is fewer loose ends when a family asks, ""What do we owe?""",apps/site/src/content/features/billing-payments.md,https://pebbledesk.app/features/billing-payments/,"writer self-reviewed: truth, source, humanization, brand, duplication, LinkedIn fit",Uses the billing feature page's core positioning that billing belongs near the child and family record.
144,2026-05-15,12:00,2026-05-15T17:00:00.000Z,LinkedIn company page,cmorpckmz03sbqi0yay2i3ds6,Accounting categories and financial reporting,Practical checklist,"One of the fastest ways to make childcare finances blurry is to call too many things ""tuition.""

A director's chart of accounts should separate revenue types that behave differently:

Private-pay tuition.
Subsidy revenue.
CACFP reimbursements.
Registration and activity fees.

Those lines answer different operating questions.

Private-pay tuition shows family-paid revenue.
Subsidy revenue shows the agency-funded part of enrollment.
CACFP reimbursements help directors understand the food program separately.
Registration and activity fees should not be mistaken for recurring tuition.

When everything lands in one broad income bucket, the center loses visibility into its enrollment mix.

That matters when deciding whether subsidy rates cover cost, whether private-pay collection is lagging, or whether one-time fees are hiding a weak month.

Clean categories do not make the numbers more complicated.

They make the numbers honest enough to manage.",apps/site/src/content/guides/childcare-accounting-basics-directors.md,https://pebbledesk.app/resources/guides/childcare-accounting-basics-directors/,"writer self-reviewed: truth, source, humanization, brand, duplication, LinkedIn fit",Based on the accounting guide's chart-of-accounts recommendations for childcare revenue categories.
145,2026-05-15,13:00,2026-05-15T18:00:00.000Z,LinkedIn company page,cmorpckmz03sbqi0yay2i3ds6,Guardian payments and staff time,Operator question,"A parent payment link is small, but the office impact can be large.

Not because online payment is magical.

Because every extra payment step creates another place for delay:

Family asks for the balance.
Office checks the invoice.
Office sends payment instructions.
Family needs a login.
Family cannot find the message.
Office follows up again.

For a busy childcare center, that back-and-forth often happens while the same person is answering phones, covering the front desk, and preparing subsidy paperwork.

PebbleDesk can send a public invoice link so guardians can pay online without logging into the admin side of the app.

A useful billing-process question:

How many staff touches does it take for a family to go from ""What do I owe?"" to ""Paid""?

Reducing that number can make payment follow-up less personal and more practical.",apps/site/src/content/features/billing-payments.md,https://pebbledesk.app/features/billing-payments/,"writer self-reviewed: truth, source, humanization, brand, duplication, LinkedIn fit",Uses the billing page's public invoice link support and frames it as an operational payment-follow-up improvement.
146,2026-05-15,14:00,2026-05-15T19:00:00.000Z,LinkedIn company page,cmorpckmz03sbqi0yay2i3ds6,Late fees and payment policy,Risk callout,"Late pickup fees and late payment fees do different jobs.

A late payment fee protects the center's cash flow and sets a boundary around tuition due dates.

A late pickup fee protects staff time, closing routines, and ratio coverage after hours.

Both need to be written clearly before they are enforced.

The fee policy template separates additional fees from tuition for a reason. Families should be able to see the fee amount, when it applies, and what happens next.

The risk is inconsistency.

If one family is charged, another is waived, and staff cannot explain the rule, the fee becomes a relationship problem instead of a policy.

A practical review for directors:

Look at the last three late fees your center applied. Would a new assistant director understand why each one happened by reading the policy alone?

If not, the policy needs clearer language.",apps/site/src/content/lead-magnets/childcare-fee-policy-template.md,https://pebbledesk.app/free/childcare-fee-policy-template/,"writer self-reviewed: truth, source, humanization, brand, duplication, LinkedIn fit",Uses the template's additional-fees and payment-terms sections to make a practical consistency point.
147,2026-05-15,15:00,2026-05-15T20:00:00.000Z,LinkedIn company page,cmorpckmz03sbqi0yay2i3ds6,Billing software evaluation,Comparison framework,"When evaluating childcare billing software, do not start with the longest feature list.

Start with your funding mix.

A mostly private-pay center needs strong tuition invoices, guardian payments, payment tracking, late fees, deposits, and sibling discount rules.

A mixed-funding center needs all of that plus subsidy work:

Voucher or authorization tracking.
Attendance-linked billing support.
Family co-pay calculation.
Agency reimbursement reconciliation.
Documentation that can support a payment review.

Those are different operational requirements.

This is why a tool can be perfectly fine for one childcare center and frustrating for another.

The buying question is not, ""Does it do billing?""

It is:

Can it handle the way our center actually gets paid?",apps/site/src/content/listicles/best-childcare-billing-software.md,https://pebbledesk.app/resources/best/best-childcare-billing-software/,"writer self-reviewed: truth, source, humanization, brand, duplication, LinkedIn fit",Turns the listicle's private-pay versus subsidy billing distinction into a vendor-evaluation framework.
148,2026-05-15,16:00,2026-05-15T21:00:00.000Z,LinkedIn company page,cmorpckmz03sbqi0yay2i3ds6,Rate review and annual planning,Director habit,"The hardest tuition increase is often the one a center delayed for too long.

Holding rates flat can feel kind to families in the short term. But childcare costs rarely stay flat, especially labor.

After two or three years, the center may need a larger correction all at once. That is harder for families to absorb and harder for directors to explain.

The rate-setting guide recommends reviewing tuition at least annually. The fee policy template points to predictable written notice before changes take effect.

Together, those two habits make rate changes less dramatic:

Review the math every year.
Set the effective date in policy.
Give families written notice.
Explain the reason plainly.
Keep the increase tied to staffing, supplies, facility costs, or program quality.

A rate increase should not sound like a surprise announcement.

It should sound like a responsible center following the policy families already received.",apps/site/src/content/guides/how-to-set-daycare-tuition-rates.md,https://pebbledesk.app/resources/guides/how-to-set-daycare-tuition-rates/,"writer self-reviewed: truth, source, humanization, brand, duplication, LinkedIn fit",Combines the rate-setting guide's annual review advice with careful family communication principles.
149,2026-05-15,17:00,2026-05-15T22:00:00.000Z,LinkedIn company page,cmorpckmz03sbqi0yay2i3ds6,Subsidy reconciliation and attendance records,Practical tip,"For subsidy-heavy centers, attendance is not just an operational record.

It is billing support.

That changes the standard for ""good enough"" attendance documentation.

The record needs to support which child attended, when care was delivered, whether the care matched authorization rules, and how the billed amount connects to the reimbursement received.

When attendance and subsidy billing are separated, reconciliation becomes a manual matching exercise:

Daily attendance here.
Voucher details there.
Agency payment somewhere else.
Family co-pay in another list.

That is where payment delays and documentation gaps become painful.

A useful end-of-week check:

For every subsidized child billed this week, can the attendance record support the billing record without extra explanation?

If the answer is no, fix the record while the week is still fresh.",apps/site/src/content/listicles/best-childcare-billing-software.md,https://pebbledesk.app/resources/best/best-childcare-billing-software/,"writer self-reviewed: truth, source, humanization, brand, duplication, LinkedIn fit","Uses the listicle's subsidy billing requirements: attendance support, authorization tracking, co-pay, and reimbursement reconciliation."
150,2026-05-15,18:00,2026-05-15T23:00:00.000Z,LinkedIn company page,cmorpckmz03sbqi0yay2i3ds6,Billing operations and director relief,Closing thought,"Childcare billing is not only about collecting money.

It is about keeping promises clear.

The promise to families: here is what tuition costs, when it is due, what fees apply, and how changes are communicated.

The promise to staff: here is a policy you can follow without guessing.

The promise to the business: rates cover the real cost of care, invoices reflect current balances, and outstanding tuition is visible before it becomes a crisis.

The promise to subsidy programs: billing can be traced back to attendance and authorization records.

That is a lot for one office to carry with paper notes, payment links, spreadsheets, and memory.

PebbleDesk is built around the idea that invoices, guardian payment status, subsidy context, family records, and operating records should stay close together.

Not because directors need more software.

Because directors need fewer billing stories to rebuild by hand.",apps/site/src/content/features/billing-payments.md,https://pebbledesk.app/features/billing-payments/,"writer self-reviewed: truth, source, humanization, brand, duplication, LinkedIn fit",Closes the day by tying the theme back to PebbleDesk's billing-positioning source and connected-record promise.
151,2026-05-16,04:00,2026-05-16T09:00:00.000Z,LinkedIn company page,cmorpckmz03sbqi0yay2i3ds6,Software evaluation,Practical tip,"Before you book a childcare software demo, write down the three jobs you are actually hiring the software to do.

Not the features you might like.

The jobs.

For many licensed centers, the list looks like this:

- Keep attendance records clean enough for licensing and billing
- Track ratios while rooms are changing in real time
- Produce subsidy reports in the format the state agency accepts
- Keep family, staff, and incident documentation easy to retrieve
- Make billing less fragile at month-end

That list should drive the demo.

If ratio compliance is your biggest risk, do not let the first 25 minutes disappear into parent photos. If subsidy billing is where your admin time goes, do not accept a generic billing dashboard tour.

The best software decision starts before the vendor joins the call.",apps/site/src/content/guides/childcare-software-selection-checklist.md,https://pebbledesk.app/resources/guides/childcare-software-selection-checklist/,"writer self-reviewed: truth, source, humanization, brand, duplication, LinkedIn fit",Introduces the day's evaluation theme using the checklist guidance to define primary software jobs before demos.
152,2026-05-16,05:00,2026-05-16T10:00:00.000Z,LinkedIn company page,cmorpckmz03sbqi0yay2i3ds6,Demo evaluation,Risk callout,"A polished demo can hide a lot.

It can hide that subsidy billing still takes two separate manual steps.
It can hide that ratio history only shows daily totals, not a specific time window.
It can hide that data export requires a support ticket.
It can hide that the mobile check-in flow is too slow for morning arrival.

The trap is evaluating the best version of the product instead of the version your staff will use on a busy Tuesday.

Ask vendors to show real center scenarios:

- A subsidy child with a family co-pay
- A room approaching ratio limit during arrival
- A disputed invoice
- A historical ratio report for a specific date and time
- A full export path if you cancel

A demo is useful only when it reveals how the software behaves under childcare conditions.",apps/site/src/content/guides/childcare-software-demo-questions.md,https://pebbledesk.app/resources/guides/childcare-software-demo-questions/,"writer self-reviewed: truth, source, humanization, brand, duplication, LinkedIn fit",Uses the demo questions guide's emphasis on specific scenario demonstrations rather than generic walkthroughs.
153,2026-05-16,06:00,2026-05-16T11:00:00.000Z,LinkedIn company page,cmorpckmz03sbqi0yay2i3ds6,Trial evaluation,Teaching post,"A free trial with fake data will tell you almost nothing.

A trial with realistic childcare data will tell you a lot.

Set up at least a small version of your actual center:

- 10 to 15 children with real ages and classroom assignments
- Your actual rate structure
- A few staff records with real roles and rooms
- Two or three subsidy-funded children, if you accept subsidies
- The check-in setup your families would actually use

Then test the work that matters.

Run a week of attendance. Try a billing cycle. Generate a subsidy attendance report. Watch the ratio dashboard during morning arrival.

The goal is not to admire the interface.

The goal is to find out whether the software can carry the administrative weight your center already carries every day.",apps/site/src/content/guides/childcare-software-free-trial-guide.md,https://pebbledesk.app/resources/guides/childcare-software-free-trial-guide/,"writer self-reviewed: truth, source, humanization, brand, duplication, LinkedIn fit",Turns the free trial setup instructions into a practical LinkedIn teaching post.
154,2026-05-16,07:00,2026-05-16T12:00:00.000Z,LinkedIn company page,cmorpckmz03sbqi0yay2i3ds6,Pricing and contracts,Practical tip,"The number on a childcare software pricing page is rarely the number directors should use.

Calculate the cost three ways:

1. Current enrollment
2. 20% enrollment growth
3. Full licensed capacity

Then add the parts that often sit outside the headline price:

- Setup or onboarding fees
- Training fees
- Additional users or classrooms
- Payment processing fees
- Parent communication add-ons
- Data export or migration fees

Per-child pricing can look affordable at 40 children and feel very different at 80.

Flat pricing can look high at first and become predictable as enrollment changes.

The question is not, ""What is the cheapest plan?""

It is, ""What will this actually cost our center in the year we are about to run?""",apps/site/src/content/guides/how-to-choose-childcare-management-software.md,https://pebbledesk.app/resources/guides/how-to-choose-childcare-management-software/,"writer self-reviewed: truth, source, humanization, brand, duplication, LinkedIn fit",Applies the choosing guide's cost comparison guidance to a practical pricing evaluation post.
155,2026-05-16,08:00,2026-05-16T13:00:00.000Z,LinkedIn company page,cmorpckmz03sbqi0yay2i3ds6,Ratio compliance,Operator question,"When a vendor says they track ratios, ask one follow-up:

""Can you show me what happens when a room approaches its limit right now?""

Not a slide.
Not a promise.
Not yesterday's attendance report.

A real ratio tool should make the director's morning easier to read:

- Current child count by room
- Current qualified staff count by room
- Compliant, warning, or violation status
- Alerts that reach the right person fast enough to matter
- Historical reports for specific dates and times

This matters because licensing officers do not only care about the daily total. They may ask what ratios looked like during a specific window.

A check-in count you can use to calculate ratios manually is not the same as ratio monitoring.",apps/site/src/content/guides/childcare-software-demo-questions.md,https://pebbledesk.app/resources/guides/childcare-software-demo-questions/,"writer self-reviewed: truth, source, humanization, brand, duplication, LinkedIn fit",Grounded in the demo guide's ratio dashboard and alert questions.
156,2026-05-16,09:00,2026-05-16T14:00:00.000Z,LinkedIn company page,cmorpckmz03sbqi0yay2i3ds6,Subsidy billing,Risk callout,"For centers that accept subsidies, ""supports subsidy billing"" is too vague to trust.

Ask the harder question:

""Can you show me the report I would submit to my state agency?""

Then look at the actual output.

Does it match the columns and format your agency accepts? Does it handle authorized hours? Does it separate the family co-pay from the state-paid portion? Can you track whether a submitted claim was paid, pending, or short?

A generic attendance export may still leave the director rebuilding the claim manually every billing cycle.

That is not subsidy support. That is a spreadsheet with better lighting.",apps/site/src/content/guides/how-to-choose-childcare-management-software.md,https://pebbledesk.app/resources/guides/how-to-choose-childcare-management-software/,"writer self-reviewed: truth, source, humanization, brand, duplication, LinkedIn fit",Uses the source's state-specific subsidy reporting warning and vendor question.
157,2026-05-16,10:00,2026-05-16T15:00:00.000Z,LinkedIn company page,cmorpckmz03sbqi0yay2i3ds6,Scorecards and decision process,Framework,"Feature lists make childcare software decisions feel scientific.

They usually are not.

A better evaluation uses weighted categories tied to daily risk:

- Attendance tracking
- Billing and invoicing
- Subsidy management
- Parent communication
- Licensing compliance
- Staff scheduling
- Pricing model
- Mobile app quality

Then adjust the weights for your program.

A subsidy-heavy center should score subsidy management and attendance higher. An in-home provider may reduce staff scheduling. A multi-site operator may care more about reporting consistency across locations.

The point is not to find the software with the most checkmarks.

The point is to find the software that scores highest on the work your center cannot afford to get wrong.",apps/site/src/content/lead-magnets/childcare-software-scorecard.md,https://pebbledesk.app/free/childcare-software-scorecard/,"writer self-reviewed: truth, source, humanization, brand, duplication, LinkedIn fit",Summarizes the scorecard's eight weighted evaluation categories and adjustment guidance.
158,2026-05-16,11:00,2026-05-16T16:00:00.000Z,LinkedIn company page,cmorpckmz03sbqi0yay2i3ds6,Trial evaluation,Checklist,"During a childcare software trial, test the four daily tasks that can change your decision.

1. Daily attendance
Use it for at least a week. Watch arrival and pickup, not just a quiet desk test.

2. Billing
Enter your real rates and review invoices before anything goes out. Compare the software totals to your manual expectation.

3. Subsidy reporting
Generate the attendance report your agency would need. Do not wait until after signing to discover format problems.

4. Ratio dashboard
Use it during morning arrival when classroom counts are moving.

The red flag is not that a trial takes effort.

The red flag is a vendor asking you to decide without giving you enough time or support to test the work that carries licensing, billing, and reimbursement risk.",apps/site/src/content/guides/childcare-software-free-trial-guide.md,https://pebbledesk.app/resources/guides/childcare-software-free-trial-guide/,"writer self-reviewed: truth, source, humanization, brand, duplication, LinkedIn fit",Adapts the guide's four critical trial tests into a LinkedIn checklist.
159,2026-05-16,12:00,2026-05-16T17:00:00.000Z,LinkedIn company page,cmorpckmz03sbqi0yay2i3ds6,Data ownership,Operator question,"Ask this before you sign any childcare software contract:

""If we cancel, can we export five years of attendance records in a usable format?""

Then listen carefully.

You are not only buying software for today's check-in.

You are trusting it with records that may be needed later for licensing visits, subsidy reviews, family questions, billing history, and internal audits.

A strong answer should cover:

- What records can be exported
- Whether exports are CSV, PDF, or another usable format
- How long access remains after cancellation
- Whether there is a fee
- Whether exports include complete historical detail or only summaries

Your center's licensing history should not become a bargaining chip in a renewal conversation.",apps/site/src/content/guides/how-to-choose-childcare-management-software.md,https://pebbledesk.app/resources/guides/how-to-choose-childcare-management-software/,"writer self-reviewed: truth, source, humanization, brand, duplication, LinkedIn fit",Based on the choosing guide's data export and migration support section.
160,2026-05-16,13:00,2026-05-16T18:00:00.000Z,LinkedIn company page,cmorpckmz03sbqi0yay2i3ds6,Staff usability,Practical tip,"Include the people who will actually use the childcare software in the evaluation.

At minimum:

- One staff member who handles daily attendance
- One person who handles billing
- Someone who is less comfortable with technology

Directors see the big picture. Staff see the tiny friction points that become daily habits.

They notice whether check-in takes too many taps. They notice whether the tablet needs to be in exactly the wrong place. They notice whether the mobile app makes pickup harder instead of easier.

A system can impress the director in a demo and still fail at the classroom door.

The question for staff is simple: ""Could you use this during our busiest 20 minutes of the day without losing focus on children?""",apps/site/src/content/guides/childcare-software-demo-questions.md,https://pebbledesk.app/resources/guides/childcare-software-demo-questions/,"writer self-reviewed: truth, source, humanization, brand, duplication, LinkedIn fit",Uses the demo guide's recommendation to include attendance and billing staff in evaluation.
161,2026-05-16,14:00,2026-05-16T19:00:00.000Z,LinkedIn company page,cmorpckmz03sbqi0yay2i3ds6,Support evaluation,Risk callout,"A free trial is also a support test.

Do not save all your questions for after you sign.

Ask one or two hard, realistic questions during the trial:

- How do we handle a subsidy eligibility change mid-month?
- What happens if we need to correct last week's attendance entry?
- Does a backdated change create an audit record?
- How do we split billing between a state payer and a family co-pay?

Then pay attention to the answer.

Did support understand childcare billing and compliance language? Did they answer the exact scenario? Did they respond fast enough for a center working under billing deadlines?

Trial support is the vendor's audition.

If basic operating questions go unanswered during the sales period, that is useful information.",apps/site/src/content/guides/childcare-software-free-trial-guide.md,https://pebbledesk.app/resources/guides/childcare-software-free-trial-guide/,"writer self-reviewed: truth, source, humanization, brand, duplication, LinkedIn fit",Grounded in the guide's advice to test support response quality during the trial.
162,2026-05-16,15:00,2026-05-16T20:00:00.000Z,LinkedIn company page,cmorpckmz03sbqi0yay2i3ds6,Audit readiness,Teaching post,"The right question is not, ""Does this software have reports?""

The better question is:

""If a licensing inspector asks for ratio documentation from last month, what exact steps do I take?""

Count the steps.

If the answer is two or three clicks into a clear historical report, good.

If the answer involves exporting attendance, checking staff schedules, filtering a spreadsheet, and assembling proof by hand, the software may be giving you ingredients instead of the inspection record.

That distinction matters.

Audit-ready childcare software should help connect attendance, staff coverage, ratios, billing, and documentation into a record the director can retrieve without a scramble.",apps/site/src/content/guides/childcare-software-selection-checklist.md,https://pebbledesk.app/resources/guides/childcare-software-selection-checklist/,"writer self-reviewed: truth, source, humanization, brand, duplication, LinkedIn fit",Draws from the checklist's audit documentation step-count guidance.
163,2026-05-16,16:00,2026-05-16T21:00:00.000Z,LinkedIn company page,cmorpckmz03sbqi0yay2i3ds6,Decision quality,Contrarian post,"The highest overall score should not always win.

In childcare software, one critical failure can outweigh a long list of nice features.

A platform might have strong parent messaging, clean billing screens, good mobile design, and pretty daily reports.

But if it scores a 1 on subsidy management for a center where many families receive subsidy, that is not a small gap.

It is a dealbreaker.

Same for attendance exports if licensing records are your pain point. Same for ratio monitoring if you run multiple classrooms with thin coverage windows.

Use a scorecard, but do not let arithmetic blur operational risk.

The total score helps compare options. The critical category scores protect the center.",apps/site/src/content/lead-magnets/childcare-software-scorecard.md,https://pebbledesk.app/free/childcare-software-scorecard/,"writer self-reviewed: truth, source, humanization, brand, duplication, LinkedIn fit",Uses the scorecard's guidance that critical category failures can disqualify a platform despite total score.
164,2026-05-16,17:00,2026-05-16T22:00:00.000Z,LinkedIn company page,cmorpckmz03sbqi0yay2i3ds6,Implementation timing,Practical tip,"Switching childcare software mid-year is possible.

It is also higher risk than most demos make it sound.

The migration has to preserve the records your center may need later:

- Attendance history
- Family contacts
- Billing history
- Subsidy records
- Classroom assignments
- Staff records
- Documents tied to licensing or audits

If you accept subsidies, the risk is even sharper. Attendance gaps during a billing period can become reimbursement problems.

When possible, plan a switch at the start of a licensing year, contract year, or clean billing period.

And before the move, ask both vendors the unglamorous questions: what can be exported, what can be imported, what gets lost, and how will we verify the first billing cycle?",apps/site/src/content/guides/how-to-choose-childcare-management-software.md,https://pebbledesk.app/resources/guides/how-to-choose-childcare-management-software/,"writer self-reviewed: truth, source, humanization, brand, duplication, LinkedIn fit","Based on the guide's advice about implementation timing, migration, and record export."
165,2026-05-16,18:00,2026-05-16T23:00:00.000Z,LinkedIn company page,cmorpckmz03sbqi0yay2i3ds6,PebbleDesk positioning,Soft product positioning,"Childcare software should not win because it had the best demo.

It should win because it holds up under the work directors actually do:

- Morning arrival
- Afternoon pickup
- Ratio changes
- Subsidy billing
- Family co-pays
- Licensing documentation
- Staff credential tracking
- Data export when records are needed later

That is the standard we keep coming back to at PebbleDesk.

The product category is not just ""childcare management software.""

For licensed centers, it is compliance infrastructure.

A good evaluation should leave a director with less uncertainty, not more tabs open and a vague sense that every vendor says the same thing.

Choose the tool that can show the record, explain the billing, prove the export, and survive the busiest part of the day.",apps/site/src/content/guides/childcare-software-selection-checklist.md,https://pebbledesk.app/resources/guides/childcare-software-selection-checklist/,"writer self-reviewed: truth, source, humanization, brand, duplication, LinkedIn fit",Closes the day with PebbleDesk's practical compliance-first evaluation standard without hard selling.
166,2026-05-17,04:00,2026-05-17T09:00:00.000Z,LinkedIn company page,cmorpckmz03sbqi0yay2i3ds6,Data migration and implementation planning,Practical tip,"A childcare software switch should not start with the import button.

It should start with a small sample export.

Five children.
A few guardians.
One staff record.
One billing example.
One subsidy example, if you accept assistance.

That small file tells you what the real migration will feel like:

Which columns are clear.
Which fields are missing.
Which dates are formatted oddly.
Which family records are duplicated.
Which old enrollments are still marked active.

PebbleDesk supports CSV import, plus Brightwheel and Procare migration presets, but a preset is not a substitute for director judgment. It helps with mapping. It does not know that the emergency contact from 2021 moved away.

The safest first step is boring on purpose:

Export a sample.
Map the fields.
Preview the import.
Fix the data before it becomes daily operating data.

A clean migration is usually won before the full roster ever moves.",apps/site/src/content/features/imports-migration.md,https://pebbledesk.app/features/imports-migration/,"writer self-reviewed: truth, source, humanization, brand, duplication, LinkedIn fit","Opens the day with the imports page guidance: sample export, field mapping, duplicate review, and preview before commit."
167,2026-05-17,05:00,2026-05-17T10:00:00.000Z,LinkedIn company page,cmorpckmz03sbqi0yay2i3ds6,Excel replacement and compliance risk,Risk callout,"Excel is not the villain.

For many childcare centers, it handles static lists just fine:

Enrollment rosters.
Emergency contacts.
Rate sheets.
Vendor lists.
Basic summaries.

The trouble starts when a spreadsheet is asked to prove time-sensitive care.

Ratios need real attendance and qualified staff coverage.
Subsidy billing needs records that match the claim period.
Credential tracking needs renewal dates before they become lapses.
Incident records need consistent fields and timing.

Those are the jobs where a spreadsheet can look organized while still leaving the director exposed.

A practical test:

If licensing asked for proof of ratio coverage at 10:15 AM on a Tuesday three months ago, would your Excel file answer cleanly?

If not, the next step is not shame. It is deciding which records need to move into software and which spreadsheets can stay as historical archives.",apps/site/src/content/guides/migrating-from-excel-to-childcare-software.md,https://pebbledesk.app/resources/guides/migrating-from-excel-to-childcare-software/,"writer self-reviewed: truth, source, humanization, brand, duplication, LinkedIn fit","Uses the Excel guide's honest framing: Excel is useful for static data but risky for ratio, subsidy, credential, and incident documentation."
168,2026-05-17,06:00,2026-05-17T11:00:00.000Z,LinkedIn company page,cmorpckmz03sbqi0yay2i3ds6,Excel replacement and data scope,Practical checklist,"When moving from Excel to childcare software, do not try to migrate every spreadsheet your center has ever created.

Move the records that need to run the center tomorrow:

Current child records.
Classroom assignments.
Emergency contacts and authorized pickups.
Current family billing contacts and rates.
Staff records and certification dates.
Active subsidy eligibility documentation.

Keep the rest as history:

Old payment spreadsheets.
One-off notes.
Interim trackers created as workarounds.
Archived attendance and billing files from before go-live.

That split matters because migration is not a storage project. It is an operations project.

Your new system needs the live records that support attendance, ratios, billing, staff credentials, and audit questions from the cutover date forward.

Your old Excel files still matter, but they become frozen records for the period before the switch.

Trying to import everything usually creates more cleanup, not more confidence.",apps/site/src/content/guides/migrating-from-excel-to-childcare-software.md,https://pebbledesk.app/resources/guides/migrating-from-excel-to-childcare-software/,"writer self-reviewed: truth, source, humanization, brand, duplication, LinkedIn fit",Turns the Excel guide's migrate/do-not-migrate distinction into a practical checklist.
169,2026-05-17,07:00,2026-05-17T12:00:00.000Z,LinkedIn company page,cmorpckmz03sbqi0yay2i3ds6,Historical records and audit readiness,Director habit,"Switching software does not erase your old records.

That sounds obvious until an audit question comes in for a period before your go-live date.

Your historical Excel files, Brightwheel exports, or Procare reports may still be the official story for that earlier period.

Before you move on, organize the archive:

Year.
Record type.
Attendance.
Billing.
Enrollment.
Staff.
Subsidy, if applicable.

Then leave those files frozen. Do not keep editing them after the cutover. They are history, not a second operating system.

The goal is simple: if a licensing, billing, or subsidy question points to a pre-migration date, the director can find the source record without reconstructing the past from memory.

A migration is only calm if the old system has a clear resting place.",apps/site/src/content/guides/migrating-from-excel-to-childcare-software.md,https://pebbledesk.app/resources/guides/migrating-from-excel-to-childcare-software/,"writer self-reviewed: truth, source, humanization, brand, duplication, LinkedIn fit",Uses the Excel guide's archive guidance and broadens it carefully to old-system exports.
170,2026-05-17,08:00,2026-05-17T13:00:00.000Z,LinkedIn company page,cmorpckmz03sbqi0yay2i3ds6,Brightwheel migration planning,Practical tip,"If you are switching off Brightwheel, request historical attendance early.

Not on cutover day.
Not after staff training.
Not when billing is already half moved.

The Brightwheel guide in our site notes that child rosters, family contacts, and billing records are CSV-friendly, while historical attendance may require a support request and several business days.

That matters because attendance is not just old data.

It supports ratio review.
It supports subsidy questions.
It helps explain billing history.
It protects the continuity of the record.

A cleaner Brightwheel migration usually starts with these exports:

Child roster.
Family contacts.
Billing records.
Subsidy documentation, if applicable.
Historical attendance.

Then clean the files before import: withdrawn children, duplicate families, stale emergency contacts, and old billing notes can all follow you into the new system if nobody checks.",apps/site/src/content/guides/switching-from-brightwheel.md,https://pebbledesk.app/resources/guides/switching-from-brightwheel/,"writer self-reviewed: truth, source, humanization, brand, duplication, LinkedIn fit",Uses the Brightwheel guide's export list and specific warning that historical attendance may require a support request.
171,2026-05-17,09:00,2026-05-17T14:00:00.000Z,LinkedIn company page,cmorpckmz03sbqi0yay2i3ds6,Billing continuity and subsidy reconciliation,Risk callout,"One migration rule is worth writing on a sticky note:

Do not split a subsidy claim across two systems if you can avoid it.

Close the current claim period in the old system.
Start the new platform on the first day of the next claim period.
Keep the old system available as reference until the new record has been checked.

When a subsidy month is split, the director has to prove one billing story from two places.

Attendance here.
Claim notes there.
Invoices in one export.
Corrections in another.
Payment follow-up somewhere else.

That is manageable only until it is not.

The safer plan is to make the cutover line easy to explain:

Before this date, records live in the old system archive.
Starting this date, daily attendance and subsidy billing live in the new system.

Clean lines make cleaner reviews.",apps/site/src/content/guides/switching-childcare-software-checklist.md,https://pebbledesk.app/resources/guides/switching-childcare-software-checklist/,"writer self-reviewed: truth, source, humanization, brand, duplication, LinkedIn fit",Grounded in the switching checklist and Brightwheel/Procare guidance to avoid mid-claim or mid-cycle cutovers.
172,2026-05-17,10:00,2026-05-17T15:00:00.000Z,LinkedIn company page,cmorpckmz03sbqi0yay2i3ds6,Procare migration planning,Operator question,"A Procare migration question directors should ask early:

Where does our data actually live?

For some centers, Procare data spans desktop modules, cloud services, custom reports, and older database structures. That does not make migration impossible. It does mean the export step deserves more respect.

Before setting a cutover date, confirm how you will get:

Child and family records.
Billing history.
Staff records and credentials.
Timecards, if needed.
Subsidy authorizations and reconciliation records.
CACFP records, if applicable.
A backup archive, if your setup supports it.

The risk is not that a field is hard to export.

The risk is discovering that after you have trained staff, told families, and cancelled access.

For Procare, a written export plan is not extra paperwork. It is the safety rail for the whole switch.",apps/site/src/content/guides/switching-from-procare.md,https://pebbledesk.app/resources/guides/switching-from-procare/,"writer self-reviewed: truth, source, humanization, brand, duplication, LinkedIn fit",Uses the Procare guide's warning about mixed desktop/cloud modules and the export checklist.
173,2026-05-17,11:00,2026-05-17T16:00:00.000Z,LinkedIn company page,cmorpckmz03sbqi0yay2i3ds6,Staff training and change management,Practical tip,"Staff training is where software migrations quietly succeed or fail.

A new system can be configured well and still stumble if teachers first touch it under morning drop-off pressure.

Plan training before the parallel run, not the day before cutover.

For Brightwheel migrations, the daily motions may feel familiar but parent communication habits change.
For Procare migrations, staff coming from an older setup may need more practice because muscle memory runs deep.
For Excel migrations, staff may be learning both the tool and a new standard for when records get completed.

A simple training structure works:

One session for daily attendance, check-in, classroom movement, and incident records.
One session for admin tasks like billing, subsidy documentation, and staff records.
One internal go-to person per role or classroom.

The first week should feel supported, not improvised.",apps/site/src/content/guides/switching-childcare-software-checklist.md,https://pebbledesk.app/resources/guides/switching-childcare-software-checklist/,"writer self-reviewed: truth, source, humanization, brand, duplication, LinkedIn fit","Combines checklist training guidance with source-backed Brightwheel, Procare, and Excel training realities."
174,2026-05-17,12:00,2026-05-17T17:00:00.000Z,LinkedIn company page,cmorpckmz03sbqi0yay2i3ds6,Parent communication during migration,Practical tip,"Parents do not experience your software migration as a data project.

They experience it as:

Where do I log in?
Where did billing move?
Will I still get messages?
What happens to photos?
Who do I ask when something looks different?

That is especially true when leaving Brightwheel, where the family app is part of the daily relationship.

A calmer parent rollout usually has three messages:

Two weeks before: what is changing and why.
Five to seven days before: login timing and what parents need to do.
Cutover day: short instructions, support contact, and reassurance about billing and communication.

Keep the language plain. Parents do not need a feature tour. They need to know the practical next step.

A good migration protects the front desk from avoidable phone calls.",apps/site/src/content/guides/switching-from-brightwheel.md,https://pebbledesk.app/resources/guides/switching-from-brightwheel/,"writer self-reviewed: truth, source, humanization, brand, duplication, LinkedIn fit",Uses the Brightwheel guide's emphasis on parent communication and suggested messaging cadence.
175,2026-05-17,13:00,2026-05-17T18:00:00.000Z,LinkedIn company page,cmorpckmz03sbqi0yay2i3ds6,CSV cleanup and data quality,Practical checklist,"CSV cleanup is not glamorous childcare administration.

It is also where many migrations are saved.

Before importing a roster, scan for:

Duplicate family records.
Withdrawn children still marked active.
Missing dates of birth.
Old classroom assignments.
Stale emergency contacts.
Guardian names split across inconsistent columns.
Billing rates that no longer match current tuition.
Subsidy eligibility dates that are expired or incomplete.
Staff credentials without expiration dates.

None of those issues are rare. They are what happens when a center has been doing real work for years.

PebbleDesk's import preview helps directors see potential duplicates before records are committed. That preview step is the moment to slow down.

The goal is not a perfect spreadsheet.

The goal is to avoid turning yesterday's messy export into tomorrow's operating problem.",apps/site/src/content/features/imports-migration.md,https://pebbledesk.app/features/imports-migration/,"writer self-reviewed: truth, source, humanization, brand, duplication, LinkedIn fit","Draws from the imports page duplicate preview and migration cleanup framing, with specific childcare data examples from the guides."
176,2026-05-17,14:00,2026-05-17T19:00:00.000Z,LinkedIn company page,cmorpckmz03sbqi0yay2i3ds6,Parallel running and go-live safety,Risk callout,"Parallel running feels like double work because it is.

For a short time.

But it is much less work than finding a missing billing rule or attendance gap after the old system is gone.

During a parallel run, use the new system as primary and keep the old system as reference. Then check the records that can hurt you later:

Daily attendance counts.
Classroom assignments.
Billing rates.
Subsidy payer setup.
Staff credentials.
Parent contact records.
Incident and attendance notes.

For centers with complex subsidy billing, one billing cycle of parallel running is a useful minimum; a second cycle may be worth it.

The point is not to operate two systems forever.

The point is to catch migration gaps while you still have both versions of the truth in reach.",apps/site/src/content/guides/switching-childcare-software-checklist.md,https://pebbledesk.app/resources/guides/switching-childcare-software-checklist/,"writer self-reviewed: truth, source, humanization, brand, duplication, LinkedIn fit",Uses the switching checklist's parallel running guidance and practical validation targets.
177,2026-05-17,15:00,2026-05-17T20:00:00.000Z,LinkedIn company page,cmorpckmz03sbqi0yay2i3ds6,Data migration and product education,Product education,"Migration support matters because directors are not buying software in a vacuum.

They are buying a path from the system they already have.

Sometimes that system is Excel.
Sometimes it is Brightwheel.
Sometimes it is Procare.
Sometimes it is a folder of CSV exports, paper notes, and a director who knows which column means what.

PebbleDesk supports CSV import for core records including children, guardians, invoices, and enrollment-related data. It also includes Brightwheel and Procare migration presets to make common source formats easier to map.

The important word is supports.

A good import tool can help with structure, preview, and duplicate review. It cannot decide whether your old emergency contacts are current or whether a subsidy authorization should still be active.

That is why the best migrations pair tooling with director review.

Move the data. Clean the record. Start from something you trust.",apps/site/src/content/features/imports-migration.md,https://pebbledesk.app/features/imports-migration/,"writer self-reviewed: truth, source, humanization, brand, duplication, LinkedIn fit",Direct product education using the imports page FAQ and methodology without over-promising.
178,2026-05-17,16:00,2026-05-17T21:00:00.000Z,LinkedIn company page,cmorpckmz03sbqi0yay2i3ds6,Cutover timing and billing continuity,Director habit,"The calendar can make a childcare software switch easier or harder.

Avoid the messy windows when you can:

Middle of the month.
Middle of a subsidy claim period.
Fall enrollment rush.
Final month of the fiscal year.
The weeks right before a licensing renewal visit.

Those are not moral rules. They are practical ways to keep records clean.

A first-of-month go-live gives billing one clear starting line.
A post-claim cutover keeps subsidy documentation from splitting.
A quieter enrollment period gives staff more room to learn.
A clean archive keeps old reports findable.

Directors already carry enough complexity. The migration date should not add more.

Before choosing the day, ask:

Will this date make the next audit, billing review, or parent question easier to answer?",apps/site/src/content/guides/switching-childcare-software-checklist.md,https://pebbledesk.app/resources/guides/switching-childcare-software-checklist/,"writer self-reviewed: truth, source, humanization, brand, duplication, LinkedIn fit",Uses the checklist's timing guidance and the Procare guide's warning about inspection timing.
179,2026-05-17,17:00,2026-05-17T22:00:00.000Z,LinkedIn company page,cmorpckmz03sbqi0yay2i3ds6,Go-live readiness and validation,End-of-day checklist,"Before calling a migration finished, test the jobs your center cannot afford to get wrong.

Not every menu.
Not every setting.
The jobs.

Can staff check children in and out?
Do classroom counts match expected ratios?
Are current children in the correct rooms?
Can the billing administrator produce a test invoice?
Can subsidy records support a test claim or review?
Are staff credentials entered with expiration dates?
Can the director find historical reports from before cutover?
Do parents know where to log in and who to ask for help?

A go-live checklist should be that plain.

The work is not complete when data imports.

It is complete when the center can run tomorrow morning without the director holding the whole migration in her head.",apps/site/src/content/guides/switching-childcare-software-checklist.md,https://pebbledesk.app/resources/guides/switching-childcare-software-checklist/,"writer self-reviewed: truth, source, humanization, brand, duplication, LinkedIn fit","Uses the checklist's system configuration, data validation, staff training, subsidy output, and backup-plan sections."
180,2026-05-17,18:00,2026-05-17T23:00:00.000Z,LinkedIn company page,cmorpckmz03sbqi0yay2i3ds6,Migration strategy and operational relief,Closing thought,"The best childcare software migration has a clear before and after.

Before the cutover:

Export the records.
Clean the CSVs.
Archive the old system.
Train the staff.
Tell the parents.
Close the billing or subsidy period cleanly.

After the cutover:

Run attendance in one place.
Keep ratios tied to real classroom coverage.
Let billing connect back to the care record.
Track staff credentials before they expire.
Use historical exports only when a past-period question comes up.

Whether a center is leaving Excel, Brightwheel, Procare, or a patchwork of files, the goal is not just to move data.

The goal is to stop rebuilding the operating story every time licensing, subsidy billing, or a parent question asks for proof.

Migration is setup work.

Relief is the reason to do it carefully.",apps/site/src/content/features/imports-migration.md,https://pebbledesk.app/features/imports-migration/,"writer self-reviewed: truth, source, humanization, brand, duplication, LinkedIn fit",Closes the migration day by connecting CSV import and source-system migration to PebbleDesk's audit-ready positioning.
181,2026-05-18,04:00,2026-05-18T09:00:00.000Z,LinkedIn company page,cmorpckmz03sbqi0yay2i3ds6,Multi-site visibility,Opening thought,"The multi-site childcare problem is not that owners need more charts.

It is that they need to know which center needs attention before the end-of-month cleanup begins.

A useful owner view should answer plain questions:

Which locations are in ratio right now?
Which sites have attendance gaps?
Which staff credentials are coming due?
Which subsidy claims are pending?
Which center needs a call from the owner today?

That is different from an enterprise cockpit full of gauges nobody has time to read.

Childcare operators do not need software that makes the business feel bigger and colder.

They need calm visibility across locations, with each center's records still scoped to the place they belong.

The goal is not surveillance.

The goal is fewer surprises.",apps/site/src/content/features/multi-location-oversight.md,https://pebbledesk.app/features/multi-location-oversight/,"writer self-reviewed: truth, source, humanization, brand, duplication, LinkedIn fit",Frames the day around qualified cross-center visibility and center-scoped records from the multi-location feature page.
182,2026-05-18,05:00,2026-05-18T10:00:00.000Z,LinkedIn company page,cmorpckmz03sbqi0yay2i3ds6,Consistent reporting,Risk callout,"Multi-site reporting gets painful when every center tells the truth in a different format.

One site tracks attendance in software.
One site keeps a spreadsheet.
One site has a different incident form.
One site uses a slightly different subsidy note.

Nobody is trying to create a mess. Each director is solving the day in front of them.

But when the owner needs a portfolio view, those small differences become a manual project:

Compare exports.
Normalize columns.
Ask follow-up questions.
Rebuild the report.
Hope nobody changed the spreadsheet after sending it.

The fix is not more pressure on site directors.

It is agreeing on the records every location must capture the same way: attendance, ratios, incidents, billing, subsidy documentation, and staff credentials.

Consistency is what lets multi-site reporting stay operational instead of becoming a monthly excavation.",apps/site/src/content/guides/multi-site-childcare-reporting-guide.md,https://pebbledesk.app/resources/guides/multi-site-childcare-reporting-guide/,"writer self-reviewed: truth, source, humanization, brand, duplication, LinkedIn fit","Uses the guide's central point that inconsistent site-level data makes board, audit, and subsidy reporting manual."
183,2026-05-18,06:00,2026-05-18T11:00:00.000Z,LinkedIn company page,cmorpckmz03sbqi0yay2i3ds6,Software evaluation,Demo question,"A good multi-site childcare software demo question:

""Can I see enrollment, revenue, and compliance status for all locations without logging in and out?""

That one question reveals a lot.

If the answer is yes, ask to see it live.

If the answer requires separate accounts, separate exports, or a weekly report someone prepares for you, you may be looking at multiple single-site systems with a shared label.

For childcare owners, the difference matters.

A separate account for each location may work when you have two sites and know every director personally.

At five or ten sites, it turns visibility into a scavenger hunt.

The point of multi-site software is not to make every location identical in personality.

It is to give the owner one reliable place to see the records that affect compliance, billing, staffing, and enrollment across the organization.",apps/site/src/content/guides/childcare-software-for-multi-site-evaluation.md,https://pebbledesk.app/resources/guides/childcare-software-for-multi-site-evaluation/,"writer self-reviewed: truth, source, humanization, brand, duplication, LinkedIn fit",Adapts the evaluation guide's vendor questions into a LinkedIn-native demo prompt.
184,2026-05-18,07:00,2026-05-18T12:00:00.000Z,LinkedIn company page,cmorpckmz03sbqi0yay2i3ds6,Center-level accountability,Practical distinction,"A multi-site childcare system should do two things at the same time:

Give owners cross-center visibility.
Keep each center's records properly scoped.

Those are not opposites.

The owner may need to see which location has a ratio concern, a pending subsidy claim, or a credential renewal coming due.

But a staff member at Location A should not automatically see child, family, billing, or staff records from Location B.

That boundary protects the daily work.

It also keeps reporting cleaner because each attendance record, incident note, staff credential, and billing item belongs to the correct licensed location.

Multi-site visibility should not flatten the organization into one big bucket.

It should help leaders see across centers while preserving the record trail inside each center.",apps/site/src/content/features/multi-location-oversight.md,https://pebbledesk.app/features/multi-location-oversight/,"writer self-reviewed: truth, source, humanization, brand, duplication, LinkedIn fit",Grounded in the feature page's center-scoped data claim and the evaluation guide's access-scoping criteria.
185,2026-05-18,08:00,2026-05-18T13:00:00.000Z,LinkedIn company page,cmorpckmz03sbqi0yay2i3ds6,Ratio oversight,Operator question,"For a multi-site childcare owner, ratio visibility has a timing problem.

A report next Monday may explain what happened.

It does not help the team adjust coverage during afternoon pickup today.

That is why cross-site ratio reporting should be evaluated as an operating view, not just an archive.

Can the owner or regional leader see which location is approaching a limit?
Can the site director still own the immediate staffing decision?
Can the record later show what attendance and coverage looked like?

That balance matters.

The central office should not be micromanaging every classroom.

But it should not learn about a ratio problem only when a licensing file, parent complaint, or reimbursement review forces the issue.

Good multi-location visibility gives leaders a signal early enough to support the center.",apps/site/src/content/guides/childcare-software-for-multi-site-evaluation.md,https://pebbledesk.app/resources/guides/childcare-software-for-multi-site-evaluation/,"writer self-reviewed: truth, source, humanization, brand, duplication, LinkedIn fit",Uses the evaluation guide's cross-site ratio reporting requirement and keeps the tone practical rather than dashboard-heavy.
186,2026-05-18,09:00,2026-05-18T14:00:00.000Z,LinkedIn company page,cmorpckmz03sbqi0yay2i3ds6,Subsidy billing,Risk callout,"Subsidy billing stays location-specific even when the owner runs multiple centers.

Each licensed location may need its own attendance support, claim records, documentation trail, and follow-up.

The owner's problem is the rollup:

Which claims are submitted?
Which are pending?
Which need documentation?
Which location is waiting on reimbursement?
Where does attendance not match the claim cleanly?

If those answers live in separate dashboards or spreadsheets, subsidy reconciliation becomes harder with every new site.

A better multi-site setup keeps claims organized by location while giving leadership one view of status across the organization.

That matters because cash flow questions do not arrive politely by center.

They arrive as one owner asking, ""What are we still waiting on, and why?""",apps/site/src/content/guides/childcare-software-for-multi-site-evaluation.md,https://pebbledesk.app/resources/guides/childcare-software-for-multi-site-evaluation/,"writer self-reviewed: truth, source, humanization, brand, duplication, LinkedIn fit","Based on the evaluation guide's subsidy billing guidance: claims are per location, but status should be visible centrally."
187,2026-05-18,10:00,2026-05-18T15:00:00.000Z,LinkedIn company page,cmorpckmz03sbqi0yay2i3ds6,Staff credentials,Practical tip,"Staff credential tracking gets quietly harder when a childcare business adds locations.

At one center, the director may know whose CPR card is expiring because she sees the binder every week.

Across several centers, that memory system breaks.

A practical owner view should surface:

Credentials expiring soon.
Expired credentials.
Staff assigned to more than one location.
Role requirements by site.
Missing documentation.

This is not about creating a corporate HR layer for its own sake.

It is about catching the preventable licensing issue before an auditor, substitute shortage, or room coverage change exposes it.

The best multi-site systems keep the record close to the center while making the risk visible to the person responsible for the whole organization.",apps/site/src/content/guides/multi-site-childcare-reporting-guide.md,https://pebbledesk.app/resources/guides/multi-site-childcare-reporting-guide/,"writer self-reviewed: truth, source, humanization, brand, duplication, LinkedIn fit",Uses the reporting guide's centralized staff credential tracking section and ties it to multi-site licensing risk.
188,2026-05-18,11:00,2026-05-18T16:00:00.000Z,LinkedIn company page,cmorpckmz03sbqi0yay2i3ds6,Rollout planning,Implementation advice,"Do not roll out new childcare software to every location on the same Monday unless you enjoy avoidable stress.

Multi-site implementation works better in waves.

Start with the location most likely to adapt well:

Stable leadership.
Clean attendance habits.
Reliable billing process.
Staff who can give honest feedback.
A director willing to help shape the training template.

That pilot site teaches the organization what needs to be clarified before the next center goes live.

Which fields confused staff?
Which parent messages worked?
Which subsidy reports needed review?
Which old spreadsheet habits followed the team into the new system?

Then give each additional site breathing room.

Two to three weeks between rollouts can be the difference between a supported transition and a central office trying to answer the same question from four locations at once.",apps/site/src/content/guides/multi-site-childcare-reporting-guide.md,https://pebbledesk.app/resources/guides/multi-site-childcare-reporting-guide/,"writer self-reviewed: truth, source, humanization, brand, duplication, LinkedIn fit","Adapts the guide's transition guidance: start with the largest or most compliant site, then roll out in waves."
189,2026-05-18,12:00,2026-05-18T17:00:00.000Z,LinkedIn company page,cmorpckmz03sbqi0yay2i3ds6,Standardization,Practical tip,"Standardize before you digitize.

That sentence can save a multi-site childcare rollout.

If one center tracks attendance exceptions one way, another uses a different incident form, and a third keeps subsidy notes in a separate spreadsheet, software will not magically make the records comparable.

It may just digitize the inconsistency.

Before rollout, decide what every location must capture:

Attendance timestamps.
Classroom movements.
Incident report fields.
Staff credential dates.
Subsidy eligibility details.
Billing rates and payer records.
Licensing renewal information.

Then decide what can remain site-specific, because not every local habit is a problem.

The goal is not to erase each center's judgment.

The goal is to make the records that affect compliance, billing, and owner visibility consistent enough to trust.",apps/site/src/content/guides/multi-site-childcare-reporting-guide.md,https://pebbledesk.app/resources/guides/multi-site-childcare-reporting-guide/,"writer self-reviewed: truth, source, humanization, brand, duplication, LinkedIn fit",Turns the guide's 'standardize before you digitize' recommendation into a practical checklist.
190,2026-05-18,13:00,2026-05-18T18:00:00.000Z,LinkedIn company page,cmorpckmz03sbqi0yay2i3ds6,Pricing evaluation,Buyer education,"Multi-site childcare software pricing deserves its own spreadsheet.

Not because directors need more spreadsheets.

Because the pricing model can change the buying decision.

Common models include:

Per-child pricing across all locations.
Per-location pricing.
Organization-level or enterprise pricing.

Each can be reasonable depending on the operator.

Per-child pricing may be clear but can climb as enrollment grows.
Per-location pricing is predictable but may feel expensive for a small site.
Organization-level pricing can fit established multi-site operations but usually needs a more deliberate conversation.

The question is not only, ""What is the monthly price?""

Ask:

What happens when we add another location?
What happens when enrollment changes?
Are migration and rollout support included?
Are reporting features packaged separately?
Will we still need another tool for billing, enrollment, or compliance?

The cheapest quote is not always the lowest operating cost.",apps/site/src/content/guides/childcare-software-for-multi-site-evaluation.md,https://pebbledesk.app/resources/guides/childcare-software-for-multi-site-evaluation/,"writer self-reviewed: truth, source, humanization, brand, duplication, LinkedIn fit",Uses the evaluation guide's three pricing models and expands them into practical buyer questions without inventing pricing.
191,2026-05-18,14:00,2026-05-18T19:00:00.000Z,LinkedIn company page,cmorpckmz03sbqi0yay2i3ds6,Vendor comparison,Comparison lens,"When comparing childcare software for multi-site operations, separate parent engagement from administrative control.

Both matter.

But they are not the same job.

A parent-facing app may be excellent at messages, photos, and family experience while still making cross-site compliance reporting harder than it should be.

A billing-focused platform may handle payments well while leaving ratio visibility and audit reporting as secondary work.

An enrollment CRM may help fill classrooms across locations but still need to be paired with operational software for attendance, ratios, and licensing records.

For owners, the evaluation should start with the records that carry risk:

Attendance.
Ratios.
Subsidy billing.
Staff credentials.
Incident documentation.
Licensing reports.

Then ask where parent communication, enrollment, and payments fit around that core.

The best tool is the one that supports the operating truth you will later need to prove.",apps/site/src/content/listicles/best-childcare-software-multi-site-operators.md,https://pebbledesk.app/resources/best/best-childcare-software-multi-site-operators/,"writer self-reviewed: truth, source, humanization, brand, duplication, LinkedIn fit","Draws from the listicle's comparison of PebbleDesk, Brightwheel, Kangarootime, and ChildCareCRM by operational vs adjacent needs."
192,2026-05-18,15:00,2026-05-18T20:00:00.000Z,LinkedIn company page,cmorpckmz03sbqi0yay2i3ds6,Owner-director relationship,Leadership note,"Multi-site visibility should make site directors feel supported, not second-guessed.

That is an important product and leadership line.

A good owner view does not need to turn every classroom decision into a central office decision.

The site director still knows the families, staff, schedule, classroom rhythm, and local licensing context.

The owner needs visibility into the patterns that affect the organization:

A center drifting near ratio limits.
A recurring attendance documentation gap.
A credential renewal pileup.
A subsidy claim waiting on records.
A licensing report that will take too much manual cleanup.

That kind of visibility helps the owner ask better questions:

""What support do you need?""
""Is this a staffing issue?""
""Is this a training issue?""
""Is the record missing, or is the work actually not done?""

Good multi-site software should preserve local judgment and reduce owner blindness at the same time.",apps/site/src/content/features/multi-location-oversight.md,https://pebbledesk.app/features/multi-location-oversight/,"writer self-reviewed: truth, source, humanization, brand, duplication, LinkedIn fit",Applies the day's theme to the owner/director operating relationship while staying within the cross-center visibility source.
193,2026-05-18,16:00,2026-05-18T21:00:00.000Z,LinkedIn company page,cmorpckmz03sbqi0yay2i3ds6,Architecture evaluation,Technical concept made plain,"The most important multi-site software question can sound technical, but the practical version is simple:

Are my locations part of one organization, or are they separate accounts wearing the same shirt?

That difference shows up fast.

Can one staff member work at two locations with one record?
Can leadership see organization-level reports without combining exports?
Can access be limited by center?
Can subsidy claims stay separated by license while status rolls up for the owner?
Can a new location be added without rebuilding the operating model?

Childcare owners do not need to become software architects.

But they do need to know whether the product was built for multi-site operations or adapted after the fact.

The demo should make that visible.

If cross-location reporting depends on manual CSV assembly, the architecture is already telling you something.",apps/site/src/content/guides/childcare-software-for-multi-site-evaluation.md,https://pebbledesk.app/resources/guides/childcare-software-for-multi-site-evaluation/,"writer self-reviewed: truth, source, humanization, brand, duplication, LinkedIn fit",Simplifies the evaluation guide's unified vs aggregated architecture section for a LinkedIn audience.
194,2026-05-18,17:00,2026-05-18T22:00:00.000Z,LinkedIn company page,cmorpckmz03sbqi0yay2i3ds6,Product education,Product note,"PebbleDesk's multi-location story is intentionally practical.

Group operators can use cross-center visibility and center switching where the plan fit supports it.

Enterprise rollouts can involve a more deliberate conversation about migration, permissions, reporting needs, and implementation support.

That language matters because multi-site childcare is not just ""add another center.""

The real questions are operational:

How should records stay scoped by center?
Who should see organization-level reports?
What needs to migrate from each location?
Which reports does ownership need across sites?
Which work stays with the site director?

We would rather describe that honestly than pretend every organization has the same setup.

Multi-site software should feel like better visibility, not a maze of enterprise features.",apps/site/src/content/features/multi-location-oversight.md,https://pebbledesk.app/features/multi-location-oversight/,"writer self-reviewed: truth, source, humanization, brand, duplication, LinkedIn fit",Uses the feature page's qualified Group and Enterprise positioning without overstating packaging details.
195,2026-05-18,18:00,2026-05-18T23:00:00.000Z,LinkedIn company page,cmorpckmz03sbqi0yay2i3ds6,Multi-site operating philosophy,Closing thought,"A multi-site childcare owner does not need to know everything happening in every classroom every minute.

That would be exhausting.

They do need to know when a center's operating record is starting to fray.

Attendance gaps.
Ratio pressure.
Credential expirations.
Subsidy claim delays.
Incident documentation inconsistencies.
Licensing reports that require too much reconstruction.

That is the useful middle ground:

Enough visibility to support directors early.
Enough structure to keep records consistent.
Enough boundaries to respect each center's work.
Enough reporting to answer owners, boards, funders, and licensing without a week of manual cleanup.

Multi-site operations should not turn childcare into a control room.

It should give leaders a clearer view of the few things that matter most before they become harder to fix.",apps/site/src/content/guides/multi-site-childcare-reporting-guide.md,https://pebbledesk.app/resources/guides/multi-site-childcare-reporting-guide/,"writer self-reviewed: truth, source, humanization, brand, duplication, LinkedIn fit","Closes the day by tying reporting consistency, owner visibility, and the non-cockpit theme together."
196,2026-05-19,04:00,2026-05-19T09:00:00.000Z,LinkedIn company page,cmorpckmz03sbqi0yay2i3ds6,State licensing and ratio documentation,Practical tip,"A staff-to-child ratio is not just a number on a state chart.

It is a daily operating record.

The part that trips centers up is usually not knowing the published ratio. Directors often know that part by heart.

The harder part is proving the ratio held through the real day:

Morning arrivals.
Teacher breaks.
Room changes.
Mixed-age grouping.
Lunch coverage.
Nap transitions.
Afternoon pickup.

That is why state-specific support needs to be discussed carefully.

A system can say it tracks ratios. That does not automatically mean it understands your state's age bands, inspection records, subsidy documentation, or local reporting formats.

A useful vendor question:

""Show me how the ratio record is created at 10:15 AM, not just at check-in. Then show me the report I would hand to licensing.""

If the answer stays abstract, keep asking.

Directors do not need dramatic compliance promises. They need records that match the way their state actually reviews care.",apps/site/src/config/site.ts,https://pebbledesk.app/,"writer self-reviewed: truth, source, humanization, brand, duplication, LinkedIn fit","Opens the day with the site-wide positioning around attendance, ratio checks, and audit-ready records while avoiding a state-specific product claim."
197,2026-05-19,05:00,2026-05-19T10:00:00.000Z,LinkedIn company page,cmorpckmz03sbqi0yay2i3ds6,Texas compliance and subsidy records,Teaching post,"Texas ratio tracking has two layers directors should keep separate.

First: Chapter 746 ratios.

Texas steps through age groups from infants at 1:4 through 5-6 year-olds at 1:22. Those ratios have to hold through the operating day, not only at arrival and departure.

Second: subsidy documentation.

Centers billing TWC-funded Child Care Services work through Local Workforce Development Boards, and the reporting expectations can vary by Board. Texas also uses TX3C for electronic attendance and billing for subsidy providers.

That combination is where generic exports can get painful.

A director may have a clean attendance record and still spend time reformatting it for the Board or matching it to TX3C requirements.

Before choosing software, ask for a real Texas example:

How does it calculate Chapter 746 ratios by age group?
How does it document room changes and breaks?
What export supports subsidy attendance review?
How does the TX3C step get handled?

Useful support is specific enough to demonstrate.",apps/site/src/content/state-pages/texas.md,https://pebbledesk.app/childcare-software/texas/,"writer self-reviewed: truth, source, humanization, brand, duplication, LinkedIn fit","Uses the Texas page's Chapter 746, Local Workforce Board, and TX3C guidance without promising guaranteed compliance."
198,2026-05-19,06:00,2026-05-19T11:00:00.000Z,LinkedIn company page,cmorpckmz03sbqi0yay2i3ds6,California CCLD readiness,Risk callout,"California directors do not get to treat the three-year inspection cycle as a documentation vacation.

CCLD inspections are unannounced.

That means the useful question is not, ""When is our next inspection?""

It is:

""If CCLD walked in today, could we show current children's files, personnel records, and ratio documentation without rebuilding the month?""

Title 22 ratio records are not just headcounts. For the 2-5 age group, staff qualification matters because the 1:12 ratio depends on a qualified teacher being present.

That creates a practical recordkeeping issue:

Ratio logs and staff qualification files need to tell the same story.

If one system tracks classroom counts and another folder holds teacher qualifications, the director becomes the person stitching proof together under pressure.

California compliance work is not about looking ready once every few years.

It is about staying ready because the visit is not scheduled for your convenience.",apps/site/src/content/state-pages/california.md,https://pebbledesk.app/childcare-software/california/,"writer self-reviewed: truth, source, humanization, brand, duplication, LinkedIn fit","Based on the California page's CCLD, Title 22, unannounced inspection, and qualified teacher documentation sections."
199,2026-05-19,07:00,2026-05-19T12:00:00.000Z,LinkedIn company page,cmorpckmz03sbqi0yay2i3ds6,Florida billing and ratio operations,Practical tip,"Florida centers often have two billing stories running at the same time.

School Readiness is year-round and administered through regional Early Learning Coalitions.

VPK runs on its own August-through-June track.

For a 4-year-old, the center may need to know which hours belong to VPK, which hours belong to School Readiness, and what documentation supports each claim.

That is not a small detail. It is the monthly reconciliation job.

Add DCF ratio requirements on top: 1:4 for infants, 1:6 for 1-year-olds, then looser ratios as children age. Mixed-age classrooms use the most restrictive ratio in the room.

A practical Florida software check:

Can the system separate SR and VPK billing clearly?
Can it produce attendance records your Coalition accepts?
Can it identify the governing ratio from the actual children in the room?
Can it show what happened during breaks and transitions?

Florida support should be visible in the daily record, not only in a sales slide.",apps/site/src/content/state-pages/florida.md,https://pebbledesk.app/childcare-software/florida/,"writer self-reviewed: truth, source, humanization, brand, duplication, LinkedIn fit","Draws from the Florida page's DCF ratios, mixed-age rule, School Readiness, VPK, and Coalition guidance."
200,2026-05-19,08:00,2026-05-19T13:00:00.000Z,LinkedIn company page,cmorpckmz03sbqi0yay2i3ds6,Verified product support and claim discipline,Product education,"A quick note on how we talk about state support at PebbleDesk.

We would rather be precise than impressive.

PebbleDesk supports generic attendance, records, billing, messaging, and ratio workflows nationally.

Verified state-specific ratio and licensing report support today is for Texas, California, and Florida.

That means TX, CA, and FL directors can ask us to show the state-specific ratio and licensing report workflows we have verified.

For other states, we do not claim parity we have not checked. We scope state-specific needs during rollout, look at the licensing and subsidy documentation requirements, and confirm what can be supported.

That matters because childcare compliance is local in practice.

A director in Texas may be dealing with Chapter 746 and TX3C.
A director in California may be dealing with Title 22, CCLD, and Alternative Payment agencies.
A director in Florida may be balancing DCF, School Readiness, and VPK.

The honest answer is more useful than the biggest answer.",apps/site/src/config/site.ts,https://pebbledesk.app/,"writer self-reviewed: truth, source, humanization, brand, duplication, LinkedIn fit","Directly reflects the site config guardrail: generic workflows nationally, verified state-specific support today for Texas, California, and Florida only."
201,2026-05-19,09:00,2026-05-19T14:00:00.000Z,LinkedIn company page,cmorpckmz03sbqi0yay2i3ds6,New York subsidy and historical records,Teaching post,"New York is a good reminder that ""state support"" can mean several different jobs.

OCFS Part 418 ratios are one job.

CCAP billing through local Social Services districts is another.

Upstate KinderConnect and New York City CAPS Online add another split.

Then there is record retention. The New York state page notes a six-year childcare record retention requirement and an 80-absent-day annual limit that can trigger subsidy audit risk.

That is a lot of operational detail for one phrase like ""supports New York.""

Directors should ask sharper questions:

Does the software calculate mixed-age rooms using the youngest child present?
Can it retrieve historical records quickly?
Does it track absence counts for subsidized children?
Which CCAP submission system does the export actually support?
What happens if a center operates in more than one region?

A state page can list requirements.

A center still needs proof that its daily system can carry them.",apps/site/src/content/state-pages/new-york.md,https://pebbledesk.app/childcare-software/new-york/,"writer self-reviewed: truth, source, humanization, brand, duplication, LinkedIn fit",Uses New York-specific source details as vendor-evaluation education without making a PebbleDesk product support claim for New York.
202,2026-05-19,10:00,2026-05-19T15:00:00.000Z,LinkedIn company page,cmorpckmz03sbqi0yay2i3ds6,Illinois licensing and staff records,Risk callout,"Illinois directors have a simple ratio reminder that is easy to miss during a busy day:

Staff off the floor do not count.

Under Part 407, ratios have to be maintained throughout operating hours. If a teacher is on break, in the office, in a meeting, or otherwise not present with children, that person cannot be used to cover the room on paper.

That is why arrival and departure logs are not enough.

DCFS inspections can be announced or unannounced, and reviewers may look at ratio logs alongside staff files, CANTS background clearance documentation, and Illinois State Police clearances.

A practical Illinois record check:

Can you pick a room and see which staff were physically covering children at 11:30 AM?
Can you see whether those staff had the required clearance documentation?
Can the attendance record support the same headcount?

Compliance breaks when those records live in different places and only match after someone fixes them.",apps/site/src/content/state-pages/illinois.md,https://pebbledesk.app/childcare-software/illinois/,"writer self-reviewed: truth, source, humanization, brand, duplication, LinkedIn fit","Grounded in the Illinois page's Part 407, off-floor staff, unannounced inspections, CANTS, and clearance documentation language."
203,2026-05-19,11:00,2026-05-19T16:00:00.000Z,LinkedIn company page,cmorpckmz03sbqi0yay2i3ds6,North Carolina star rating and subsidy records,Operator question,"In North Carolina, ratio documentation can affect more than licensing confidence.

The NC Star Rated License system can affect subsidy reimbursement rates.

That changes the stakes for recordkeeping.

A center is not only trying to show minimum compliance during a DCDEE inspection. It may also be trying to maintain the documentation that supports a stronger star rating: staff qualifications, consistent ratios, curriculum quality, and operating records.

Then subsidy billing adds county-level variation. NC Child Care Subsidy runs through 100 county DSS offices, and submission schedules or formats can differ by county.

A good North Carolina software evaluation should include these questions:

Can it classify children by the correct NC age band?
Can it document ratios across the full day?
Can it keep staff qualification records findable?
Can it export attendance in the format our county DSS accepts?
Can it support star-rating documentation without creating a second filing project?

The star rating is not a decorative badge.

For many centers, it is tied to revenue.",apps/site/src/content/state-pages/north-carolina.md,https://pebbledesk.app/childcare-software/north-carolina/,"writer self-reviewed: truth, source, humanization, brand, duplication, LinkedIn fit","Uses the North Carolina page's DCDEE, Star Rated License, county DSS, and age-band guidance without asserting PebbleDesk state-specific support."
204,2026-05-19,12:00,2026-05-19T17:00:00.000Z,LinkedIn company page,cmorpckmz03sbqi0yay2i3ds6,Georgia licensing and CAPS documentation,Teaching post,"Georgia is a useful contrast to states where subsidy runs through county offices.

CAPS is administered by DECAL at the state level.

That can make requirements more uniform than county-administered models, but it does not make documentation optional or casual.

Georgia's state page makes the key point plainly: CAPS is attendance-based. The attendance record is billing documentation. A discrepancy between what a center submits for payment and what its attendance records show can become an audit finding.

DECAL inspections also look at continuous ratio documentation under Rule 591-1-1, from infant rooms through school-age care.

For directors, the practical habit is to treat licensing and subsidy records as connected.

If the room count, attendance record, and CAPS billing record do not support the same day, the center has a story problem.

And during an audit, the story has to be told by records, not memory.",apps/site/src/content/state-pages/georgia.md,https://pebbledesk.app/childcare-software/georgia/,"writer self-reviewed: truth, source, humanization, brand, duplication, LinkedIn fit","Based on the Georgia page's DECAL, CAPS, attendance-based billing, and continuous ratio documentation sections."
205,2026-05-19,13:00,2026-05-19T18:00:00.000Z,LinkedIn company page,cmorpckmz03sbqi0yay2i3ds6,Washington age-band ratio tracking,Practical tip,"Washington directors have a ratio problem that a room label cannot solve.

WAC 110-300 breaks the infant and toddler range into several age bands:

Under 12 months.
12-18 months.
18-30 months.
30 months to 3 years.

That means a child's birthday can change the applicable ratio before the room assignment changes.

If software only knows ""infant room"" or ""toddler room,"" it can miss the actual compliance question:

How old is each child in the room today?

That matters in mixed-age care and in centers with children moving between rooms as slots open.

Washington also requires WCCC subsidy providers to use KinderConnect for electronic attendance, so directors evaluating software should ask about the attendance export or integration path before relying on it for subsidy records.

The practical vendor test:

Enter a child's birth date, move that child through age boundaries, then ask the system to recalculate the ratio record.

If it cannot show the change, the director will be doing that work manually.",apps/site/src/content/state-pages/washington.md,https://pebbledesk.app/childcare-software/washington/,"writer self-reviewed: truth, source, humanization, brand, duplication, LinkedIn fit",Uses Washington's WAC 110-300 age subdivisions and KinderConnect mandate as practical evaluation guidance without a PebbleDesk claim.
206,2026-05-19,14:00,2026-05-19T19:00:00.000Z,LinkedIn company page,cmorpckmz03sbqi0yay2i3ds6,State-specific software evaluation,Practical checklist,"Before a childcare director accepts the phrase ""state-specific reporting,"" ask for the boring proof.

The proof is not a logo on a comparison table.

It is an export, a screen, or a report that matches your actual operating need.

Useful questions:

Which licensing agency is this built around?
Which age bands does the ratio engine use?
How are mixed-age rooms handled?
How are teacher breaks and room transfers recorded?
Does staff qualification status affect the ratio record where the state requires it?
Which subsidy program does the export support?
Does the export match a state portal, county agency, regional coalition, or local board?
Can we retrieve records from the period licensing may review?
What happens when the state changes a form or rule?

A vendor who understands childcare compliance should welcome those questions.

The director is not being difficult.

The director is protecting the license, the reimbursement record, and the staff who have to use the system at 8:05 on a Tuesday.",apps/site/src/config/site.ts,https://pebbledesk.app/,"writer self-reviewed: truth, source, humanization, brand, duplication, LinkedIn fit",Turns the site config's careful state-support FAQ into a practical buyer checklist.
207,2026-05-19,15:00,2026-05-19T20:00:00.000Z,LinkedIn company page,cmorpckmz03sbqi0yay2i3ds6,California subsidy documentation,Risk callout,"California subsidy attendance sheets carry more weight than a normal sign-in sheet.

For subsidized care, monthly paper sign-in and sign-out sheets may be signed under penalty of perjury.

That makes the record a legal declaration, not just an admin form.

The risk is highest when attendance gets reconstructed at billing time.

A missing signature.
A corrected time.
A child marked present when the source record is unclear.
A room change that never made it into the attendance story.

Those details can look small until someone has to sign the month.

The practical habit is to clean the record while the day is still fresh:

Confirm sign-ins.
Fix missing timestamps.
Tie attendance to the child's funding source.
Keep agency requirements visible.
Review exceptions before the monthly sheet is prepared.

California's fragmented subsidy system already asks directors to manage different agency formats.

Do not add memory-based attendance reconstruction to the pile.",apps/site/src/content/state-pages/california.md,https://pebbledesk.app/childcare-software/california/,"writer self-reviewed: truth, source, humanization, brand, duplication, LinkedIn fit",Uses California's penalty-of-perjury attendance documentation and regional agency variation to create a practical risk post.
208,2026-05-19,16:00,2026-05-19T21:00:00.000Z,LinkedIn company page,cmorpckmz03sbqi0yay2i3ds6,Texas and Florida verified product support,Product education,"For Texas, California, and Florida, PebbleDesk's state-specific support is meant to answer the questions directors actually bring to licensing and billing work.

Not just:

""Can it track attendance?""

But:

""Can it help me see ratio risk before the day gets away from us?""
""Can the licensing report reflect the state format we have verified?""
""Can attendance, room assignment, and billing support stay connected enough to answer review questions?""

In Texas, that means verified support around state-specific ratio and licensing report needs tied to Chapter 746 and Texas reporting expectations.

In California, it means verified support around Title 22 and CCLD-oriented documentation.

In Florida, it means verified support around DCF ratio and licensing report needs while directors also manage SR and VPK records.

That still is not legal advice and it does not guarantee an inspection result.

It means the product claim is scoped to verified support, not stretched into a promise no software should make.",apps/site/src/config/site.ts,https://pebbledesk.app/,"writer self-reviewed: truth, source, humanization, brand, duplication, LinkedIn fit",Carefully names only TX/CA/FL for verified PebbleDesk state-specific support and explicitly avoids compliance guarantees.
209,2026-05-19,17:00,2026-05-19T22:00:00.000Z,LinkedIn company page,cmorpckmz03sbqi0yay2i3ds6,Multi-state operator compliance,Operator question,"Multi-site childcare operators should be cautious with one-size-fits-all compliance dashboards.

A Texas center may need Chapter 746 ratio logic and Local Workforce Board attendance expectations.

A California center may need Title 22 ratio records, qualified teacher documentation, and regional Alternative Payment agency formats.

A Florida center may need DCF ratio records plus separate School Readiness and VPK billing tracks.

A Washington center may need birth-date-driven toddler ratio logic because WAC 110-300 has unusually granular age bands.

Those are not interchangeable requirements.

The group-level question is not, ""Can we standardize everything?""

It is:

""Which records should be standardized across our organization, and which records must bend to the state?""

Good standardization gives directors a common way to manage attendance, staff coverage, billing follow-up, and records.

Bad standardization flattens state requirements until local directors have to rebuild compliance outside the system.

A multi-site tool should make differences visible, not pretend they are gone.",apps/site/src/config/site.ts,https://pebbledesk.app/,"writer self-reviewed: truth, source, humanization, brand, duplication, LinkedIn fit",Uses site-config audience fit for multi-site operators and state-page examples to frame multi-state compliance safely.
210,2026-05-19,18:00,2026-05-19T23:00:00.000Z,LinkedIn company page,cmorpckmz03sbqi0yay2i3ds6,Practical compliance mindset,Closing thought,"The safest way to talk about childcare compliance software is also the most useful way:

Be specific.

Specific about the state.
Specific about the age bands.
Specific about the licensing agency.
Specific about the report.
Specific about the subsidy program.
Specific about what is verified and what needs rollout scoping.

Directors are not helped by broad promises like ""handles all compliance.""

They are helped by practical answers:

Here is how the ratio is calculated.
Here is how a mixed-age room is handled.
Here is how staff coverage is documented.
Here is the export your review may need.
Here is what we support today.
Here is what we should verify before you depend on it.

That kind of clarity may sound less flashy.

For a licensed childcare center, it is far more valuable.

Compliance work is already stressful enough. The software conversation should reduce uncertainty, not add a new layer of guesswork.",apps/site/src/config/site.ts,https://pebbledesk.app/,"writer self-reviewed: truth, source, humanization, brand, duplication, LinkedIn fit","Closes the day with a brand-aligned principle: careful state-specific claims, useful documentation, and no overclaiming."
211,2026-05-20,04:00,2026-05-20T09:00:00.000Z,LinkedIn company page,cmorpckmz03sbqi0yay2i3ds6,Manual records and hidden admin cost,Opening insight,"The expensive part of a childcare spreadsheet is rarely the spreadsheet.

It is the time around it.

The morning sign-in sheet that has to be checked.
The attendance total that has to be re-entered for billing.
The subsidy claim that has to be reconciled against a second record.
The staff credential date hiding in a different file.
The director trying to remember why Tuesday looked odd.

Manual records can feel free because nobody gets an invoice from Excel.

But directors pay in small daily withdrawals: 20 minutes here, 45 minutes there, one missed signature, one mismatched attendance day, one billing question that takes the whole afternoon.

A useful question for today:

Which record at your center gets copied from one place into another more than once a week?

That is often where the real cost is sitting.",apps/site/src/content/guides/migrating-from-excel-to-childcare-software.md,https://pebbledesk.app/resources/guides/migrating-from-excel-to-childcare-software/,"writer self-reviewed: truth, source, humanization, brand, duplication, LinkedIn fit",Opens the day by naming the core risk from the Excel migration guide: repeated manual record handling around high-risk tasks.
212,2026-05-20,05:00,2026-05-20T10:00:00.000Z,LinkedIn company page,cmorpckmz03sbqi0yay2i3ds6,Attendance records and daily operations,Cost breakdown,"Manual attendance tracking does not usually look expensive at 8:00 AM.

It looks like a clipboard.

But the cost shows up in three places:

1. Morning sign-in management.
2. Mid-day reconciliation.
3. End-of-day completion and filing.

The PebbleDesk attendance cost guide estimates a typical 50-child center spends about 50-70 minutes per day on attendance-specific admin time.

Across 260 operating days, that is 217-303 hours a year.

That is not a small paperwork task. That is weeks of staff time spent making sure the record exists, is complete, is filed, and can support billing or licensing questions later.

For directors, the practical test is simple:

If attendance takes more time after the children arrive than during arrival itself, the system is asking staff to clean up the record instead of capturing it cleanly the first time.",apps/site/src/content/guides/cost-of-manual-attendance-tracking.md,https://pebbledesk.app/resources/guides/cost-of-manual-attendance-tracking/,"writer self-reviewed: truth, source, humanization, brand, duplication, LinkedIn fit",Uses the source's attendance time estimates and turns them into a practical operator lens.
213,2026-05-20,06:00,2026-05-20T11:00:00.000Z,LinkedIn company page,cmorpckmz03sbqi0yay2i3ds6,Excel limits and compliance risk,Practical distinction,"Excel is not the enemy in childcare administration.

It is good at static lists:

Current roster.
Emergency contacts.
Rate sheet.
Vendor list.
Simple monthly summary.

The risk starts when a spreadsheet is asked to prove time-sensitive care.

Who was present at 10:15?
Which staff were counted in ratio?
Did a subsidy child attend the day that was billed?
Did a credential expire before the renewal reminder was noticed?

Those are not static-list questions. They are operating-record questions.

A director can run a small center on spreadsheets for a long time. The hard part is knowing where the line is.

Keep spreadsheets for lists and archives when they make sense.

Be much more careful when the spreadsheet becomes the only proof for attendance, ratios, subsidy billing, or staff credential expiration.",apps/site/src/content/guides/migrating-from-excel-to-childcare-software.md,https://pebbledesk.app/resources/guides/migrating-from-excel-to-childcare-software/,"writer self-reviewed: truth, source, humanization, brand, duplication, LinkedIn fit",Reflects the guide's balanced view: Excel is acceptable for static data but risky for time-sensitive compliance tasks.
214,2026-05-20,07:00,2026-05-20T12:00:00.000Z,LinkedIn company page,cmorpckmz03sbqi0yay2i3ds6,Subsidy billing and reimbursement protection,Risk callout,"Subsidy billing gets risky when attendance and claims stop telling the same story.

The child was present.
The care was delivered.
The center deserves to be paid.

But if the attendance sheet is incomplete, the state portal entry was typed from memory, and the claim record lives in another spreadsheet, the director may have to prove the chain months later.

That is where small documentation gaps become expensive.

The billing errors guide cites research estimating providers miss over 8% of annual subsidy revenue from billing errors without automation. It also notes that missing or insufficient documentation accounts for 40% of CCDF improper payment errors.

Those are not abstract finance problems.

They are daily record problems.

The attendance record has to support the billing record. The billing record has to match the reimbursement record. The reimbursement record has to be findable when someone asks.",apps/site/src/content/guides/true-cost-childcare-billing-errors.md,https://pebbledesk.app/resources/guides/true-cost-childcare-billing-errors/,"writer self-reviewed: truth, source, humanization, brand, duplication, LinkedIn fit",Uses allowed source-backed subsidy revenue and documentation-error claims with careful language.
215,2026-05-20,08:00,2026-05-20T13:00:00.000Z,LinkedIn company page,cmorpckmz03sbqi0yay2i3ds6,Paper-to-digital transition,Implementation advice,"The best paper-to-digital transition does not start with every feature turned on.

It starts with one workflow that feeds the others.

For most childcare centers, that workflow is attendance.

Attendance feeds ratio checks.
Attendance supports subsidy billing.
Attendance helps answer welfare, licensing, CACFP, and family questions.
Attendance creates the daily operating record.

If the first 30 days of digital attendance are messy, billing and reporting will inherit the mess.

If the first 30 days are stable, the center has a clean foundation for the next step.

A practical rollout sequence:

Pick attendance first.
Train staff on that workflow only.
Prepare parents before launch day.
Run a short stabilization period.
Then add billing, reports, and compliance features once the core record is reliable.

Digital records work best when the rollout is calm, not rushed.",apps/site/src/content/guides/transitioning-from-paper-to-digital-childcare.md,https://pebbledesk.app/resources/guides/transitioning-from-paper-to-digital-childcare/,"writer self-reviewed: truth, source, humanization, brand, duplication, LinkedIn fit",Uses the transition guide's recommendation to start with attendance and stabilize before adding more workflows.
216,2026-05-20,09:00,2026-05-20T14:00:00.000Z,LinkedIn company page,cmorpckmz03sbqi0yay2i3ds6,Fragmented records and director workload,Operator question,"A question worth asking before the next billing cycle closes:

How many places does your center have to check before you know whether one child's month is complete?

Attendance sheet.
Enrollment record.
Subsidy authorization.
Family co-pay note.
State portal status.
Payment reconciliation spreadsheet.
Director email thread.

Each place may be reasonable on its own.

Together, they create a fragile record chain.

The work is not just entering data. It is proving that the data agrees across every place it landed.

That is why fragmented records wear directors down. The same child, same dates, and same care can turn into a detective project at month close.

One small improvement: choose one subsidized child from the last completed month and trace the full path from attendance to claim to payment.

If it takes more than a few minutes, the process is carrying hidden labor.",apps/site/src/content/guides/true-cost-childcare-billing-errors.md,https://pebbledesk.app/resources/guides/true-cost-childcare-billing-errors/,"writer self-reviewed: truth, source, humanization, brand, duplication, LinkedIn fit",Draws from billing reconciliation risks and frames them as a useful operator self-check.
217,2026-05-20,10:00,2026-05-20T15:00:00.000Z,LinkedIn company page,cmorpckmz03sbqi0yay2i3ds6,Credential tracking and compliance maintenance,Practical tip,"A spreadsheet can hold staff credential dates.

It cannot care that CPR expires next month.

That difference matters in childcare.

Staff qualifications are not just HR details. They affect who can be counted in ratio, what documentation a licensor may ask for, and whether a preventable lapse turns into a citation.

Manual tracking usually works until the director is juggling too many staggered dates:

CPR.
First aid.
Background checks.
Required training hours.
State-specific credentials.

The risk is not that directors do not care. The risk is that the reminder lives in a file nobody opens until something is already late.

A practical habit if you are still spreadsheet-based:

Review credential expirations on the first business day of every month and sort by next renewal date, not by staff name.

The goal is to find the next problem before it becomes today's problem.",apps/site/src/content/guides/migrating-from-excel-to-childcare-software.md,https://pebbledesk.app/resources/guides/migrating-from-excel-to-childcare-software/,"writer self-reviewed: truth, source, humanization, brand, duplication, LinkedIn fit",Uses the Excel guide's credential expiration tracking warning and gives a practical manual fallback.
218,2026-05-20,11:00,2026-05-20T16:00:00.000Z,LinkedIn company page,cmorpckmz03sbqi0yay2i3ds6,Attendance records and audit exposure,Documentation lesson,"One incomplete attendance record rarely stays in one lane.

It can affect:

Family billing.
Subsidy claims.
Ratio documentation.
CACFP meal counts, if applicable.
Licensing review questions.
Emergency accountability.

That is why manual attendance errors compound.

The attendance guide gives a simple example: across 50 children and 260 operating days, even a 1% error rate can create 130 documentation gaps in a year.

The point is not to scare directors with math.

It is to show why small gaps feel so big by Friday.

Each missing time, unclear absence, or reconstructed sign-in may have to be explained in more than one place.

A cleaner attendance process does not just save data entry time. It protects the records that other childcare admin work depends on.",apps/site/src/content/guides/cost-of-manual-attendance-tracking.md,https://pebbledesk.app/resources/guides/cost-of-manual-attendance-tracking/,"writer self-reviewed: truth, source, humanization, brand, duplication, LinkedIn fit",Uses the source's compounding error example and links attendance to multiple downstream records.
219,2026-05-20,12:00,2026-05-20T17:00:00.000Z,LinkedIn company page,cmorpckmz03sbqi0yay2i3ds6,Migration planning and record retention,Migration guidance,"Moving away from Excel does not mean throwing old spreadsheets away.

For childcare centers, historical spreadsheets are still records for the period before the new software start date.

The practical move is to separate two jobs:

Migration records: what the new system needs to run tomorrow.
Archive records: what you may need to prove about last year.

Migrate current child records, family billing contacts, current rates, staff records, certifications, and active subsidy eligibility details.

Keep historical attendance, billing, enrollment, and staff spreadsheets organized by year and record type.

The Excel migration guide recommends retaining at least three full years of historical Excel attendance, billing, and staff records after migration, while also checking the retention rules that apply to your program.

The goal is not to digitize every old file.

The goal is to know exactly where the old proof lives.",apps/site/src/content/guides/migrating-from-excel-to-childcare-software.md,https://pebbledesk.app/resources/guides/migrating-from-excel-to-childcare-software/,"writer self-reviewed: truth, source, humanization, brand, duplication, LinkedIn fit","Source-backed migration and historical record retention guidance, with careful non-legal phrasing."
220,2026-05-20,13:00,2026-05-20T18:00:00.000Z,LinkedIn company page,cmorpckmz03sbqi0yay2i3ds6,Product positioning and connected records,Positioning post,"PebbleDesk's core promise is not ""more software.""

It is fewer disconnected records.

Childcare directors do not need another place to copy attendance into billing, billing into subsidy review, and subsidy notes into a spreadsheet for later.

They need the operating story to stay together:

Attendance.
Ratios.
Subsidy billing.
Family records.
Reports.

PebbleDesk is childcare center administration software for licensed centers, family childcare homes, and multi-site operators that need audit-ready records without the end-of-week scramble.

That phrase matters because the scramble is real.

It is the director rebuilding what happened after the week is already over.

Connected records make it easier to answer the question while the answer is still fresh.",apps/site/src/config/site.ts,https://pebbledesk.app/,"writer self-reviewed: truth, source, humanization, brand, duplication, LinkedIn fit","Uses site config positioning, tagline, product category, and target audience without making unsupported product claims."
221,2026-05-20,14:00,2026-05-20T19:00:00.000Z,LinkedIn company page,cmorpckmz03sbqi0yay2i3ds6,Billing errors and financial control,Error taxonomy,"Most childcare billing errors are not dramatic.

They are ordinary administrative misses:

A missing attendance signature.
An expired subsidy authorization.
A co-pay note that was not documented.
A rate code that did not get updated when a child aged into a new category.
An absent day counted the wrong way.
A mixed-funding child set up incorrectly.

None of these require bad intent.

They require fragmented records and a busy director trying to line everything up at month close.

That is why billing accuracy is not only a finance problem. It is a record design problem.

When enrollment, attendance, authorization, billing, and reconciliation live apart, the center relies on memory and repeated manual checks.

When those records stay connected, discrepancies have a better chance of showing up before the claim is submitted or the family gets a confusing bill.",apps/site/src/content/guides/true-cost-childcare-billing-errors.md,https://pebbledesk.app/resources/guides/true-cost-childcare-billing-errors/,"writer self-reviewed: truth, source, humanization, brand, duplication, LinkedIn fit",Summarizes the source's six billing error types and avoids promising error elimination.
222,2026-05-20,15:00,2026-05-20T20:00:00.000Z,LinkedIn company page,cmorpckmz03sbqi0yay2i3ds6,Change management and staff training,Transition mistake,"One common paper-to-digital mistake in childcare:

Running both systems for too long.

Paper feels familiar, so staff keep using it.
Digital feels optional, so the record stays incomplete.
The director ends up checking both, trusting neither, and doing more work than before.

The transition guide recommends a hard cutoff date for the old paper process, often after the new workflow has had a few weeks to settle.

That does not mean rushing the change.

It means preparing it well:

Tell parents early.
Train staff on the first workflow only.
Support check-in during the first live week.
Review the first 30 days before adding more features.

A temporary parallel period can help catch gaps.

An indefinite parallel period usually creates them.",apps/site/src/content/guides/transitioning-from-paper-to-digital-childcare.md,https://pebbledesk.app/resources/guides/transitioning-from-paper-to-digital-childcare/,"writer self-reviewed: truth, source, humanization, brand, duplication, LinkedIn fit","Uses transition guide advice about hard cutoffs and phased rollout, framed as a practical mistake to avoid."
223,2026-05-20,16:00,2026-05-20T21:00:00.000Z,LinkedIn company page,cmorpckmz03sbqi0yay2i3ds6,Subsidy documentation and audit readiness,Data-backed caution,"A paper-to-digital transition is a good time to clean up subsidy documentation.

One source-backed reason: the repo cites a 3.55% national CCDF improper payment rate in 2023, with missing or insufficient documentation behind a large share of errors.

That does not mean centers are doing something dishonest.

It often means the record is harder to prove than the care was to provide.

Before moving old billing habits into a new system, check the basics:

Are attendance records complete enough to support claims?
Are authorization dates current?
Are co-pays recorded in a consistent place?
Can short-pays and corrections be found later?

Digitizing a weak process only makes the weak spots easier to repeat.

Use the transition to make the billing record easier for the next director, bookkeeper, or reviewer to understand.",apps/site/src/content/guides/true-cost-childcare-billing-errors.md,https://pebbledesk.app/resources/guides/true-cost-childcare-billing-errors/,"writer self-reviewed: truth, source, humanization, brand, duplication, LinkedIn fit","Uses allowed CCDF improper payment and documentation claims with careful, non-legal framing."
224,2026-05-20,17:00,2026-05-20T22:00:00.000Z,LinkedIn company page,cmorpckmz03sbqi0yay2i3ds6,Daily closeout and operational discipline,End-of-day checklist,"A simple end-of-day check for centers still using paper, Excel, or mixed systems:

Before the record leaves today's memory, ask:

Are every child's arrival and departure times complete?
Were absences marked clearly enough for billing review?
Do room moves or partial days need notes?
Are subsidy children matched to the right authorization period?
Did any staff credential issue affect who could be counted in coverage?
Did today's attendance create a billing question that should be resolved now?

This is not about adding another admin ritual.

It is about stopping tomorrow from inheriting today's loose ends.

Manual systems can work only when the closeout habit is strong.

Without it, the director pays later: in Friday cleanup, billing disputes, subsidy reconciliation, or a licensing question that should have been easy to answer.",apps/site/src/content/guides/cost-of-manual-attendance-tracking.md,https://pebbledesk.app/resources/guides/cost-of-manual-attendance-tracking/,"writer self-reviewed: truth, source, humanization, brand, duplication, LinkedIn fit",Turns manual attendance and downstream billing risks into a concrete end-of-day checklist.
225,2026-05-20,18:00,2026-05-20T23:00:00.000Z,LinkedIn company page,cmorpckmz03sbqi0yay2i3ds6,Manual records and operational relief,Closing thought,"The cost of fragmented childcare records is not only money.

It is the director's attention.

Attention spent matching attendance to billing.
Attention spent finding the current subsidy authorization.
Attention spent checking whether a staff credential date was updated.
Attention spent explaining why two records disagree.
Attention spent rebuilding the week after the week is already over.

Some of that work will always exist. Childcare administration has real compliance, billing, and documentation responsibilities.

But the unnecessary part is making directors connect the same facts over and over by hand.

A sturdy record system should let one clean attendance entry support the next question:

Who was here?
What room were they in?
What ratio applied?
What was billed?
What proof do we have?

That is the quiet value of connected records.

Less reconstruction. Fewer loose ends. More room to run the center.",apps/site/src/config/site.ts,https://pebbledesk.app/,"writer self-reviewed: truth, source, humanization, brand, duplication, LinkedIn fit",Closes the day by tying PebbleDesk's connected-record positioning back to the theme of manual and fragmented record cost.
226,2026-05-21,04:00,2026-05-21T09:00:00.000Z,LinkedIn company page,cmorpckmz03sbqi0yay2i3ds6,Waitlist management and enrollment conversion,Practical tip,"A childcare waitlist is not proof that enrollment is handled.

It is proof that families were interested at one point.

The hard part is what happens between inquiry and an open spot:

Did anyone confirm the family's start date?
Is the child still the right age for the room?
Has the family found care somewhere else?
Did tuition change since they first called?
Is the contact information still current?

A 60-family waitlist can still leak enrollment if nobody is managing the gap.

A smaller, current list may be more useful than a long list full of families who stopped looking months ago.

The practical test for directors:

If a toddler spot opened this morning, could you name the next three families to call without rebuilding the list from email, paper notes, and memory?

If not, the issue is not demand.

It is waitlist operations.",apps/site/src/content/guides/managing-childcare-waitlist-guide.md,https://pebbledesk.app/resources/guides/managing-childcare-waitlist-guide/,"writer self-reviewed: truth, source, humanization, brand, duplication, LinkedIn fit","Opens the day with the guide's central point that a managed waitlist is a pipeline, not a static list."
227,2026-05-21,05:00,2026-05-21T10:00:00.000Z,LinkedIn company page,cmorpckmz03sbqi0yay2i3ds6,Inquiry capture and record quality,Practical checklist,"The quality of a waitlist starts at sign-up.

If the first inquiry captures only a name and phone number, the director has to fill in the missing pieces later, usually when a spot is already open.

At minimum, collect:

Child's name.
Date of birth.
Guardian name.
Phone and email.
Preferred contact method.
Anticipated start date or date range.
Care type needed.
Referral source.
Notes from the initial conversation.

That information is not busywork.

Date of birth tells you the likely classroom.
Start date tells you urgency.
Care type tells you whether the opening is a real match.
Referral source tells you which marketing channels are producing serious inquiries.

A paper sign-up sheet may feel quick at the front desk.

But when a spot opens, searchable, sortable inquiry records are what turn interest into an enrollment conversation.",apps/site/src/content/guides/managing-childcare-waitlist-guide.md,https://pebbledesk.app/resources/guides/managing-childcare-waitlist-guide/,"writer self-reviewed: truth, source, humanization, brand, duplication, LinkedIn fit",Uses the waitlist guide's minimum data fields and explains why each field matters operationally.
228,2026-05-21,06:00,2026-05-21T11:00:00.000Z,LinkedIn company page,cmorpckmz03sbqi0yay2i3ds6,Age-group demand and classroom capacity,Teaching post,"A full waitlist can hide the real capacity question.

The number that matters is not only total families waiting.

It is where they fit.

Twenty-five infant inquiries and two preschool inquiries tell a different story than twenty-seven families spread evenly across rooms.

A long infant list may point to unmet demand.
A short toddler list may point to a future backfill problem.
A deep preschool list may point to demand that will not help an infant opening.

This is why waitlists need age-group structure, not just a timestamp.

When a child ages during a long wait, the room they need may change. When a classroom opens, the director needs to know which families are eligible today, not which families called first six months ago.

For capacity planning, ask quarterly:

Which age groups have real waiting demand?
Which rooms are likely to open soon?
Where are we carrying names that will not convert into the next available spot?",apps/site/src/content/features/waitlist-management.md,https://pebbledesk.app/features/waitlist-management/,"writer self-reviewed: truth, source, humanization, brand, duplication, LinkedIn fit",Grounded in the waitlist feature page's age-group assignment and capacity planning claims.
229,2026-05-21,07:00,2026-05-21T12:00:00.000Z,LinkedIn company page,cmorpckmz03sbqi0yay2i3ds6,Waitlist follow-up and family engagement,Director habit,"Most waitlist follow-up fails because it depends on the director remembering.

And directors are already remembering too much.

A practical waitlist cadence can be simple:

At sign-up: confirm the family is on the list, note their position if you share it, and explain the next step.

Monthly: send a brief touchpoint so your center stays familiar.

Quarterly: ask families to confirm they are still looking for care.

Sixty days before the expected start window: check whether their timeline, schedule, or contact information has changed.

When a spot opens: call personally, especially if the family has waited months.

None of this needs to be elaborate.

The point is to avoid calling a family with good news and learning they enrolled elsewhere six weeks ago.

Waitlist communication is not extra marketing. It is enrollment preservation.",apps/site/src/content/guides/managing-childcare-waitlist-guide.md,https://pebbledesk.app/resources/guides/managing-childcare-waitlist-guide/,"writer self-reviewed: truth, source, humanization, brand, duplication, LinkedIn fit",Turns the source guide's contact cadence into a director habit post.
230,2026-05-21,08:00,2026-05-21T13:00:00.000Z,LinkedIn company page,cmorpckmz03sbqi0yay2i3ds6,Enrollment operations and inquiry response,Risk callout,"The first center to respond often feels like the most organized center.

That matters when a family is looking for care.

They may be returning from leave.
Their current arrangement may have fallen through.
Another center may have changed availability.
They may be contacting two or three programs at once.

A slow response does not just delay the conversation. It teaches the family something about how hard it may be to reach you later.

A useful goal from the daycare marketing guide:

Respond to inquiries within one hour during business hours.

That does not require a long message. It requires a clear one:

Thank you for reaching out.
Here are the ages we serve.
Here is our current availability or waitlist next step.
Here is how to schedule a tour or complete an inquiry form.
Here is who will follow up.

Enrollment demand is valuable only if the center can catch it while the family is still deciding.",apps/site/src/content/guides/how-to-market-your-daycare-center.md,https://pebbledesk.app/resources/guides/how-to-market-your-daycare-center/,"writer self-reviewed: truth, source, humanization, brand, duplication, LinkedIn fit",Uses the marketing guide's inquiry response time section and ties it to enrollment operations.
231,2026-05-21,09:00,2026-05-21T14:00:00.000Z,LinkedIn company page,cmorpckmz03sbqi0yay2i3ds6,Priority rules and fair enrollment practices,Operator question,"Who is next on the waitlist?

That question should not depend on who remembers the last phone call.

Many childcare centers have legitimate priority rules:

Sibling preference.
First-come order.
Income-based enrollment priorities.
Employer partnership agreements.
Age-group fit.
Specific schedule needs.

The risk is not having priorities.

The risk is having them live in the director's head instead of the record.

If a family asks why another child received an offer first, the center should be able to explain the process calmly and consistently.

PebbleDesk supports priority order within age groups and keeps follow-up notes against the waitlist record. Directors still review offers before contacting families, which matters when enrollment priority rules need human judgment.

A good waitlist process makes the next call clear.

It also makes the reason for that call explainable.",apps/site/src/content/features/waitlist-management.md,https://pebbledesk.app/features/waitlist-management/,"writer self-reviewed: truth, source, humanization, brand, duplication, LinkedIn fit",Grounded in the feature page's priority ordering and director-reviewed family outreach description.
232,2026-05-21,10:00,2026-05-21T15:00:00.000Z,LinkedIn company page,cmorpckmz03sbqi0yay2i3ds6,Enrollment records and downstream operations,Teaching post,"Enrollment records are not just the start of the family file.

They are the foundation for the rest of center administration.

A child record affects:

Classroom assignment.
Attendance.
Ratio review.
Guardian communication.
Authorized pickup.
Billing contact.
Subsidy eligibility.
Withdrawal history.

When those pieces are scattered, staff solve the same record problem again and again.

The teacher needs the classroom roster.
The office needs the billing contact.
The closer needs the pickup permission.
The director needs subsidy context.

PebbleDesk supports children, guardians, classrooms, authorized pickup, billing contacts, subsidy-related fields, and active, waitlist, and withdrawn status as part of the enrollment record.

That matters because a spot does not become usable capacity until the record can support daily care.

Enrollment is not finished when a family says yes.

It is finished when the center can run the child's first day without hunting for basic information.",apps/site/src/content/features/enrollment-records.md,https://pebbledesk.app/features/enrollment-records/,"writer self-reviewed: truth, source, humanization, brand, duplication, LinkedIn fit",Uses the enrollment records page's supported record types and active/waitlist/withdrawn status.
233,2026-05-21,11:00,2026-05-21T16:00:00.000Z,LinkedIn company page,cmorpckmz03sbqi0yay2i3ds6,Tour follow-up and enrollment handoff,Practical tip,"A tour should not end with, ""Let us know what you think.""

That leaves the enrollment handoff too loose.

Families are often touring multiple centers. The one that follows up clearly and promptly stands out because the next step is easier to take.

A stronger tour close sounds practical:

Here is the room your child would enter.
Here is the next opening we expect.
Here is the tuition rate and fee policy.
Here is what holds the spot.
Here is the enrollment paperwork timeline.
Here is when we will follow up.

Then send a message within 24 hours.

Not a sales essay. A calm recap.

Thank you for visiting.
Here is the availability we discussed.
Here is the next step if you want the spot or waitlist position.
Here is who to contact with questions.

A good tour does not pressure a family.

It removes confusion at the exact moment they are deciding.",apps/site/src/content/guides/how-to-market-your-daycare-center.md,https://pebbledesk.app/resources/guides/how-to-market-your-daycare-center/,"writer self-reviewed: truth, source, humanization, brand, duplication, LinkedIn fit",Based on the marketing guide's open-house/tour guidance and 24-hour follow-up recommendation.
234,2026-05-21,12:00,2026-05-21T17:00:00.000Z,LinkedIn company page,cmorpckmz03sbqi0yay2i3ds6,Capacity planning and waitlist data,Practical checklist,"A waitlist can answer more than, ""Who is waiting?""

If the data is kept current, it can help answer capacity questions:

How many infants are waiting?
How many toddlers are waiting?
How many families need full-time care?
How many need only certain days?
Which start dates are clustered around fall?
Which families came from referrals, Google, or tours?
Which ZIP codes appear most often?
Which families have stopped responding?

Those answers help owners and directors separate demand from noise.

A 30-family list with no start dates, no age groups, and stale phone numbers is not a planning tool.

A 12-family list with current ages, schedules, timelines, and follow-up notes may tell you exactly what room pressure is coming next.

Review the list quarterly.

Not only to clean it.

To ask whether your enrollment demand matches the capacity you are trying to create.",apps/site/src/content/guides/managing-childcare-waitlist-guide.md,https://pebbledesk.app/resources/guides/managing-childcare-waitlist-guide/,"writer self-reviewed: truth, source, humanization, brand, duplication, LinkedIn fit","Uses the guide's capacity planning section: age group, start date, care type, geography, seasonality, and quarterly review."
235,2026-05-21,13:00,2026-05-21T18:00:00.000Z,LinkedIn company page,cmorpckmz03sbqi0yay2i3ds6,Waitlist fees and family expectations,Risk callout,"A waitlist fee should not be a surprise at the end of the inquiry call.

If a center charges one, the family needs the terms upfront:

Amount.
What the fee does and does not hold.
Whether it is refundable.
Whether it applies toward enrollment.
What happens if no matching spot opens.
What happens if the family declines a matching spot.

The waitlist guide notes that hold fees are common in competitive markets, but directors should verify their state rules before charging one.

The practical point is bigger than the fee itself.

Families should know what commitment they are making.

A fee can filter for serious interest. It can also create frustration if the policy is vague, inconsistent, or explained only after the family has already invested emotionally in the center.

Clear terms protect both sides.

The center avoids casual sign-ups.
The family avoids guessing what their payment means.",apps/site/src/content/guides/managing-childcare-waitlist-guide.md,https://pebbledesk.app/resources/guides/managing-childcare-waitlist-guide/,"writer self-reviewed: truth, source, humanization, brand, duplication, LinkedIn fit",Uses the waitlist fee section while keeping the post non-legal and practical.
236,2026-05-21,14:00,2026-05-21T19:00:00.000Z,LinkedIn company page,cmorpckmz03sbqi0yay2i3ds6,Waitlist conversion and offer management,Director habit,"When a childcare spot opens, speed matters.

But clarity matters just as much.

A strong spot offer includes:

The classroom or age group.
The available start date.
The schedule being offered.
The tuition rate and any required fees.
The response deadline.
The next step to hold the spot.
Who to call with questions.

The waitlist guide cautions against too-short response windows. A family who has waited months may miss a same-day email because they are working, traveling, or caring for another child.

Forty-eight to seventy-two hours is often more reasonable than a 24-hour ultimatum.

The director still needs movement. The family still deserves a fair chance to respond.

The goal is to fill the room without making the process feel chaotic.

A clear offer respects both the center's capacity and the family's decision.",apps/site/src/content/guides/managing-childcare-waitlist-guide.md,https://pebbledesk.app/resources/guides/managing-childcare-waitlist-guide/,"writer self-reviewed: truth, source, humanization, brand, duplication, LinkedIn fit","Based on the guide's converting waitlist families section, especially offer clarity and response windows."
237,2026-05-21,15:00,2026-05-21T20:00:00.000Z,LinkedIn company page,cmorpckmz03sbqi0yay2i3ds6,Marketing channels and waitlist quality,Teaching post,"Not every inquiry source produces the same kind of waitlist.

Referrals often arrive with trust already built.
Google searches often arrive with urgent local intent.
Social media may keep your center visible to families who are not ready yet.
Paid ads may create inquiries, but the real question is whether they become tours, waitlist families, and enrolled children.

That is why ""How did you hear about us?"" belongs in the inquiry record.

It is not just a marketing question.

It helps directors understand where serious enrollment demand is coming from.

If referral families convert faster, ask current families more consistently.
If Google inquiries are strong, keep the Business Profile current.
If social media creates awareness but not enrollment, treat it as trust-building rather than a direct admissions lever.

The marketing work and the waitlist record should talk to each other.

Otherwise, the center only knows that the phone rang.",apps/site/src/content/guides/how-to-market-your-daycare-center.md,https://pebbledesk.app/resources/guides/how-to-market-your-daycare-center/,"writer self-reviewed: truth, source, humanization, brand, duplication, LinkedIn fit","Combines the marketing guide's referral, Google, social, and inquiry guidance with the waitlist guide's source tracking field."
238,2026-05-21,16:00,2026-05-21T21:00:00.000Z,LinkedIn company page,cmorpckmz03sbqi0yay2i3ds6,Product education and enrollment operations,Product education,"PebbleDesk waitlist management is built around the moment a spot opens.

That is the moment directors need less digging and more clarity.

The record keeps the family inquiry, child date of birth, age-group fit, priority order, contact details, and follow-up history together.

So when a toddler opening appears, the director can see which waitlisted children are the right age, who has waited longest, who has been contacted recently, and how to reach the family.

PebbleDesk does not automatically send offers without director review.

That is intentional.

Childcare enrollment often involves priority rules, sibling preference, age fit, schedule fit, and human judgment. The system should surface the next best records, not remove the director from the decision.

The point is not to store a longer list.

The point is to make the next enrollment action obvious enough to take before the room sits open.",apps/site/src/content/features/waitlist-management.md,https://pebbledesk.app/features/waitlist-management/,"writer self-reviewed: truth, source, humanization, brand, duplication, LinkedIn fit","Direct product education grounded in the waitlist feature page's inquiry capture, age-group, priority, follow-up, and director-review claims."
239,2026-05-21,17:00,2026-05-21T22:00:00.000Z,LinkedIn company page,cmorpckmz03sbqi0yay2i3ds6,Enrollment record cleanup and first-day readiness,End-of-day checklist,"Before a waitlisted child becomes an active enrollment, check the record like tomorrow morning depends on it.

Because it does.

Child name and date of birth.
Classroom assignment.
Start date.
Schedule.
Guardian contacts.
Authorized pickup list.
Billing contact.
Subsidy eligibility details, if applicable.
Emergency information.
Enrollment status changed from waitlist to active.
Withdrawal or decline history kept when relevant.

This is the quiet admin work that prevents louder problems later.

A missing pickup permission becomes a closing-time question.
A wrong classroom becomes a ratio issue.
A stale billing contact becomes an invoice delay.
A missing subsidy field becomes a reimbursement follow-up problem.

Clean enrollment records are not clerical perfection.

They are how usable capacity becomes a child the center can care for, bill for, and document correctly.",apps/site/src/content/features/enrollment-records.md,https://pebbledesk.app/features/enrollment-records/,"writer self-reviewed: truth, source, humanization, brand, duplication, LinkedIn fit",Uses the enrollment records page to connect waitlist conversion to active-record readiness.
240,2026-05-21,18:00,2026-05-21T23:00:00.000Z,LinkedIn company page,cmorpckmz03sbqi0yay2i3ds6,Enrollment operations and director relief,Closing thought,"Demand is not the same as capacity.

A family inquiry is demand.
A waitlist name is demand.
A tour is demand.
A referral is demand.

Usable capacity is different.

It is the right child for the right room.
A current family contact.
A clear start date.
A schedule that fits the opening.
A completed enrollment record.
Pickup permissions in place.
Billing contact connected.
Subsidy context captured when needed.
A director who knows who to call next.

That is the work hidden inside ""we have a waitlist.""

For childcare centers, the opportunity is not only filling open spots.

It is building a process where demand can become enrollment without the director rebuilding the story from paper notes, emails, and memory every time a classroom changes.

A waitlist should create relief, not another pile to manage.",apps/site/src/content/features/waitlist-management.md,https://pebbledesk.app/features/waitlist-management/,"writer self-reviewed: truth, source, humanization, brand, duplication, LinkedIn fit","Closes the day by tying waitlist demand, enrollment records, and capacity conversion back to PebbleDesk's waitlist positioning."
241,2026-05-22,04:00,2026-05-22T09:00:00.000Z,LinkedIn company page,cmorpckmz03sbqi0yay2i3ds6,Pricing transparency and buyer confidence,Opening thought,"The hardest childcare software price to budget for is not always the highest one.

It is the unclear one.

A director should not need three demos, two follow-up calls, and a spreadsheet built after bedtime just to answer:

What will this cost my center this year?
What changes if enrollment grows?
Are payment fees separate?
Is setup included?
Can I cancel without getting surprised by renewal terms?
Will I pay more for the compliance records I actually need?

Pricing transparency matters because childcare budgets are already tight. A center still has payroll, food, substitutes, supplies, insurance, rent, and families asking careful questions about tuition.

The software line item should be explainable before a director signs.

A simple test for any childcare platform:

Can you write the first-year cost on one page, including subscription, payment processing, setup, training, hardware, contract term, and renewal rules?

If the answer is no, you do not have the real price yet.",apps/site/src/content/lead-magnets/childcare-software-pricing-comparison.md,https://pebbledesk.app/free/childcare-software-pricing-comparison/,"writer self-reviewed: truth, source, humanization, brand, duplication, LinkedIn fit",Frames the day around the pricing comparison lead magnet's point that subscription price alone does not show total cost.
242,2026-05-22,05:00,2026-05-22T10:00:00.000Z,LinkedIn company page,cmorpckmz03sbqi0yay2i3ds6,Total cost of ownership,Practical checklist,"When comparing childcare software, build the total-cost line before you compare features.

Not just the monthly subscription.

The real cost can include:

Subscription fee.
Payment processing fees.
Setup or onboarding charges.
Data migration support.
Training sessions.
Check-in tablets or kiosks.
Card readers or scanners.
Support tier upgrades.
Paid integrations.
Contract increases at renewal.
Extra charges for locations, children, rooms, or users.

Then add the operational cost that does not appear on the invoice:

Staff retraining.
Manual subsidy workarounds.
Extra export cleanup before an audit.
Time spent reconciling attendance against billing.

The cheapest quote can become expensive if it leaves the director rebuilding records every Friday.

A better buying question is:

What will this system cost us in dollars, staff time, and audit-prep effort over the next 12 months?",apps/site/src/content/lead-magnets/childcare-software-pricing-comparison.md,https://pebbledesk.app/free/childcare-software-pricing-comparison/,"writer self-reviewed: truth, source, humanization, brand, duplication, LinkedIn fit",Turns the hidden-cost sections into a director checklist without over-indexing on any one competitor.
243,2026-05-22,06:00,2026-05-22T11:00:00.000Z,LinkedIn company page,cmorpckmz03sbqi0yay2i3ds6,Payment processing fee awareness,Risk callout,"Payment processing is where childcare software pricing can quietly stop feeling flat.

If tuition collection runs through the platform, ask for the processing rate before you compare quotes.

A subscription might look manageable.
A percentage on every credit-card tuition payment can change the annual cost.

Our Brightwheel pricing breakdown notes that Brightwheel publishes payment processing terms of 2.9% plus $0.30 per credit card transaction and 0.6% per ACH transfer.

That does not mean every center will pay the same total. It depends on tuition volume, card mix, ACH use, and how families pay.

But it does mean directors should calculate the fee exposure before signing.

Use your own numbers:

Monthly tuition collected.
Percent paid by credit card.
Percent paid by ACH.
Average number of transactions.
Subscription cost.
Any setup or training costs.

The real comparison is not subscription versus subscription.

It is subscription plus processing plus the work still left on the director's desk.",apps/site/src/content/pricing-breakdowns/brightwheel-pricing.md,https://pebbledesk.app/compare/pricing/brightwheel/,"writer self-reviewed: truth, source, humanization, brand, duplication, LinkedIn fit",Uses the Brightwheel source's published processing-fee claim while avoiding unsupported blanket cost claims.
244,2026-05-22,07:00,2026-05-22T12:00:00.000Z,LinkedIn company page,cmorpckmz03sbqi0yay2i3ds6,Software ROI and admin time,Practical tip,"Most childcare software ROI math forgets the director's time.

That is a costly omission.

If you spend three hours reconciling attendance against invoices, that is not free because you did it yourself.

If you spend Friday afternoon checking subsidy attendance records, that is not free because it happened after lunch.

If you rebuild staff credential reports before licensing visits, that is not free because it has always been part of the job.

Start with a simple calculation:

Weekly admin hours spent on billing, subsidy reconciliation, attendance cleanup, staff records, and reports.
Multiplied by your real hourly cost.
Multiplied by 52 weeks.

Then compare that annual number to the software cost.

A center buying software is not choosing between software and zero cost.

It is choosing between visible software cost and the hidden cost already being paid in director time, staff interruptions, billing rework, and audit-prep stress.",apps/site/src/content/guides/childcare-software-roi-calculator-guide.md,https://pebbledesk.app/resources/guides/childcare-software-roi-calculator-guide/,"writer self-reviewed: truth, source, humanization, brand, duplication, LinkedIn fit",Draws from the ROI guide's core point that directors often undervalue their own time.
245,2026-05-22,08:00,2026-05-22T13:00:00.000Z,LinkedIn company page,cmorpckmz03sbqi0yay2i3ds6,Flat pricing and center budgeting,Product education,"One reason we publish PebbleDesk pricing plainly:

Childcare directors need numbers they can put into a budget.

Current PebbleDesk plans are tiered flat pricing with annual billing as the default:

Home: see the canonical PebbleDesk pricing page for current Home plan terms.
Center Starter: see the canonical PebbleDesk pricing page for current Center Starter terms.
Center Pro: see the canonical PebbleDesk pricing page for current Center Pro terms.
Group: see the canonical PebbleDesk pricing page for current Group terms.
Enterprise: custom.

Monthly billing is available.

Self-serve plans have no setup fee, no credit card is required for the 30-day free trial, and center plans do not add a surprise per-child charge.

That matters because software should not make a director guess whether adding three children in September changes the bill.

The work of running a center already has enough moving parts.

The pricing page should not be another one.",apps/site/src/config/site.ts,https://pebbledesk.app/pricing/,"writer self-reviewed: truth, source, humanization, brand, duplication, LinkedIn fit",Uses current siteConfig pricing and trust-signal language rather than older pricing in the strategy doc.
246,2026-05-22,09:00,2026-05-22T14:00:00.000Z,LinkedIn company page,cmorpckmz03sbqi0yay2i3ds6,Contract negotiation and renewal risk,Risk callout,"A childcare software contract can look harmless because the monthly price fits the budget.

Then the renewal terms do the real damage.

Before signing, ask:

Does the contract auto-renew?
How much notice do we get before renewal?
Can the price increase during the term?
Can we export all historical records if we cancel?
How long do we retain read-only access after cancellation?
What support response time is promised when attendance or billing is affected?

These are not dramatic legal questions.

They are operational questions.

A childcare center may need attendance, payment, subsidy, staff, and incident records long after a software switch. A licensing or billing review does not care that the vendor relationship ended.

The best time to ask for data portability, a price lock, and a clearer renewal window is before the first signature.

After staff are trained and billing is running, your negotiating position is weaker because switching costs are real.",apps/site/src/content/guides/childcare-software-contract-negotiation.md,https://pebbledesk.app/resources/guides/childcare-software-contract-negotiation/,"writer self-reviewed: truth, source, humanization, brand, duplication, LinkedIn fit","Uses the contract guide's clauses that matter: auto-renewal, price lock, data portability, support, and leverage timing."
247,2026-05-22,10:00,2026-05-22T15:00:00.000Z,LinkedIn company page,cmorpckmz03sbqi0yay2i3ds6,Data portability and audit readiness,Director habit,"The most important pricing clause may not mention price.

It may be data portability.

For a childcare center, export rights are not a nice-to-have. They protect the record after a software switch.

Ask every vendor:

Can we export all child records?
All historical attendance?
All billing history?
All subsidy documentation?
All staff credential records?
All incident records?
In what format?
At what point during the subscription?
For how long after cancellation?

A contract that only promises current-record export can leave a director exposed when a past-period licensing, subsidy, or billing question appears.

The center owns the operational story.

The vendor stores it.

Those are different things, and the contract should make that difference clear.",apps/site/src/content/guides/childcare-software-contract-negotiation.md,https://pebbledesk.app/resources/guides/childcare-software-contract-negotiation/,"writer self-reviewed: truth, source, humanization, brand, duplication, LinkedIn fit",Expands the contract guide's data portability clause into a childcare-specific audit-readiness post.
248,2026-05-22,11:00,2026-05-22T16:00:00.000Z,LinkedIn company page,cmorpckmz03sbqi0yay2i3ds6,Quote-based pricing and evaluation discipline,Operator question,"Quote-based pricing is not automatically bad.

For a multi-site childcare operator with complex migration, integrations, state reporting, and rollout support, a custom quote can make sense.

The problem is when quote-based pricing hides the basics from a director who is trying to compare options.

Before a sales call, write down your evaluation questions:

What is the base subscription?
What fees are usage-based?
What happens if enrollment grows?
Are payment processing fees required or optional?
Is setup included?
Is staff training included?
Is migration included?
What contract term is required?
What happens at renewal?
Can we export all records if we leave?

Then ask for the answer in writing.

A quote should clarify the cost of your center's real operating needs.

It should not make the director feel like she is negotiating in the dark.",apps/site/src/content/lead-magnets/childcare-software-pricing-comparison.md,https://pebbledesk.app/free/childcare-software-pricing-comparison/,"writer self-reviewed: truth, source, humanization, brand, duplication, LinkedIn fit",Keeps a balanced view of quote-based pricing while using the comparison guide's sales-call friction framing.
249,2026-05-22,12:00,2026-05-22T17:00:00.000Z,LinkedIn company page,cmorpckmz03sbqi0yay2i3ds6,Compliance value beyond pricing,Practical reminder,"A pricing comparison will not tell you whether a platform can defend your records.

It will tell you:

Subscription cost.
Payment fees.
Contract term.
Setup cost.
Maybe the renewal pattern.

It will not prove:

Whether ratio records match attendance.
Whether subsidy claims tie back to care delivered.
Whether staff credentials are easy to produce.
Whether licensing reports are usable.
Whether historical records export cleanly.
Whether your state-specific workflow is actually supported.

That is why directors evaluating childcare software need two spreadsheets:

One for cost.
One for proof.

The cost spreadsheet asks, ""What will we pay?""

The proof spreadsheet asks, ""When licensing, subsidy billing, or a parent account question comes up, can this system show what happened?""

The second question is often the one that decides whether the first price is worth it.",apps/site/src/content/lead-magnets/childcare-software-pricing-comparison.md,https://pebbledesk.app/free/childcare-software-pricing-comparison/,"writer self-reviewed: truth, source, humanization, brand, duplication, LinkedIn fit",Uses the lead magnet's compliance-gap section and reframes it as an evaluation habit.
250,2026-05-22,13:00,2026-05-22T18:00:00.000Z,LinkedIn company page,cmorpckmz03sbqi0yay2i3ds6,Software ROI and subsidy billing,Educational framework,"If your center bills subsidies, software ROI is not only about saving time.

It is also about reducing billing confusion before it becomes lost revenue or rework.

The ROI guide suggests looking at four buckets:

Admin hours saved.
Billing error reduction.
Subsidy reconciliation time saved.
Licensing risk reduction.

For subsidy-heavy centers, that third bucket deserves its own line.

How many hours do you spend each month checking eligibility, matching attendance, preparing claims, tracking status, and responding to documentation questions?

How many claim issues come from records living in different places?

How often does the director have to explain why an attendance record, invoice, and reimbursement do not line up cleanly?

A lower software price is helpful only if the subsidy record still holds together.

If the system saves $50 a month but leaves hours of reconciliation behind, it may not be cheaper.",apps/site/src/content/guides/childcare-software-roi-calculator-guide.md,https://pebbledesk.app/resources/guides/childcare-software-roi-calculator-guide/,"writer self-reviewed: truth, source, humanization, brand, duplication, LinkedIn fit",Uses the ROI guide's four-bucket formula and focuses it on subsidy reconciliation.
251,2026-05-22,14:00,2026-05-22T19:00:00.000Z,LinkedIn company page,cmorpckmz03sbqi0yay2i3ds6,Transparent trial and commitment terms,Product education,"A free trial should reduce pressure, not create a surprise bill.

PebbleDesk's current pricing copy keeps the trial terms plain:

30-day free trial.
No credit card required.
Email reminder 3 days before the trial ends.
30-day money-back guarantee after the first paid charge.
Annual billing is the default, with monthly billing available.
No long-term contract required.
Cancel any time.

Those details matter because directors are often evaluating software while the center is open, staff are asking questions, and billing still has to go out.

A trial should give a director room to test the jobs that matter:

Attendance.
Ratios.
Subsidy records.
Billing.
Staff records.
Audit exports.

Not room to wonder when the card will be charged.",apps/site/src/config/site.ts,https://pebbledesk.app/pricing/,"writer self-reviewed: truth, source, humanization, brand, duplication, LinkedIn fit","Uses the current siteConfig trial, reminder, guarantee, billing, and cancellation disclosures."
252,2026-05-22,15:00,2026-05-22T20:00:00.000Z,LinkedIn company page,cmorpckmz03sbqi0yay2i3ds6,Annual versus multi-year buying decisions,Practical tip,"Do not sign a multi-year childcare software contract just because the discount looks tidy.

First prove the system works in your center.

One full billing cycle tells you more than a polished demo:

Can staff record attendance consistently?
Do classroom records support ratio review?
Does billing match the care record?
Do subsidy claims have the documentation they need?
Can the director find reports without rebuilding them?
Do families understand the payment and communication changes?
Does support respond when a real issue appears?

The contract negotiation guide recommends treating annual as the safer first default for most childcare software buyers. Multi-year can make sense later, after the rollout is solid and subsidy billing has been validated.

A discount is useful.

But getting locked into the wrong record system is expensive in a way that does not fit neatly on the quote.",apps/site/src/content/guides/childcare-software-contract-negotiation.md,https://pebbledesk.app/resources/guides/childcare-software-contract-negotiation/,"writer self-reviewed: truth, source, humanization, brand, duplication, LinkedIn fit",Based on the contract guide's warning to validate operations before multi-year commitments.
253,2026-05-22,16:00,2026-05-22T21:00:00.000Z,LinkedIn company page,cmorpckmz03sbqi0yay2i3ds6,Competitor pricing evaluation,Balanced comparison,"When a competitor does not publish pricing, treat every number as a starting point.

Not proof.
Not a promise.
Not the final answer for your center.

For example, our Brightwheel pricing page separates estimated subscription ranges from Brightwheel's published payment processing terms because Brightwheel does not publicly list subscription prices.

That distinction matters.

Estimated subscription cost: confirm with the vendor.
Published processing rate: calculate against your own tuition volume.
Anecdotal pricing context: use it as a question to ask, not as a verdict.

This is the fair way to evaluate any childcare software vendor, including us.

Get the written quote.
Ask what is included.
Ask what is optional.
Ask what happens at renewal.
Ask whether the compliance records your center needs are part of the core product or an extra workaround.

Careful comparison is not cynicism.

It is how directors protect the budget and the record.",apps/site/src/content/pricing-breakdowns/brightwheel-pricing.md,https://pebbledesk.app/compare/pricing/brightwheel/,"writer self-reviewed: truth, source, humanization, brand, duplication, LinkedIn fit",Explicitly qualifies Brightwheel subscription figures as estimates and separates them from published processing terms.
254,2026-05-22,17:00,2026-05-22T22:00:00.000Z,LinkedIn company page,cmorpckmz03sbqi0yay2i3ds6,Evaluation worksheet and buyer discipline,End-of-day checklist,"Before a childcare software demo, bring your own pricing worksheet.

Fill in these lines during the call:

Base monthly price.
Annual price.
Contract length.
Auto-renewal notice window.
Setup fee.
Migration fee.
Training cost.
Payment processing rate.
Hardware requirements.
Support tier included.
Cost for extra children, users, rooms, or locations.
Cost for integrations.
Price-lock terms.
Data export rights.
Read-only access after cancellation.

Then add one more section:

Compliance proof.

Can the platform show attendance by room?
Can it support ratio review?
Can it tie subsidy billing back to attendance?
Can it export audit-ready records?
Can it keep historical records accessible?

A demo is useful, but a worksheet keeps the conversation honest.

Directors should leave with a cost they can budget and a record process they can trust.",apps/site/src/content/guides/childcare-software-contract-negotiation.md,https://pebbledesk.app/resources/guides/childcare-software-contract-negotiation/,"writer self-reviewed: truth, source, humanization, brand, duplication, LinkedIn fit",Combines contract guide clauses with pricing-comparison hidden costs into a practical demo worksheet.
255,2026-05-22,18:00,2026-05-22T23:00:00.000Z,LinkedIn company page,cmorpckmz03sbqi0yay2i3ds6,Pricing transparency and operational relief,Closing thought,"Transparent pricing is not just a buyer preference.

For childcare directors, it is a form of operational relief.

A clear price lets the director plan the budget.
A clear contract lets the owner understand the commitment.
Clear processing fees prevent a surprise after tuition runs.
Clear export rights protect records after a switch.
Clear support terms matter when billing, attendance, or ratio records are affected.
Clear compliance scope prevents paying for a parent app while still running subsidy reconciliation in a spreadsheet.

The goal is not to buy the cheapest software.

The goal is to buy software whose true cost matches the work it removes.

For PebbleDesk, that work is keeping attendance, ratios, subsidy billing, family records, and reports connected so directors are not rebuilding the story before licensing visits or payment reviews.

The right price should make that job easier to understand before the first account is created.",apps/site/src/config/site.ts,https://pebbledesk.app/pricing/,"writer self-reviewed: truth, source, humanization, brand, duplication, LinkedIn fit",Closes with current PebbleDesk positioning and the day's pricing-transparency theme.
256,2026-05-23,04:00,2026-05-23T09:00:00.000Z,LinkedIn company page,cmorpckmz03sbqi0yay2i3ds6,Subsidy participation and provider survival,Research-backed insight,"Here is the CCDF number that should make directors pause:

Provider participation fell from 475,394 in 2006 to 225,204 in 2022.

That is a 53% decline.

For centers that serve subsidy families, the lesson is operational as much as policy.

Subsidy work can quietly become its own second office:

Attendance has to match the claim.
Authorization dates have to stay current.
Rate codes have to fit the child and care type.
Co-pays need clean documentation.
Payments arrive after care is delivered.

None of that changes the mission. Families still need care.

But mission does not pay payroll by itself.

A subsidy-heavy center needs records tight enough to show what was delivered, what was billed, what was paid, and what still needs follow-up.

When those pieces stay connected, subsidy participation feels less like a monthly rescue project and more like work the center can actually sustain.",apps/site/src/content/guides/why-providers-leaving-subsidy-system.md,https://pebbledesk.app/resources/guides/why-providers-leaving-subsidy-system/,"writer self-reviewed: truth, source, humanization, brand, duplication, LinkedIn fit",Opens the day with the core source-backed participation decline and frames admin burden as an operational survival issue.
257,2026-05-23,05:00,2026-05-23T10:00:00.000Z,LinkedIn company page,cmorpckmz03sbqi0yay2i3ds6,Administrative burden and billing reality,Risk callout,"Low reimbursement rates matter.

So does the paperwork load directors carry to receive the reimbursement they are already owed.

The provider participation guide points to administrative burden as one reason centers leave the CCDF system. That burden looks familiar in the office:

Match attendance to authorized hours.
Check eligibility windows.
Track family co-pays.
Submit through the state portal.
Reconcile a payment that does not quite match.
Find records months later when a claim is reviewed.

The hard part is that none of this waits for a quiet day.

It sits on top of ratios, staffing, tours, parent questions, incidents, payroll, and licensing files.

A useful director question:

Can our subsidy process catch a small gap before it turns into delayed revenue?

If the answer depends on one person remembering everything, the process is too fragile.",apps/site/src/content/guides/why-providers-leaving-subsidy-system.md,https://pebbledesk.app/resources/guides/why-providers-leaving-subsidy-system/,"writer self-reviewed: truth, source, humanization, brand, duplication, LinkedIn fit",Uses the guide's admin burden framing and avoids overclaiming rate policy as the only driver.
258,2026-05-23,06:00,2026-05-23T11:00:00.000Z,LinkedIn company page,cmorpckmz03sbqi0yay2i3ds6,CCDF documentation discipline,Practical checklist,"A CCDF claim is only as strong as the chain behind it.

For most centers, that chain has four links:

Attendance record.
Authorization document.
Co-pay record.
Claim submission.

If one link is missing or inconsistent, the claim is exposed.

A child attends outside authorized hours.
A co-pay is collected but not documented.
An authorization expires mid-period.
A rate code is applied to the wrong age group.
A submitted claim is not saved anywhere outside the state portal.

That is how real revenue gets delayed, denied, or questioned later.

The practical habit:

Before submitting a subsidy claim, check each subsidized child against the same four links.

Was care documented?
Was the child authorized for those dates and hours?
Was the family portion documented according to your state's rules?
Was the claim saved with the submission date and expected reimbursement?

This is not extra paperwork for its own sake.

It is how a director keeps subsidy revenue from turning into a scavenger hunt.",apps/site/src/content/guides/ccdf-childcare-billing-guide.md,https://pebbledesk.app/resources/guides/ccdf-childcare-billing-guide/,"writer self-reviewed: truth, source, humanization, brand, duplication, LinkedIn fit",Turns the CCDF billing guide's continuous documentation chain into a practical pre-submission checklist.
259,2026-05-23,07:00,2026-05-23T12:00:00.000Z,LinkedIn company page,cmorpckmz03sbqi0yay2i3ds6,Cash flow and reimbursement timing,Director habit,"Most childcare subsidy reimbursements arrive after care has already been delivered and documented.

That one sentence explains a lot of director stress.

Staff wages are due now.
Rent is due now.
Food, supplies, and insurance are due now.

But subsidy payment may arrive later, depending on the state, claim timing, and whether anything gets flagged for review.

That means subsidy-heavy centers are often financing care before they are paid for it.

The operational habit is to treat pending subsidy claims like receivables, not like vague future income.

Know:

Which claim periods have been submitted.
Which children are included.
What amount is expected.
What has been paid.
What is still outstanding.
Which discrepancies need follow-up.

If that information lives in someone's memory, the center is carrying too much risk.

A director should be able to answer the simplest cash-flow question without rebuilding a spreadsheet:

What does the state still owe us for care we have already delivered?",apps/site/src/content/guides/state-subsidy-payment-timelines.md,https://pebbledesk.app/resources/guides/state-subsidy-payment-timelines/,"writer self-reviewed: truth, source, humanization, brand, duplication, LinkedIn fit",Grounded in the payment timelines guide's retroactive reimbursement and receivables tracking guidance without adding unsupported dollar figures.
260,2026-05-23,08:00,2026-05-23T13:00:00.000Z,LinkedIn company page,cmorpckmz03sbqi0yay2i3ds6,Audit readiness and improper payment prevention,Research-backed insight,"A CCDF payment review is usually won or lost in the small records.

The source cites the national improper payment rate at 3.55% in 2023. The number matters, but the daily lesson matters more:

Improper payment does not automatically mean fraud.

It can mean the file did not have enough support.

Missing attendance.
Expired authorization.
Co-pay documentation that does not match collection.
A claim outside the authorized care period.

Those are ordinary admin gaps. They are also expensive gaps when subsidy cash flow is tight.

The prevention habit is plain:

Tie attendance to billing.
Track authorization dates before they expire.
Record co-pays with date, amount, and method.
Save claims and payment records by billing period.
Reconcile short-pays while the details are still fresh.

The goal is a review that starts with evidence, not memory.",apps/site/src/content/guides/ccdf-childcare-billing-guide.md,https://pebbledesk.app/resources/guides/ccdf-childcare-billing-guide/,"writer self-reviewed: truth, source, humanization, brand, duplication, LinkedIn fit",Uses the source-backed improper payment rate and carefully clarifies that improper payment is not synonymous with fraud.
261,2026-05-23,09:00,2026-05-23T14:00:00.000Z,LinkedIn company page,cmorpckmz03sbqi0yay2i3ds6,State system resilience,Risk callout,"Do not let the state portal be your only copy of the truth.

Missouri's December 2023 CCDF vendor transition left $191 million of $215 million undistributed for weeks.

Michigan's MiLEAP errors generated more than 11,000 call center inquiries.

Those are not normal Tuesday problems. But they show what happens when subsidy records live only inside a state system.

If the portal is wrong, down, delayed, or in transition, what can your center prove independently?

You need your own record of:

Daily attendance.
Current authorizations.
Claims submitted by period.
Expected reimbursement.
Payments received.
Short-pays and denials.
Co-pay collection.
Correspondence with the agency.

That does not mean duplicating the state's database.

It means keeping your own complete record of the care you delivered, the claim you submitted, and the payment you received.

When a state system fails, directors with independent documentation can dispute from evidence.

Directors without it are waiting for the same broken system to explain what happened.",apps/site/src/content/guides/when-state-subsidy-systems-fail.md,https://pebbledesk.app/resources/guides/when-state-subsidy-systems-fail/,"writer self-reviewed: truth, source, humanization, brand, duplication, LinkedIn fit",Uses the Missouri and Michigan examples to make the independent-records lesson concrete.
262,2026-05-23,10:00,2026-05-23T15:00:00.000Z,LinkedIn company page,cmorpckmz03sbqi0yay2i3ds6,Subsidy billing error prevention,Research-backed insight,"Billing errors rarely arrive as one giant mistake.

The research cited in the subsidy guide estimates providers can miss over 8% of annual subsidy revenue from billing errors without automation.

In a center, that can look painfully ordinary:

One absence handled wrong.
One rate code copied from last month.
One authorization renewal missed.
One co-pay collected but not documented.
One short-pay left undisputed because reconciliation happened late.

For subsidy-heavy programs, small gaps can become a margin problem.

Start with visibility directors can actually use:

Who is authorized right now?
Which authorizations expire soon?
Which attendance records are incomplete?
Which claims are pending?
Which payments do not match expected reimbursement?

Do not wait for an audit or a cash-flow surprise to find the leak.

Catch it while the week is still close enough to explain.",apps/site/src/content/guides/why-providers-leaving-subsidy-system.md,https://pebbledesk.app/resources/guides/why-providers-leaving-subsidy-system/,"writer self-reviewed: truth, source, humanization, brand, duplication, LinkedIn fit",Uses the supported over-8% revenue-at-risk claim and maps it to specific error types from the source.
263,2026-05-23,11:00,2026-05-23T16:00:00.000Z,LinkedIn company page,cmorpckmz03sbqi0yay2i3ds6,Authorization tracking,Practical tip,"Authorization expirations are quiet until they are not.

A subsidized child can be enrolled.
The family can still need care.
The classroom can still be staffed.
The child can still attend every day.

But if the authorization period has expired, the billing story changes immediately.

The CCDF billing guide is blunt on this point: providers can only bill for care delivered during the authorized period unless renewal rules apply in that state.

That makes authorization tracking a survival habit, not an admin nicety.

For every subsidized child, directors need to know:

Authorization start date.
Authorization end date.
Authorized schedule or hours.
Authorized rate.
Family co-pay responsibility.
Renewal status.

The mistake is waiting for the state rejection to tell you an authorization lapsed.

By then, care has already been delivered, staff have already been paid, and the center is trying to recover after the fact.

A better system surfaces the renewal before billing is at risk.",apps/site/src/content/guides/ccdf-childcare-billing-guide.md,https://pebbledesk.app/resources/guides/ccdf-childcare-billing-guide/,"writer self-reviewed: truth, source, humanization, brand, duplication, LinkedIn fit",Focuses on the source's authorization period definition and expired-authorization rejection risk.
264,2026-05-23,12:00,2026-05-23T17:00:00.000Z,LinkedIn company page,cmorpckmz03sbqi0yay2i3ds6,State-specific subsidy rules,Operator question,"A dangerous subsidy billing assumption:

""This is how we did it in our last state.""

CCDF is the federal funding stream, but states build their own subsidy programs on top of it.

That means the operating details can change when a center opens another location, relocates, or hires a director from a different state.

Payment timing can differ.
Attendance format can differ.
Co-pay handling can differ.
Submission windows can differ.
Record retention can differ.
Portal rules can differ.

Some states use prospective payment.
Most states pay after care is delivered.
Some require electronic attendance.
Some still have paper-heavy pieces.
Some county-administered systems vary within the same state.

So the practical question for every director is:

What exactly does our state require us to prove before it pays, and what exactly do we need to keep if it reviews us later?

That answer should be documented inside the center's billing process.

Not floating in old emails.
Not known only by one admin.
Not rebuilt every time a claim gets rejected.",apps/site/src/content/lead-magnets/state-subsidy-billing-guide.md,https://pebbledesk.app/free/state-subsidy-billing-guide/,"writer self-reviewed: truth, source, humanization, brand, duplication, LinkedIn fit",Uses the lead magnet's state-by-state variation framing without adding unsupported state-specific claims beyond the guide.
265,2026-05-23,13:00,2026-05-23T18:00:00.000Z,LinkedIn company page,cmorpckmz03sbqi0yay2i3ds6,Electronic attendance and documentation quality,Practical tip,"Paper attendance may still be accepted in some subsidy programs.

But the direction is clear: more states are moving toward electronic attendance.

The reason is not fashion. It is documentation.

Subsidy billing depends on proving who attended, when they attended, and whether the billed care matches the authorization.

Electronic attendance can help because it captures the record closer to the moment of care:

Date.
Time.
Child.
Guardian or staff action.
Classroom context.
Audit trail.

But the tool is only useful if the center treats attendance as the source record for billing.

If teachers enter attendance digitally and the office still retypes it into a subsidy spreadsheet later, the center has not removed the risky step.

It has just changed where the risky step happens.

For subsidy-heavy centers, the question is not simply whether attendance is digital.

It is whether attendance flows cleanly into billing, reconciliation, and audit records without a director rebuilding the month by hand.",apps/site/src/content/lead-magnets/state-subsidy-billing-guide.md,https://pebbledesk.app/free/state-subsidy-billing-guide/,"writer self-reviewed: truth, source, humanization, brand, duplication, LinkedIn fit",Draws from the lead magnet's electronic attendance mandate section and software implications.
266,2026-05-23,14:00,2026-05-23T19:00:00.000Z,LinkedIn company page,cmorpckmz03sbqi0yay2i3ds6,Payment reconciliation,Director habit,"When the state pays, the payment may not match the claim exactly.

That does not always mean something is wrong.

There may be absent days.
Eligibility changes.
Rate adjustments.
Recoupments from a prior period.
A family co-pay deduction.
A denied line item.
A claim still under review.

The problem is not the mismatch.

The problem is discovering the mismatch too late.

A subsidy-heavy center needs a weekly reconciliation habit:

What did we submit?
What did we expect?
What arrived?
What changed?
What needs dispute or correction?
What documentation supports our position?

If reconciliation waits until month-end, or worse, until an audit question arrives, the director is trying to explain old care with stale details.

The source record should already connect attendance, authorization, claim, payment, and co-pay.

That is how a short-pay becomes a follow-up task instead of a financial mystery.",apps/site/src/content/guides/why-providers-leaving-subsidy-system.md,https://pebbledesk.app/resources/guides/why-providers-leaving-subsidy-system/,"writer self-reviewed: truth, source, humanization, brand, duplication, LinkedIn fit",Based on the provider participation guide's payment reconciliation burden and the practice of reconciling within the billing period.
267,2026-05-23,15:00,2026-05-23T20:00:00.000Z,LinkedIn company page,cmorpckmz03sbqi0yay2i3ds6,Co-pay documentation,Risk callout,"Family co-pays are small enough to look routine.

They are important enough to create audit trouble.

In CCDF billing, the family's share has to be handled according to state rules and documented cleanly.

If the provider collects the co-pay directly, the record needs to show the basics:

Date.
Amount.
Method.
Family or child account.
Who recorded it.
Whether it matches the authorized amount.

If a co-pay is waived or reduced, the center needs the state-authorized basis for that change.

The risky version is familiar:

Cash collected at the front desk.
A note written somewhere.
A receipt missing.
A family hardship handled informally.
A billing claim filed as if everything matched.

That may feel compassionate in the moment, but subsidy programs are documentation systems.

The safer path is plain and consistent: collect according to the authorization, document every payment, and route exceptions through the state process instead of improvising.",apps/site/src/content/guides/ccdf-childcare-billing-guide.md,https://pebbledesk.app/resources/guides/ccdf-childcare-billing-guide/,"writer self-reviewed: truth, source, humanization, brand, duplication, LinkedIn fit",Uses the CCDF billing guide's co-pay documentation and state-authorized waiver guidance.
268,2026-05-23,16:00,2026-05-23T21:00:00.000Z,LinkedIn company page,cmorpckmz03sbqi0yay2i3ds6,Subsidy-heavy center operating model,Practical checklist,"A subsidy-heavy childcare center does not need more heroics.

It needs a tighter operating rhythm.

Every week, review:

New subsidy authorizations.
Authorizations nearing expiration.
Attendance records missing signatures or timestamps.
Children approaching absence limits under your state's rules.
Claims submitted and pending.
Payments received.
Short-pays, denials, and corrections.
Family co-pay balances and documentation.

Every month, close the loop:

Save the claim record.
Match payment to claim.
Document discrepancies.
Follow up while the period is still fresh.
Archive the support records in a retrievable place.

This is the part of childcare administration that rarely gets celebrated, but it is where subsidy participation becomes sustainable.

A center can have full classrooms and still struggle if reimbursement is delayed, denied, or under-collected.

Strong subsidy operations protect the mission by protecting the cash flow behind it.",apps/site/src/content/guides/state-subsidy-payment-timelines.md,https://pebbledesk.app/resources/guides/state-subsidy-payment-timelines/,"writer self-reviewed: truth, source, humanization, brand, duplication, LinkedIn fit",Combines timeline guide guidance on pending claims and reconciliation with a practical weekly/monthly rhythm.
269,2026-05-23,17:00,2026-05-23T22:00:00.000Z,LinkedIn company page,cmorpckmz03sbqi0yay2i3ds6,Software evaluation for subsidy billing,Operator question,"In a subsidy software demo, ask to see the record behind the claim.

Not the dashboard.
Not the sales slide.
The actual path.

Can you see the child's authorization dates?
Can attendance support the billed days?
Can co-pays be tracked against the family responsibility?
Can claims be saved by billing period?
Can payments be reconciled against expected reimbursement?
Can short-pays, denials, and corrections be found later?

These questions are not picky. They are the work.

A director does not need a prettier place to copy numbers from attendance into billing and then into a state portal.

The useful test is simple:

When a claim is questioned, can we prove what care was delivered, what was billed, what was collected, and what is still owed without rebuilding the month by hand?",apps/site/src/content/guides/why-providers-leaving-subsidy-system.md,https://pebbledesk.app/resources/guides/why-providers-leaving-subsidy-system/,"writer self-reviewed: truth, source, humanization, brand, duplication, LinkedIn fit","Uses the provider participation guide's software evaluation criteria: state billing output, mixed funding, attendance-to-billing, and authorization tracking."
270,2026-05-23,18:00,2026-05-23T23:00:00.000Z,LinkedIn company page,cmorpckmz03sbqi0yay2i3ds6,PebbleDesk positioning and subsidy resilience,Brand point of view,"Serving subsidy families should not require a monthly scramble to keep the business steady.

That is the tension many directors live with:

Families need care.
Classrooms need predictable staffing.
The state needs documentation.
Revenue arrives after the work is done.
The office has to hold the whole story together.

At PebbleDesk, this is why we treat subsidy billing as part of the operating record, not a separate spreadsheet project.

Attendance, authorizations, family records, claims, payments, and reports should point to the same truth.

Not because software makes compliance automatic.

Because connected records make it easier to catch gaps early, answer payment questions, and prepare for reviews without rebuilding the past from scattered notes.

If more providers are going to keep accepting assistance, the administrative work has to become survivable.",apps/site/src/content/guides/ccdf-childcare-billing-guide.md,https://pebbledesk.app/resources/guides/ccdf-childcare-billing-guide/,"writer self-reviewed: truth, source, humanization, brand, duplication, LinkedIn fit",Closes with PebbleDesk's point of view while staying within the guide's documentation-chain and audit-ready positioning.
271,2026-05-24,04:00,2026-05-24T09:00:00.000Z,LinkedIn company page,cmorpckmz03sbqi0yay2i3ds6,Founder POV and audit readiness,Company point of view,"Audit-ready records are not about making childcare feel more regulated.

Childcare is already regulated.

They are about making the evidence easier to find when a director is asked a simple question on a hard day:

Who was here?
Which room were they in?
Which staff were assigned?
Was the room in ratio?
What was billed?
What changed afterward?

Those questions can come from licensing, a subsidy review, a parent billing question, or an internal cleanup after a busy week.

Our point of view at PebbleDesk is practical:

The record should already tell the story.

Attendance should not sit in one place, ratio checks in another, billing context in another, and reports somewhere else. That is how directors end up rebuilding the week from screenshots, notes, exports, and memory.

Audit readiness is not a special event.

It is the result of ordinary records staying connected while the center is open.",apps/site/src/config/site.ts,https://pebbledesk.app/,"writer self-reviewed: truth, source, humanization, brand, duplication, LinkedIn fit",Opens the Sunday theme with PebbleDesk's core tagline and connected-record positioning from siteConfig.
272,2026-05-24,05:00,2026-05-24T10:00:00.000Z,LinkedIn company page,cmorpckmz03sbqi0yay2i3ds6,Attendance as compliance record,Founder note,"Attendance looks like a simple daily task until someone asks for proof later.

Then it becomes the foundation for almost everything else.

A clean attendance record can support ratio review.
It can help with billing follow-up.
It can answer a parent account question.
It can become part of an audit report.

That is why we do not think of attendance as just check-in and check-out.

For childcare directors, attendance is part of the operating record.

The child, classroom, and day need to stay tied together. Edits need to be understandable. Reports need to pull from the same record the center used while care was happening.

The product philosophy is plain:

Do not make the director retype the day in order to explain the day.

If attendance is captured clearly at the moment of care, it should keep helping long after pickup.",apps/site/src/content/features/attendance-tracking.md,https://pebbledesk.app/features/attendance-tracking/,"writer self-reviewed: truth, source, humanization, brand, duplication, LinkedIn fit","Uses the attendance feature page's framing that attendance connects to classrooms, ratios, reports, and subsidy support."
273,2026-05-24,06:00,2026-05-24T11:00:00.000Z,LinkedIn company page,cmorpckmz03sbqi0yay2i3ds6,Ratio visibility and director relief,Practical product POV,"Every center has a ratio chart somewhere.

The hard part is not knowing the rule on paper.

The hard part is watching the day move.

A toddler arrives early.
A staff member is late.
A child transitions rooms.
A teacher takes a break.
A parent pickup changes the count.

Ratio risk usually appears in motion, not during a calm review of the handbook.

PebbleDesk is built around that reality. Ratio tracking belongs close to attendance and classroom activity because that is where the risk appears first.

The goal is not to make ratio work dramatic.

The goal is to make the current room picture easier to see while the director can still act, then preserve a cleaner record if someone asks what happened later.

That is the kind of software we believe childcare needs:

Less theater.
More useful calm.",apps/site/src/content/features/ratio-tracking.md,https://pebbledesk.app/features/ratio-tracking/,"writer self-reviewed: truth, source, humanization, brand, duplication, LinkedIn fit",Grounded in the ratio page's line that ratio risk happens as attendance and staffing shift during the day.
274,2026-05-24,07:00,2026-05-24T12:00:00.000Z,LinkedIn company page,cmorpckmz03sbqi0yay2i3ds6,Audit reports and connected records,Useful framing,"An audit report is only useful if the records behind it make sense.

A pretty export does not help much when the director still has to explain why attendance, room coverage, billing, and edits do not line up.

This is why PebbleDesk treats reporting as a reflection of the operating record, not a last-minute document project.

The report should help answer:

What happened?
Who was present?
Which staff were assigned?
What ratio context mattered?
What was billed?
What changed after the fact?

Those answers are easier when they come from connected records instead of separate files stitched together the night before a licensing visit.

Our product philosophy is not complicated.

If the center did the work during the day, the system should preserve enough context to explain that work later.",apps/site/src/content/features/audit-reports.md,https://pebbledesk.app/features/audit-reports/,"writer self-reviewed: truth, source, humanization, brand, duplication, LinkedIn fit","Uses the audit reports page's core idea that reporting should preserve a coherent story across attendance, ratios, billing, and audit-log context."
275,2026-05-24,08:00,2026-05-24T13:00:00.000Z,LinkedIn company page,cmorpckmz03sbqi0yay2i3ds6,Warm practical product philosophy,Company belief,"We are not trying to make childcare administration feel impressive.

We are trying to make it feel dependable.

That difference matters.

Directors do not need a cockpit. They need to know whether ratios are okay, whether attendance is clean, whether billing has support, and whether records can be pulled when licensing or finance asks.

A warm product is not soft on compliance.

It is clear.
It is organized.
It does not hide the important status.
It does not make a director learn new language just to run the center.
It keeps the record where the work already happened.

PebbleDesk's design point of view is simple:

A director should feel relief, not performance pressure, when opening the software.

The center is already busy enough.",.impeccable.md,https://pebbledesk.app/,"writer self-reviewed: truth, source, humanization, brand, duplication, LinkedIn fit","Draws from the design context: warm, sturdy, practical, clarity over cleverness, and relief as the emotional goal."
276,2026-05-24,09:00,2026-05-24T14:00:00.000Z,LinkedIn company page,cmorpckmz03sbqi0yay2i3ds6,Recordkeeping risk,Risk callout,"The risky record is not always missing.

Sometimes it is just scattered.

Attendance is in one export.
Room movement is in a note.
Ratio checks are in a spreadsheet.
Billing support is in a folder.
Edits are remembered by the person who made them.

Nothing looks broken until a question arrives.

Then the director has to rebuild the story manually:

Which child was present?
Which classroom counted?
Which staff covered the room?
Was the record changed later?
Which billing period did this support?

That is the avoidable scramble PebbleDesk is built to reduce.

Audit-ready childcare records matter because the center should not have to prove normal operations from fragments.

The proof should be part of the daily record already.",apps/site/src/content/features/audit-reports.md,https://pebbledesk.app/features/audit-reports/,"writer self-reviewed: truth, source, humanization, brand, duplication, LinkedIn fit",Uses the audit reports page's warning against separate exports and manual reconstruction.
277,2026-05-24,10:00,2026-05-24T15:00:00.000Z,LinkedIn company page,cmorpckmz03sbqi0yay2i3ds6,Attendance and downstream trust,Operator question,"A useful Sunday question for directors:

If someone asked about last Tuesday, how quickly could your center answer from the record?

Not from memory.
Not from a text thread.
Not from the person who happened to be at the front desk.

From the record.

Could you show which children were present?
Which room they were tied to?
Whether attendance changed after entry?
How that attendance supported ratio review?
Whether the same record could help billing or audit follow-up?

This is where digital attendance either helps or disappoints.

A tap-in record is good.

A tap-in record that stays connected to classroom context, reporting, and follow-up is better.

That is the practical standard we are building toward with PebbleDesk.",apps/site/src/content/features/attendance-tracking.md,https://pebbledesk.app/features/attendance-tracking/,"writer self-reviewed: truth, source, humanization, brand, duplication, LinkedIn fit",Turns the attendance page's connected-record claim into an operator question suitable for a Sunday company post.
278,2026-05-24,11:00,2026-05-24T16:00:00.000Z,LinkedIn company page,cmorpckmz03sbqi0yay2i3ds6,State-specific humility,Trust-building product note,"A compliance product should be careful with its promises.

So here is ours, plainly:

PebbleDesk supports generic ratio workflows nationally, with verified state-specific ratio support today for Texas, California, and Florida.

That matters because childcare rules are local in the ways that count.

A director should not have to guess whether a vendor is using a national claim to cover over state-specific gaps.

Our preference is to be specific, build carefully, and avoid pretending software can make compliance automatic.

Software can help directors see risk earlier.
It can keep attendance, classroom, ratio, and report context together.
It can make review easier.
It can reduce the manual work of proving what happened.

But it should not talk like a magic shield.

Childcare deserves tools that are honest enough to be useful.",apps/site/src/content/features/ratio-tracking.md,https://pebbledesk.app/features/ratio-tracking/,"writer self-reviewed: truth, source, humanization, brand, duplication, LinkedIn fit",Uses the ratio page's verified-state support language and reinforces the brief's careful compliance guardrail.
279,2026-05-24,12:00,2026-05-24T17:00:00.000Z,LinkedIn company page,cmorpckmz03sbqi0yay2i3ds6,Audit-ready reports beyond inspections,Practical reminder,"Audit readiness is not only for the day licensing walks in.

The same record discipline helps with ordinary questions too.

A guardian asks about a charge.
A subsidy claim needs support.
A director reviews a staffing concern.
A room count looks off after pickup.
A past edit needs context.

These are not once-a-year moments. They are part of running a childcare center.

That is why PebbleDesk's reporting story is broader than inspection prep.

Attendance, ratio status, billing context, and audit-log events are more useful when they can be reviewed together.

The director should not have to decide which version of the record is the real one.

The system should help the team answer normal questions with normal records.",apps/site/src/content/features/audit-reports.md,https://pebbledesk.app/features/audit-reports/,"writer self-reviewed: truth, source, humanization, brand, duplication, LinkedIn fit","Based on the audit reports FAQ that reporting matters for billing follow-up, subsidy review, and internal operations cleanup, not only inspections."
280,2026-05-24,13:00,2026-05-24T18:00:00.000Z,LinkedIn company page,cmorpckmz03sbqi0yay2i3ds6,Online-only honesty,Transparent product note,"One practical product truth:

PebbleDesk is online-only in V1.

That means if a center's internet drops, the safer operating habit is to keep a temporary paper fallback for attendance notes and enter the records once service returns.

We would rather say that clearly than blur the edge of the product.

Childcare directors make real decisions from software claims. They need to know what is supported, what is not, and what backup habit the center should keep.

Audit-ready records depend on consistency.

So if the day starts on paper because the connection is down, the important part is making sure those notes get entered later with enough context to support attendance, ratio review, billing, and reports.

Honest software still needs honest center procedures.

The two work together.",apps/site/src/content/features/attendance-tracking.md,https://pebbledesk.app/features/attendance-tracking/,"writer self-reviewed: truth, source, humanization, brand, duplication, LinkedIn fit",Uses the attendance feature page's V1 online-only FAQ and ties it to practical audit-ready procedure.
281,2026-05-24,14:00,2026-05-24T19:00:00.000Z,LinkedIn company page,cmorpckmz03sbqi0yay2i3ds6,Director-centered software,Company belief,"A director's day does not happen in software categories.

It happens in interruptions.

A parent has a question at the door.
A staff member calls out.
A classroom count changes.
A subsidy document needs attention.
A licensing file has to be found.
Lunch arrives.
Pickup starts.
The phone rings again.

This is why PebbleDesk is built around connected daily records rather than isolated admin tasks.

Attendance affects ratios.
Ratios affect staffing decisions.
Attendance and billing need to support each other.
Reports need to pull from what actually happened.

The director should not have to hold the entire center in her head just because the software split the record into pieces.

Good childcare software should respect the way the day actually feels.",.impeccable.md,https://pebbledesk.app/,"writer self-reviewed: truth, source, humanization, brand, duplication, LinkedIn fit","Uses the design context's user profile: time-starved directors managing children, staff, parents, regulators, billing, and compliance at once."
282,2026-05-24,15:00,2026-05-24T20:00:00.000Z,LinkedIn company page,cmorpckmz03sbqi0yay2i3ds6,Reports as memory support,Founder POV,"We think audit reports should reduce memory work.

That sounds small until you look at the record burden inside a busy center office.

Memory work is the director trying to recall who moved rooms, when the count changed, why an edit was made, which staff covered the gap, and where the supporting billing note went.

It is tiring because it asks one person to become the backup system for the whole building.

PebbleDesk's reporting philosophy is different.

Preserve the relationship between the records.

Attendance, ratio status, billing context, and audit-log events should stay close enough that a director can review what happened without rebuilding it by hand.

That does not remove judgment from childcare administration.

It gives directors a cleaner place to use that judgment.",apps/site/src/content/features/audit-reports.md,https://pebbledesk.app/features/audit-reports/,"writer self-reviewed: truth, source, humanization, brand, duplication, LinkedIn fit",Develops the audit reports page's coherent-story framing into a founder-level product philosophy.
283,2026-05-24,16:00,2026-05-24T21:00:00.000Z,LinkedIn company page,cmorpckmz03sbqi0yay2i3ds6,Ratio tracking and operational calm,Practical tip,"Ratio tracking should help before the problem becomes a report.

That is the timing that matters.

If a director only discovers a coverage gap during end-of-day cleanup, the system is mostly helping with regret.

Useful ratio visibility stays near the live attendance and classroom picture.

Who is checked in?
Which room are they in?
Which staff are assigned?
What changed since the last count?
Where does coverage need attention now?

The goal is not to create alarm.

The goal is to make the next action obvious while there is still time to move a teacher, adjust a room, or look closer.

Audit-ready records matter later.

But in ratio tracking, they also matter now.",apps/site/src/content/features/ratio-tracking.md,https://pebbledesk.app/features/ratio-tracking/,"writer self-reviewed: truth, source, humanization, brand, duplication, LinkedIn fit",Uses the ratio feature page's emphasis on catching risk sooner and keeping room coverage close to attendance and classroom activity.
284,2026-05-24,17:00,2026-05-24T22:00:00.000Z,LinkedIn company page,cmorpckmz03sbqi0yay2i3ds6,Evaluation question for directors,Operator question,"When evaluating childcare software, ask one quiet question:

What story will this system be able to tell six months from now?

Not just what the demo looks like today.

Six months from now, can it show attendance by child, classroom, and day?
Can it support ratio review when staffing shifted?
Can it help explain billing or subsidy follow-up?
Can it produce reports without the director stitching together separate exports?
Can it show changes after the fact?

Childcare records have a long tail.

A licensing question, parent billing question, or subsidy review can arrive after the week feels long over.

The system you choose should respect that.

It should help the center keep the story intact while the details are still fresh.",apps/site/src/config/site.ts,https://pebbledesk.app/,"writer self-reviewed: truth, source, humanization, brand, duplication, LinkedIn fit","Uses PebbleDesk's siteConfig positioning around connected attendance, ratios, subsidy billing, family records, and reports."
285,2026-05-24,18:00,2026-05-24T23:00:00.000Z,LinkedIn company page,cmorpckmz03sbqi0yay2i3ds6,Closing company POV,Sunday closing thought,"The promise we keep coming back to is simple:

Audit-ready records without the end-of-week scramble.

Not because software should make childcare feel more corporate.

Because directors deserve records that hold together.

Attendance should support ratio review.
Ratio history should support reports.
Billing context should not be separated from the care record.
Edits should not depend on memory.
Licensing and payment questions should not require a weekend reconstruction project.

PebbleDesk is built for the unglamorous part of childcare administration that makes the rest possible.

The daily record.
The room count.
The supporting note.
The report that still makes sense later.

No hype needed.

Just warmer, sturdier recordkeeping for centers doing serious work.",apps/site/src/config/site.ts,https://pebbledesk.app/,"writer self-reviewed: truth, source, humanization, brand, duplication, LinkedIn fit",Closes the day with the exact PebbleDesk tagline and warm practical company-page philosophy.
286,2026-05-25,04:00,2026-05-25T09:00:00.000Z,LinkedIn company page,cmorpckmz03sbqi0yay2i3ds6,Licensing compliance resources,Practical checklist,"A licensing checklist earns its keep before the visit.

The director question is simple:

If licensing walked in at 8:17 AM, what would we pull first?

A useful checklist starts with the predictable areas:

Room-by-room ratios.
Staff background checks, CPR, First Aid, and training hours.
Child files with enrollment forms, immunizations, allergies, emergency contacts, and custody notes when needed.
Facility documents like license, inspections, insurance, emergency plan, and incident log.
Subsidy records, if your program accepts assistance.

The trick is not making the checklist longer.

It is making it usable on an ordinary week.

Try a rotating rhythm:

Week 1: ratios and room coverage.
Week 2: staff credentials.
Week 3: child files.
Week 4: facility documents.
Week 5: billing and subsidy support.

The best checklist is the one your center can use before the day gets loud.",apps/site/src/content/lead-magnets/licensing-compliance-checklist.md,https://pebbledesk.app/free/licensing-compliance-checklist/,"writer self-reviewed: truth, source, humanization, brand, duplication, LinkedIn fit",Introduces the day with a resource-forward use case for the licensing compliance checklist.
287,2026-05-25,05:00,2026-05-25T10:00:00.000Z,LinkedIn company page,cmorpckmz03sbqi0yay2i3ds6,Ratio tracking and classroom coverage,Director habit,"A ratio cheat sheet belongs where decisions happen.

Not buried in a handbook.
Not saved on one administrator's desktop.
Not remembered from last year's training.

Put your state ratios somewhere staff can see them during the exact moments ratios get fragile:

Morning drop-off.
Lunch breaks.
Outdoor play.
Nap transitions.
Bathroom breaks.
Afternoon pickup.
Unexpected callouts.

The most useful version includes more than the ratio number.

It should show:

Age group.
Your state requirement.
Maximum children per staff member.
Room capacity.
Mixed-age rule.
Who covers breaks.
Who to call when the room is about to go out of ratio.

That last line matters.

A teacher should not have to solve a staffing shortage alone while supervising children.

A practical ratio sheet gives staff a clear next step before a small coverage gap becomes a licensing problem.",apps/site/src/content/lead-magnets/ratio-tracking-cheatsheet.md,https://pebbledesk.app/free/ratio-tracking-cheatsheet/,"writer self-reviewed: truth, source, humanization, brand, duplication, LinkedIn fit",Turns the ratio tracking cheat sheet into a day-to-day placement and staff response habit.
288,2026-05-25,06:00,2026-05-25T11:00:00.000Z,LinkedIn company page,cmorpckmz03sbqi0yay2i3ds6,Audit readiness and documentation,Resource framework,"Treat every review like the same binder pull and the first ten minutes get messy.

A licensing inspection, subsidy billing audit, and complaint investigation usually ask different questions.

Licensing may focus on ratios, staff credentials, child files, the physical environment, incident logs, and postings.

Subsidy billing review is more likely to match attendance, authorizations, co-pay records, claims, and payments for a period.

A complaint investigation follows the allegation: people, dates, records, and what happened.

Directors can make this calmer with three short pull lists:

What to pull for licensing.
What to pull for subsidy billing.
What to pull for a complaint investigation.

That is not overpreparing.

It lets staff keep supervising children while the right administrator gets the right records.",apps/site/src/content/lead-magnets/state-audit-preparation-toolkit.md,https://pebbledesk.app/free/state-audit-preparation-toolkit/,"writer self-reviewed: truth, source, humanization, brand, duplication, LinkedIn fit",Uses the toolkit's three-audit framework to give directors a practical sorting model.
289,2026-05-25,07:00,2026-05-25T12:00:00.000Z,LinkedIn company page,cmorpckmz03sbqi0yay2i3ds6,CCDF billing error prevention,Pre-submission checklist,"Before a CCDF claim is submitted, slow down for the boring five-minute check.

That check can save weeks of cleanup.

For each subsidized child, confirm:

The authorization covers the dates being billed.
Attendance exists for every claimed day.
Arrival and departure times are present where required.
Absence days are counted against your state's limit.
The rate code matches the child's age and schedule.
The family co-pay is documented according to your state's rules.
The claim total matches the support records.

Most billing errors are not dramatic.

They are small mismatches between care delivered, attendance recorded, authorization dates, and the claim submitted.

The risky version is submitting first and reconciling later.

The safer version is catching the mismatch before the claim leaves your building.

A checklist does not replace judgment.

It protects the director from having to remember every exception while also managing ratios, parents, lunch coverage, and staff questions.",apps/site/src/content/lead-magnets/ccdf-billing-error-prevention.md,https://pebbledesk.app/free/ccdf-billing-error-prevention/,"writer self-reviewed: truth, source, humanization, brand, duplication, LinkedIn fit",Makes the CCDF billing error prevention checklist immediately usable before submission.
290,2026-05-25,08:00,2026-05-25T13:00:00.000Z,LinkedIn company page,cmorpckmz03sbqi0yay2i3ds6,State subsidy billing resources,Operator question,"A subsidy billing guide is only useful if it helps a director answer state-specific questions.

Not ""How does CCDF work in general?""

More like:

Does our state pay before care is delivered or after?
What attendance format does the state require?
Do parents sign electronically, on paper, or through a state system?
Who collects the co-pay?
What happens if an authorization expires mid-period?
How long do we keep billing records?
What is the submission deadline?
What records would we need if a payment is reviewed two years from now?

Those answers should live in your billing process, not only in someone's memory.

This matters most when a center adds a second location, changes directors, accepts more subsidy families, or serves families across county lines.

The phrase ""this is how we have always done it"" is not a billing control.

A state-specific reference helps turn subsidy billing from inherited office lore into a written process a new administrator can follow.",apps/site/src/content/lead-magnets/state-subsidy-billing-guide.md,https://pebbledesk.app/free/state-subsidy-billing-guide/,"writer self-reviewed: truth, source, humanization, brand, duplication, LinkedIn fit",Frames the subsidy guide as a practical state-specific process reference.
291,2026-05-25,09:00,2026-05-25T14:00:00.000Z,LinkedIn company page,cmorpckmz03sbqi0yay2i3ds6,Software evaluation and buyer education,Scorecard prompt,"A childcare software demo can make almost anything look easy.

A scorecard makes the conversation more honest.

Before comparing platforms, decide what matters in your center:

Attendance tracking.
Billing and invoicing.
Subsidy management.
Parent communication.
Licensing compliance.
Staff scheduling.
Pricing.
Mobile quality.

Then weight those categories based on your actual operation.

A subsidy-heavy center should not score subsidy management as a nice-to-have.
A multi-room center should not treat ratio-aware scheduling as optional.
An in-home provider may care less about staff scheduling and more about pricing and parent communication.

The useful question is not ""Which platform has the longest feature list?""

It is:

Which platform handles the work that creates the most risk, rework, and late-night admin for this specific center?

A scorecard gives directors permission to ignore shiny features that do not solve their day.",apps/site/src/content/lead-magnets/childcare-software-scorecard.md,https://pebbledesk.app/free/childcare-software-scorecard/,"writer self-reviewed: truth, source, humanization, brand, duplication, LinkedIn fit",Uses the scorecard categories and weighting guidance without over-promoting software.
292,2026-05-25,10:00,2026-05-25T15:00:00.000Z,LinkedIn company page,cmorpckmz03sbqi0yay2i3ds6,Staff credential tracking,Monthly admin rhythm,"The staff credential tracker should have one owner.

Not every teacher managing their own file.
Not reminders scattered across personal calendars.
Not expiration dates hidden in paper folders.

One master tracker.
One responsible administrator.
One backup person who knows how to access it.

At minimum, the tracker should show:

Staff name and role.
Employment status.
Background check dates and expirations.
FBI fingerprint status if required.
Child abuse registry clearance.
CPR and First Aid expirations.
Training hours completed year to date.
Health screening or TB renewal dates where required.
Director or lead teacher qualification status.
Notes on renewals in progress.

The monthly habit is simple:

Sort by next expiration.
Act on anything inside 90 days.
Escalate anything inside 30 days.
Remove expired credentials from the schedule if your state requires it.

A credential lapse is one of the most preventable licensing findings.

The hard part is not knowing credentials expire.

The hard part is keeping the center from finding out too late.",apps/site/src/content/lead-magnets/staff-credential-tracker.md,https://pebbledesk.app/free/staff-credential-tracker/,"writer self-reviewed: truth, source, humanization, brand, duplication, LinkedIn fit",Turns the credential tracker template into a clear monthly operating rhythm.
293,2026-05-25,11:00,2026-05-25T16:00:00.000Z,LinkedIn company page,cmorpckmz03sbqi0yay2i3ds6,Family policies and handbook resources,Template guidance,"A parent handbook is not just a welcome document.

It is a morning-interruption reducer.

The most useful handbook sections are the ones that prevent repeated questions and tense conversations:

Enrollment requirements.
Drop-off and pick-up windows.
Authorized pickup rules.
Illness exclusion and return-to-care rules.
Medication authorization.
Meals and snacks.
Discipline approach.
Emergency procedures.
Communication expectations.
Holiday closures.
Fees, late pickup, returned payments, and withdrawal notice.

The detail matters.

""Please pick up on time"" is not a policy.

""Pick-up is by 5:30 PM. Late pickup is charged at $___ per minute and added to the next invoice"" is a policy.

""Keep sick children home"" is not enough either.

Families need to know what fever, vomiting, diarrhea, rash, or communicable illness means for care that day.

A good handbook is not cold.

It is kind because it makes expectations clear before anyone is upset.",apps/site/src/content/lead-magnets/parent-handbook-template.md,https://pebbledesk.app/free/parent-handbook-template/,"writer self-reviewed: truth, source, humanization, brand, duplication, LinkedIn fit",Makes the parent handbook template useful by naming the high-friction sections directors need.
294,2026-05-25,12:00,2026-05-25T17:00:00.000Z,LinkedIn company page,cmorpckmz03sbqi0yay2i3ds6,Ratio tracking and daily records,Practical tip,"If you only check ratios at opening, you are checking the easiest part of the day.

The harder moments come later:

A teacher leaves for lunch.
Toddlers move outside.
A preschool room combines near closing.
A child arrives late.
A child wakes early from nap.
A staff member steps out for a bathroom break.

A practical ratio log should capture snapshots when the risk changes, not only when the day begins.

Useful fields:

Date.
Time.
Room.
Age group.
Children present.
Staff present.
Applicable ratio.
Whether the room is within ratio.
Who corrected the issue if it was close or over.

This is not busywork if the record matches how your center actually operates.

It gives directors a way to see patterns:

The 11:45 lunch gap.
The 4:30 pickup compression.
The Tuesday substitute problem.
The mixed-age room that needs a clearer rule.

A ratio cheat sheet helps staff know the number.

A ratio log helps leadership see where the system needs support.",apps/site/src/content/lead-magnets/ratio-tracking-cheatsheet.md,https://pebbledesk.app/free/ratio-tracking-cheatsheet/,"writer self-reviewed: truth, source, humanization, brand, duplication, LinkedIn fit",Adds a concrete logging structure grounded in the ratio documentation guidance.
295,2026-05-25,13:00,2026-05-25T18:00:00.000Z,LinkedIn company page,cmorpckmz03sbqi0yay2i3ds6,Audit readiness and staff preparation,Staff briefing template,"The first five minutes of an inspection should feel boring.

That only happens if staff know their role before someone from licensing is standing at the door.

A plain staff briefing helps:

Greet the inspector politely.
Ask them to sign in.
Notify the director or designated administrator.
Keep supervising children.
Answer basic questions about name, role, room, and children present.
Do not guess about policies, billing, incidents, or files.
Send record requests to the director.

The line worth repeating is this:

Supervision comes first.

A teacher trying to be helpful can accidentally leave the classroom short. A prepared response keeps the visit calmer and keeps children covered.",apps/site/src/content/lead-magnets/state-audit-preparation-toolkit.md,https://pebbledesk.app/free/state-audit-preparation-toolkit/,"writer self-reviewed: truth, source, humanization, brand, duplication, LinkedIn fit",Adapts the toolkit's staff briefing template into a LinkedIn-native practical post.
296,2026-05-25,14:00,2026-05-25T19:00:00.000Z,LinkedIn company page,cmorpckmz03sbqi0yay2i3ds6,Subsidy billing reconciliation,Director habit,"A subsidy payment is not the finish line.

It is the start of reconciliation.

When payment arrives, compare:

Amount claimed.
Amount paid.
Children included.
Days paid.
Rate applied.
Co-pay deduction or collection record.
Denied or short-paid line items.
Reason codes, if provided.
Dispute deadline.

This matters because states can pay less than expected for reasons that are legitimate, incorrect, or unclear.

If nobody reviews the payment against the claim, the center may never recover a short-pay.

If the review happens too late, the dispute window may already be gone.

The practical resource is a simple reconciliation sheet by billing period:

Submitted.
Expected.
Received.
Difference.
Reason.
Follow-up owner.
Follow-up date.
Resolved.

That one sheet can protect real revenue without making subsidy billing more mysterious than it already is.",apps/site/src/content/lead-magnets/ccdf-billing-error-prevention.md,https://pebbledesk.app/free/ccdf-billing-error-prevention/,"writer self-reviewed: truth, source, humanization, brand, duplication, LinkedIn fit",Uses the lead magnet's post-payment reconciliation section as a resource-forward habit.
297,2026-05-25,15:00,2026-05-25T20:00:00.000Z,LinkedIn company page,cmorpckmz03sbqi0yay2i3ds6,Child and family file readiness,File audit checklist,"A child file audit does not need to be complicated.

Pick 10 files each week and check the same items every time:

Enrollment agreement signed.
Parent and guardian contacts current.
Emergency contacts listed.
Authorized pickup list current.
Custody documentation on file when needed.
Immunization record current.
Allergy or medical action plan present when applicable.
Emergency medical authorization signed.
Medication forms current if medication is administered.
Subsidy authorization letter on file if the child receives assistance.

The goal is not perfection theater.

The goal is to catch ordinary gaps while families are still reachable and before licensing asks for a random file.

A monthly whole-center audit sounds good, but it often gets pushed behind staffing, tours, billing, and parent needs.

A weekly sample is easier to keep.

And after a few weeks, directors start seeing the patterns:

Which form is always missing.
Which classroom needs a better enrollment handoff.
Which family records need annual refresh.

That is how a checklist becomes a better process.",apps/site/src/content/lead-magnets/licensing-compliance-checklist.md,https://pebbledesk.app/free/licensing-compliance-checklist/,"writer self-reviewed: truth, source, humanization, brand, duplication, LinkedIn fit",Applies the licensing checklist to child file maintenance with a realistic weekly sample process.
298,2026-05-25,16:00,2026-05-25T21:00:00.000Z,LinkedIn company page,cmorpckmz03sbqi0yay2i3ds6,Software evaluation and compliance fit,Vendor question list,"When evaluating childcare software, ask questions that sound like your actual Tuesday.

Can a teacher check a child in with an exact time?
Can the director pull attendance by child, room, and date range?
Can staff credentials be tracked with expiration reminders?
Can ratio status be viewed by classroom?
Can incident reports capture the details licensing expects?
Can subsidy authorization dates be stored per child?
Can co-pays and state payments be separated cleanly?
Can records be exported if an auditor asks for them?
Can parents get receipts and statements without emailing the office?
Can the pricing still make sense when enrollment grows?

A pretty demo matters less than a clean answer to those questions.

The scorecard approach helps directors compare tools against the work they are actually responsible for.

Not the biggest promise.
Not the flashiest parent app.
Not the longest menu.

The system that fits is the one that reduces preventable admin risk in the places your center feels it most.",apps/site/src/content/lead-magnets/childcare-software-scorecard.md,https://pebbledesk.app/free/childcare-software-scorecard/,"writer self-reviewed: truth, source, humanization, brand, duplication, LinkedIn fit",Turns the scorecard criteria into practical demo questions for directors.
299,2026-05-25,17:00,2026-05-25T22:00:00.000Z,LinkedIn company page,cmorpckmz03sbqi0yay2i3ds6,State subsidy billing resources,Record retention checklist,"Subsidy records should be organized for the future person who has to explain them.

That person may be you.

It may also be a new director, owner, bookkeeper, or auditor two years from now.

For each subsidized child, keep the story together:

Authorization documents, including expired authorizations.
Attendance records with timestamps and signatures where required.
Billing claims submitted.
Payment remittances received.
Co-payment records.
Corrections, disputes, denials, and agency correspondence.

The state-by-state details matter because retention rules and billing formats vary.

But the operating principle is the same:

Do not make the next review depend on memory.

Name folders consistently.
Organize by child and billing period.
Keep records accessible to administrators, not classroom staff.
Archive records before staff turnover makes the story harder to reconstruct.

Good record retention is quiet work.

It becomes very loud only when it was not done.",apps/site/src/content/lead-magnets/state-subsidy-billing-guide.md,https://pebbledesk.app/free/state-subsidy-billing-guide/,"writer self-reviewed: truth, source, humanization, brand, duplication, LinkedIn fit",Uses the subsidy guide's retention and documentation guidance without making state-specific legal advice claims.
300,2026-05-25,18:00,2026-05-25T23:00:00.000Z,LinkedIn company page,cmorpckmz03sbqi0yay2i3ds6,Template library and practical operations,Resource roundup,"The best admin resources are the ones directors actually use on a Tuesday.

A licensing checklist for ratios, staff files, child files, facility documents, and subsidy records.

A ratio cheat sheet for lunch breaks, transitions, and callouts.

An audit toolkit that separates licensing inspections, subsidy billing audits, and complaint investigations.

A CCDF billing checklist for authorizations, attendance, co-pays, rates, and reconciliation.

A state subsidy guide so billing rules do not live in one person's head.

A software scorecard tied to the work your center actually does.

A staff credential tracker that catches expirations before scheduling gets risky.

A parent handbook template that turns repeated family questions into clear expectations.

Not clever.

Useful.

That is the bar for childcare admin help.",apps/site/src/pages/free/index.astro,https://pebbledesk.app/free/,"writer self-reviewed: truth, source, humanization, brand, duplication, LinkedIn fit",Closes the resource-forward day with a concise roundup of all requested lead magnets.
301,2026-05-26,04:00,2026-05-26T09:00:00.000Z,LinkedIn company page,cmorpckmz03sbqi0yay2i3ds6,Connected childcare records,Product POV,"One perfect form will not carry a childcare center through a review.

The strength is in the connections.

Attendance shows who was present.
Room assignments explain where children were.
Ratio tracking shows whether coverage matched the moment.
Billing explains what was charged.
Subsidy records support what was claimed.
Reports help the director answer later questions.

When those pieces live apart, the office becomes the connector.

Export this.
Compare that.
Ask a teacher why a child moved rooms.
Check whether the invoice matched the care.
Rebuild the week before licensing or finance asks again.

PebbleDesk is built around a plainer idea: keep the daily record together while the day is happening.

Directors should not have to turn attendance, ratios, subsidy, billing, and reports into one story by hand every Friday.",apps/site/src/config/site.ts,https://pebbledesk.app/,"writer self-reviewed: truth, source, humanization, brand, duplication, LinkedIn fit","Opens the final day with PebbleDesk's core promise from site config: connected attendance, ratios, subsidy billing, family records, and reports."
302,2026-05-26,05:00,2026-05-26T10:00:00.000Z,LinkedIn company page,cmorpckmz03sbqi0yay2i3ds6,Attendance as source record,Practical director advice,"Attendance is not just a check-in record.

For a childcare director, it becomes evidence for almost everything else.

A parent asks about a charge.
A subsidy claim needs support.
A ratio question comes up after lunch.
A licensing reviewer asks what happened on a specific day.

If attendance only proves that a child tapped in, it is incomplete.

The better question is:

Can your attendance record still explain the day later?

Which child was present.
Which classroom they were tied to.
What date and operating day the record belongs to.
How that attendance connects to ratios, billing, and reports.
What changed after the fact, if anything changed.

PebbleDesk treats attendance as part of the center's compliance record, not a separate kiosk event.

That distinction matters.

The goal is not more data entry. It is fewer moments where the director has to reconstruct basic facts from memory, screenshots, and staff notes.",apps/site/src/content/features/attendance-tracking.md,https://pebbledesk.app/features/attendance-tracking/,"writer self-reviewed: truth, source, humanization, brand, duplication, LinkedIn fit","Uses the attendance feature page to teach that attendance should support compliance, billing, and later review."
303,2026-05-26,06:00,2026-05-26T11:00:00.000Z,LinkedIn company page,cmorpckmz03sbqi0yay2i3ds6,Ratio visibility,Product POV,"Ratio risk rarely announces itself at 8:00 a.m. on a clean schedule.

It shows up in motion.

A child arrives early.
A teacher steps out.
A classroom combines.
A floater gets pulled to cover a different room.
A nap room shifts the count.

Every director knows the ratio chart. The hard part is seeing coverage while the day is changing and keeping a record that still makes sense later.

That is why PebbleDesk keeps ratio tracking close to attendance and classroom activity.

The point is not to replace director judgment.

The point is to make room coverage easier to review while there is still time to fix the room, and easier to explain if someone asks later.

PebbleDesk supports generic ratio workflows nationally, with verified state-specific ratio support today for Texas, California, and Florida.

For directors evaluating tools, that qualification matters.

Ask vendors where state-specific support is verified today, and where they are speaking generally.",apps/site/src/content/features/ratio-tracking.md,https://pebbledesk.app/features/ratio-tracking/,"writer self-reviewed: truth, source, humanization, brand, duplication, LinkedIn fit",Recaps ratio tracking with source-backed state support language and an evaluation question.
304,2026-05-26,07:00,2026-05-26T12:00:00.000Z,LinkedIn company page,cmorpckmz03sbqi0yay2i3ds6,Subsidy reconciliation,Practical director advice,"Subsidy billing gets harder when the claim is far away from the daily record.

The center delivers care.
Teachers record attendance.
The office checks authorizations.
Someone creates or reviews a claim.
Payments arrive later.
A short-pay or denial needs follow-up.

If each step lives in a different place, the director becomes the bridge.

That is where preventable revenue problems begin.

PebbleDesk's subsidy billing story is intentionally practical: keep subsidy work connected to attendance, child records, billing, and reporting so reconciliation does not depend on a spreadsheet held together at month-end.

It does not replace every state portal.

It helps keep the supporting record cleaner before and after portal work.

For subsidy-heavy centers, that is the question to ask of any system:

When a claim is questioned, can we trace it back to attendance, child records, invoice context, and reports without rebuilding the month by hand?",apps/site/src/content/features/subsidy-billing.md,https://pebbledesk.app/features/subsidy-billing/,"writer self-reviewed: truth, source, humanization, brand, duplication, LinkedIn fit",Connects subsidy billing to the feature page's core point: reducing distance between daily records and reimbursement records.
305,2026-05-26,08:00,2026-05-26T13:00:00.000Z,LinkedIn company page,cmorpckmz03sbqi0yay2i3ds6,Billing and payments,Evaluation question,"A childcare billing tool has to do more than send an invoice.

Directors also need the record around the invoice:

Which child and family is tied to the charge?
What changed if the invoice was edited?
Can families pay from a public link without entering the admin side?
Can payment status be reviewed near the account context?
Are QuickBooks details clear for the plan or rollout setup?

Billing is where family trust, cash flow, and documentation meet.

When invoices sit outside the center record, the office has to reconcile by hand:

Attendance over here.
Family balance over there.
Subsidy notes somewhere else.
Payment status in another tool.

PebbleDesk keeps invoices, payment status, guardian payment links, and accounting context close to the child and family record.

A good buying question:

Does billing explain the record, or create another record the director has to explain?",apps/site/src/content/features/billing-payments.md,https://pebbledesk.app/features/billing-payments/,"writer self-reviewed: truth, source, humanization, brand, duplication, LinkedIn fit","Uses billing feature claims, including qualified QuickBooks language, as a vendor evaluation framework."
306,2026-05-26,09:00,2026-05-26T14:00:00.000Z,LinkedIn company page,cmorpckmz03sbqi0yay2i3ds6,Audit-ready reporting,Product POV,"Audit reports are useful only if the inputs are trustworthy.

A polished export cannot fix a messy record.

If attendance is incomplete, ratio history is separate, billing context is disconnected, and edits are hard to trace, the report becomes the beginning of the cleanup project.

It should be the end of it.

PebbleDesk's reporting surface is built around the questions directors actually get:

Who was present?
Which staff were assigned?
What ratio applied?
What was billed?
What changed after the fact?
Which records support the answer?

Those questions show up during licensing visits, subsidy reviews, parent billing disputes, and internal cleanup after a busy week.

So the report should not be a detached PDF.

It should reflect a daily record that was connected all along.

That is the difference between audit prep as a scramble and audit prep as a normal part of operations.",apps/site/src/content/features/audit-reports.md,https://pebbledesk.app/features/audit-reports/,"writer self-reviewed: truth, source, humanization, brand, duplication, LinkedIn fit","Recaps audit reporting as connected answers across attendance, ratios, billing, subsidy, and audit log context."
307,2026-05-26,10:00,2026-05-26T15:00:00.000Z,LinkedIn company page,cmorpckmz03sbqi0yay2i3ds6,Migration and rollout,Practical director advice,"The first test of childcare software is not the demo.

It is the data move.

Can the center bring over real records without retyping everything?
Can staff see duplicates before they become daily confusion?
Can child, guardian, invoice, and enrollment data be mapped clearly enough to trust the first week?
Can the director start with a small sample instead of betting the whole rollout on one giant import?

PebbleDesk supports CSV import plus Brightwheel and Procare migration presets.

That does not mean every center's data is magically clean.

No honest migration promise should say that.

It means the product gives teams a practical starting path: export, map, preview, review duplicates, then commit the data when it looks right.

For directors evaluating a switch, ask this before feature depth:

What exactly happens to our current records in week one?",apps/site/src/content/features/imports-migration.md,https://pebbledesk.app/features/imports-migration/,"writer self-reviewed: truth, source, humanization, brand, duplication, LinkedIn fit",Uses import support claims and turns migration into an evaluation question for final-week buyers.
308,2026-05-26,11:00,2026-05-26T16:00:00.000Z,LinkedIn company page,cmorpckmz03sbqi0yay2i3ds6,Multi-location oversight,Evaluation question,"Multi-site childcare operations do not need one big shared filing cabinet.

They need center visibility without mixing center records.

For owner-operators, the useful questions are practical:

Can leaders switch between centers without asking for screenshots?
Can reporting be reviewed across locations where the plan supports it?
Does each center's data stay scoped to that center?
Can rollout be staged instead of forcing every location into the same first week?
Can migration needs be mapped before the group is live?

PebbleDesk supports multi-center operations with cross-center visibility and center switching in Group and Enterprise-oriented setups.

Group checkout is self-serve. Enterprise rollout support is sales-led when migration, permissions, or cross-center reporting need implementation planning.

That qualification matters.

Multi-site buyers need to know what is self-serve, what needs rollout help, and what is included for their plan.",apps/site/src/content/features/multi-location-oversight.md,https://pebbledesk.app/features/multi-location-oversight/,"writer self-reviewed: truth, source, humanization, brand, duplication, LinkedIn fit",Recaps multi-location support with center scoping and qualified plan language from the source.
309,2026-05-26,12:00,2026-05-26T17:00:00.000Z,LinkedIn company page,cmorpckmz03sbqi0yay2i3ds6,Product evaluation,Evaluation checklist,"If you are evaluating childcare software this week, do not start with the longest feature list.

Start with the record chain.

Ask:

Does attendance connect to classrooms and operating days?
Does ratio tracking stay close to live attendance and room context?
Can subsidy work reference the records that support the claim?
Do invoices and payment status stay near the family record?
Can reports answer licensing and finance questions without manual reconstruction?
Can existing data move through CSV, Brightwheel, or Procare presets?
Can multi-site leaders review center-level information without blurring center boundaries?

A feature list can look complete while the director still does the connecting work.

That is the trap.

PebbleDesk's point of view is that attendance, ratios, subsidy billing, family records, and reports should stay connected so the center is not rebuilding the story before a review.

The best buying question may be the simplest one:

When something is questioned later, where does the truth live?",apps/site/src/config/site.ts,https://pebbledesk.app/,"writer self-reviewed: truth, source, humanization, brand, duplication, LinkedIn fit",A final-week buyer checklist tied to the site config's connected-record positioning.
310,2026-05-26,13:00,2026-05-26T18:00:00.000Z,LinkedIn company page,cmorpckmz03sbqi0yay2i3ds6,Operational cleanup,Practical director advice,"A useful Friday habit for directors:

Pick one child and follow the record all the way through.

Attendance for the week.
Classroom or room context.
Any ratio-relevant moments.
Invoice or tuition status.
Subsidy support, if applicable.
Guardian record and contacts.
Any report you would need if licensing or finance asked.

Then ask one question:

How many places did we have to check?

One or two is manageable.
Five or six is a warning sign.
A staff member's memory is not a record system.

This exercise does not require a full audit. It is a fast way to see where the center is carrying admin risk.

PebbleDesk is built for centers that want those pieces closer together: attendance, ratio checks, subsidy records, billing context, family records, migration, and audit reports.

The less the office has to stitch together later, the more useful the record is while the week is still fresh.",apps/site/src/config/site.ts,https://pebbledesk.app/,"writer self-reviewed: truth, source, humanization, brand, duplication, LinkedIn fit",Turns the product's connected-record promise into a practical weekly self-audit for directors.
311,2026-05-26,14:00,2026-05-26T19:00:00.000Z,LinkedIn company page,cmorpckmz03sbqi0yay2i3ds6,Offline and reliability expectations,Risk callout,"One honest software question every childcare center should ask:

What happens if the internet drops?

PebbleDesk is online-only in V1.

That means centers should keep a temporary paper fallback for outages and enter records once service returns.

That answer may sound less shiny than a broad offline promise, but clarity matters.

Directors need procedures they can train:

Where paper attendance lives during an outage.
Who records temporary notes.
When records get entered afterward.
How the team checks that attendance, ratios, billing, and reports still line up.

Online-only does not remove the need for audit-ready records.

It makes the fallback plan part of the recordkeeping discipline.

When evaluating any system, ask vendors to explain failure mode in plain language.

Not just what works on a normal day.

What the director should do on the messy day.",apps/site/src/config/site.ts,https://pebbledesk.app/,"writer self-reviewed: truth, source, humanization, brand, duplication, LinkedIn fit",Uses the source's online-only V1 guardrail and turns it into practical reliability advice.
312,2026-05-26,15:00,2026-05-26T20:00:00.000Z,LinkedIn company page,cmorpckmz03sbqi0yay2i3ds6,Pricing and plan evaluation,Evaluation question,"Pricing is part of operational trust.

Childcare directors should not need a spreadsheet just to understand whether a tool fits the center.

Useful questions:

Is pricing flat by plan or does it grow with every child?
Is there a setup fee on self-serve plans?
Is the trial clear?
Are billing features, subsidy support, reports, migration, and multi-site needs explained by plan fit?
Are claims like QuickBooks support or state-specific reporting qualified where rollout details matter?

PebbleDesk uses tiered flat pricing, no setup fee on self-serve plans, and no surprise per-child add-on for center plans.

The product is built for licensed centers, family childcare homes, and multi-site operators that need attendance, ratio, subsidy, billing, and audit records to stay together.

A fair evaluation does not only ask: can we afford this?

It also asks: will this reduce the recordkeeping work that currently costs the director time, cash-flow clarity, and audit confidence?",apps/site/src/config/site.ts,https://pebbledesk.app/pricing/,"writer self-reviewed: truth, source, humanization, brand, duplication, LinkedIn fit",Uses site config pricing posture and keeps the CTA/evaluation angle soft and practical.
313,2026-05-26,16:00,2026-05-26T21:00:00.000Z,LinkedIn company page,cmorpckmz03sbqi0yay2i3ds6,Director relief,Soft CTA,"The PebbleDesk promise is plain on purpose:

Audit-ready records without the end-of-week scramble.

Childcare directors do not need more impressive software words.

They need fewer moments like these:

Who was here that Tuesday?
Was the room covered after lunch?
What did we bill?
Where is the subsidy support?
Who changed the record?
What can we show licensing?

When records are scattered, those questions become office archaeology.

When records stay connected, the director can answer from evidence instead of memory.

That is the kind of product we are trying to build:

Warm enough for a busy childcare office.
Practical enough for compliance work.
Sturdy enough for the review no one planned for.",apps/site/src/config/site.ts,https://pebbledesk.app/,"writer self-reviewed: truth, source, humanization, brand, duplication, LinkedIn fit","Soft brand CTA built from the tagline, hero copy, and brand promise in site config."
314,2026-05-26,17:00,2026-05-26T22:00:00.000Z,LinkedIn company page,cmorpckmz03sbqi0yay2i3ds6,Implementation readiness,Practical director advice,"Before changing childcare software, make a one-page rollout map.

Keep it boring. Boring is useful here.

What records must move first?
Children, guardians, invoices, enrollment data, subsidy details, staff records.

What format do we have today?
CSV, Brightwheel export, Procare export, manual cleanup, or mixed sources.

What must be reviewed before import?
Duplicates, missing guardian contacts, old balances, inactive children, classroom names, subsidy authorization fields.

What must be true before the first live week?
Attendance works. Rooms are usable. Billing records make sense. Reports can be pulled. Staff know the outage fallback.

What needs rollout planning?
Multi-site reporting, complex migration, permissions, or enterprise setup.

PebbleDesk supports CSV import plus Brightwheel and Procare migration presets, with Group self-serve and Enterprise rollout support when setup needs more planning.

A good rollout starts with clean-enough data, not excitement.",apps/site/src/content/features/imports-migration.md,https://pebbledesk.app/features/imports-migration/,"writer self-reviewed: truth, source, humanization, brand, duplication, LinkedIn fit",Combines migration and multi-site rollout guidance into a practical final-week implementation post.
315,2026-05-26,18:00,2026-05-26T23:00:00.000Z,LinkedIn company page,cmorpckmz03sbqi0yay2i3ds6,Final recap and conversion,Soft CTA,"For directors comparing childcare software, the demo is not the whole test.

The real test is a Tuesday.

A child arrives late.
A room gets tight on ratio.
A subsidy claim needs support.
A parent asks about a balance.
An old record has to move cleanly.
A regional leader needs center visibility.
Licensing asks for the story behind a report.

PebbleDesk brings the pieces directors usually have to stitch together:

Attendance tracking.
Ratio visibility.
Subsidy billing support.
Invoices and payment status.
CSV import with Brightwheel and Procare presets.
Multi-location oversight on qualifying setups.
Audit reports connected to the operating record.

The goal is less rebuilding and more evidence.

A calmer office when someone asks, ""Can you show me that record?""",apps/site/src/config/site.ts,https://pebbledesk.app/,"writer self-reviewed: truth, source, humanization, brand, duplication, LinkedIn fit",Closes the 21-day series with a concise final recap across every requested feature area and a soft CTA.
