index,date,time_central,datetime_utc,platform,integration_id,pillar,format,post_content,source,url,review_status,notes
1,2026-05-27,04:00,2026-05-27T09:00:00.000Z,LinkedIn company page,cmorpckmz03sbqi0yay2i3ds6,Audit readiness and licensing confidence,Practical reminder,"A midweek record reset is a good time to check the records that usually drift.

Not the big binder. The small things:

- Did every child who returned have a clean attendance record?
- Did any family update pickup permissions over the weekend?
- Did staff schedules match who actually opened each room?
- Are absence notes clear enough that billing and licensing will still understand them later?

Audit-ready work is not only what happens during an inspection. It is the quiet cleanup that keeps today from becoming Friday's paperwork problem.",apps/site/src/content/guides/preparing-for-state-audit-childcare.md,https://pebbledesk.app/resources/guides/preparing-for-state-audit-childcare/,"writer self-reviewed: truth, source, humanization, brand, duplication, LinkedIn fit",Grounded in the guide's inspection-ready folder and documentation-before-visit advice.
2,2026-05-27,05:00,2026-05-27T10:00:00.000Z,LinkedIn company page,cmorpckmz03sbqi0yay2i3ds6,Enrollment records,Operator checklist,"Enrollment files are not quiet paperwork.

They decide who can pick up a child, who receives billing follow-up, which classroom the child belongs to, and whether subsidy context is attached when attendance is reviewed.

At the start of a new operating stretch, one practical director habit is a 10-minute enrollment pass:

1. New starts and withdrawals
2. Classroom assignment changes
3. Authorized pickup updates
4. Guardian contact changes
5. Subsidy eligibility notes

By the next opening record check, the file should match the center you are actually operating.",apps/site/src/content/features/enrollment-records.md,https://pebbledesk.app/features/enrollment-records/,"writer self-reviewed: truth, source, humanization, brand, duplication, LinkedIn fit",Rewritten to remove goal phrasing while preserving enrollment-record cleanup advice.
3,2026-05-27,06:00,2026-05-27T11:00:00.000Z,LinkedIn company page,cmorpckmz03sbqi0yay2i3ds6,Attendance records,Point of view,"The attendance record has to do more than say a child was here.

It may need to support a ratio question, a billing question, a subsidy review, or a licensing request weeks later.

That is why the strongest attendance habit is not just ""take attendance.""

It is:

Capture the child, the room, the time, and the day in a way that still makes sense when someone asks what happened later.

Short weeks make this more important, not less. Absences, schedule changes, and family updates can cluster when routines shift.",apps/site/src/content/features/attendance-tracking.md,https://pebbledesk.app/features/attendance-tracking/,"writer self-reviewed: truth, source, humanization, brand, duplication, LinkedIn fit","Reflects attendance tied to child, classroom, day, ratio review, billing support, and audit prep."
4,2026-05-27,07:00,2026-05-27T12:00:00.000Z,LinkedIn company page,cmorpckmz03sbqi0yay2i3ds6,Audit readiness,Director prompt,"A useful midweek audit-readiness question:

If licensing asked for last Thursday's record, would the answer be one clean pull or a scavenger hunt?

Attendance in one place.
Staff coverage somewhere else.
A family note in an inbox.
A billing adjustment in a spreadsheet.

That split is where audit prep gets heavy.

The practical fix is not a prettier binder. It is making sure the daily record keeps the pieces together while the day is happening.",apps/site/src/pages/index.astro,https://pebbledesk.app/,"writer self-reviewed: truth, source, humanization, brand, duplication, LinkedIn fit","Grounded in homepage workflow language about attendance, room changes, staff coverage, context, and proof."
5,2026-05-27,08:00,2026-05-27T13:00:00.000Z,LinkedIn company page,cmorpckmz03sbqi0yay2i3ds6,Licensing inspections,Practical tip,"A licensing visit rarely starts with a complicated question.

It often starts with a date range.

Show attendance for these days.
Show staff coverage for the same period.
Show ratio support.
Show staff qualification documentation.
Show enrollment files for currently enrolled children.

That is why the daily habit matters. If each record is current as the day happens, the date range request is routine. If the record lives across binders, exports, and memory, the same request becomes a scramble.",apps/site/src/content/guides/childcare-licensing-audit-prep-guide.md,https://pebbledesk.app/resources/guides/childcare-licensing-audit-prep-guide/,"writer self-reviewed: truth, source, humanization, brand, duplication, LinkedIn fit",Uses the guide's typical auditor document categories and date-based retrieval concept.
6,2026-05-27,09:00,2026-05-27T14:00:00.000Z,LinkedIn company page,cmorpckmz03sbqi0yay2i3ds6,Family records,Operational risk note,"Pickup permissions deserve a fresh look in a short week.

Families travel. Schedules change. Grandparents help. Custody notes sometimes get updated in a hurry.

The risk is not that staff do not care. The risk is that the current pickup answer lives somewhere other than the record staff are using at the door.

A practical rule: if a pickup decision could happen today, the authorized pickup record needs to be current today.

Not at enrollment.
Not at month-end.
Today.",apps/site/src/content/features/enrollment-records.md,https://pebbledesk.app/features/enrollment-records/,"writer self-reviewed: truth, source, humanization, brand, duplication, LinkedIn fit",Grounded in authorized pickup and guardian record positioning.
7,2026-05-27,10:00,2026-05-27T15:00:00.000Z,LinkedIn company page,cmorpckmz03sbqi0yay2i3ds6,Subsidy and billing records,Plain-language explainer,"Subsidy billing gets harder when the attendance record and reimbursement record stop agreeing.

That mismatch does not always show up right away. It can surface later, when someone asks which children were enrolled, which days they were present, what was billed, what was paid, and how a discrepancy was resolved.

Before billing work begins, the cleanest habit is to close attendance gaps while the day is still fresh.

A missing sign-out today can become a claim-support problem later.",apps/site/src/content/guides/preparing-for-state-audit-childcare.md,https://pebbledesk.app/resources/guides/preparing-for-state-audit-childcare/,"writer self-reviewed: truth, source, humanization, brand, duplication, LinkedIn fit",Uses the guide's subsidy billing auditability requirements without adding unsupported outcomes.
8,2026-05-27,11:00,2026-05-27T16:00:00.000Z,LinkedIn company page,cmorpckmz03sbqi0yay2i3ds6,Staff records,Checklist,"A quick midweek staff-file check:

- Any CPR or first aid dates coming up?
- Any background check document still sitting in email?
- Any annual training hours recorded outside the staff file?
- Any new hire who should not be counted in ratio yet?
- Any substitute coverage that needs a note attached?

Staff files do not need drama. They need deadlines, documents, and one place to look.",apps/site/src/content/features/staff-credentials.md,https://pebbledesk.app/features/staff-credentials/,"writer self-reviewed: truth, source, humanization, brand, duplication, LinkedIn fit","Grounded in credential tracking for background checks, CPR, first aid, training hours, and expiration alerts."
9,2026-05-27,12:00,2026-05-27T17:00:00.000Z,LinkedIn company page,cmorpckmz03sbqi0yay2i3ds6,Audit reports,Question post,"What makes an audit report useful?

Not length.
Not a polished PDF.
Not a folder name that sounds official.

A useful report answers ordinary questions clearly:

Who was present?
Which staff were assigned?
What ratio applied?
What was billed?
What changed after the fact?

If those answers come from disconnected exports, the director still has to rebuild the story. The value is in preserving the relationship between the records before anyone asks.",apps/site/src/content/features/audit-reports.md,https://pebbledesk.app/features/audit-reports/,"writer self-reviewed: truth, source, humanization, brand, duplication, LinkedIn fit",Based on the audit reports page's questions and connected record framing.
10,2026-05-27,13:00,2026-05-27T18:00:00.000Z,LinkedIn company page,cmorpckmz03sbqi0yay2i3ds6,Emergency readiness,Operational reminder,"Emergency binders go stale quietly.

A child enrolls.
A phone number changes.
A medical alert gets added.
A staff member leaves.
A drill happens but the note never makes it into the log.

One small readiness habit is to check whether the emergency roster still matches the children and staff in the building today.

In an inspection, documentation matters.
In an actual emergency, current documentation matters even more.",apps/site/src/content/guides/childcare-emergency-preparedness-guide.md,https://pebbledesk.app/resources/guides/childcare-emergency-preparedness-guide/,"writer self-reviewed: truth, source, humanization, brand, duplication, LinkedIn fit","Grounded in emergency binder, roster, medical alerts, staff contacts, and drill log guidance."
11,2026-05-27,14:00,2026-05-27T19:00:00.000Z,LinkedIn company page,cmorpckmz03sbqi0yay2i3ds6,Audit readiness,Founder POV,"PebbleDesk is built around a practical recordkeeping idea:

Childcare compliance work should be captured during normal operations, not reconstructed when someone asks for proof.

Attendance should feed ratios.
Enrollment records should support pickup, billing, and subsidy context.
Reports should point back to the daily record.

That is the difference between ""we did the work"" and ""we can show the work.""

Directors should not have to rebuild the week from five different record trails.",packages/shared/src/constants/offering.ts,https://pebbledesk.app/,"writer self-reviewed: truth, source, humanization, brand, duplication, LinkedIn fit",Rewritten to remove internal product-thesis phrasing while preserving connected-record positioning.
12,2026-05-27,15:00,2026-05-27T20:00:00.000Z,LinkedIn company page,cmorpckmz03sbqi0yay2i3ds6,Ratio records,Practical observation,"A ratio record from last week should not depend on memory.

The question is not only whether the room was covered. It is whether the center can show who was present, which staff were assigned, and what changed during the day.

That is why short-week cleanup should include ratio review, especially around arrival, lunch, nap, and pickup.

Those are the moments where the schedule on paper and the room in real life can part ways.",apps/site/src/content/guides/staff-scheduling-for-ratio-compliance.md,https://pebbledesk.app/resources/guides/staff-scheduling-for-ratio-compliance/,"writer self-reviewed: truth, source, humanization, brand, duplication, LinkedIn fit",Grounded in high-risk transition windows and documenting actual ratio compliance.
13,2026-05-27,16:00,2026-05-27T21:00:00.000Z,LinkedIn company page,cmorpckmz03sbqi0yay2i3ds6,Record cleanup,Short checklist,"End-of-day audit-ready check:

1. Missing attendance times resolved
2. Absences noted with a reason
3. Room moves reflected in the record
4. Staff coverage matched to the actual day
5. Family or pickup updates entered where staff will see them
6. Billing exceptions noted before the week gets busy

This is not extra admin for the sake of admin.

It is how a center keeps the day from becoming a reconstruction project.",apps/site/src/content/features/attendance-tracking.md,https://pebbledesk.app/features/attendance-tracking/,"writer self-reviewed: truth, source, humanization, brand, duplication, LinkedIn fit","Grounded in attendance connected to rooms, billing, ratios, and audit prep."
14,2026-05-27,17:00,2026-05-27T22:00:00.000Z,LinkedIn company page,cmorpckmz03sbqi0yay2i3ds6,Licensing confidence,Myth vs reality,"Myth: Audit readiness is something directors prepare for before an inspection.

Reality: Audit readiness is mostly built on ordinary days.

The attendance record is complete.
The staff file is current.
The drill log is dated.
The pickup list matches the family record.
The ratio history is not a guess.

A surprise visit is stressful enough. The record should not add a second emergency.",apps/site/src/content/guides/childcare-licensing-audit-prep-guide.md,https://pebbledesk.app/resources/guides/childcare-licensing-audit-prep-guide/,"writer self-reviewed: truth, source, humanization, brand, duplication, LinkedIn fit",Uses the guide's audit-as-routine framing and core audit record categories.
15,2026-05-27,18:00,2026-05-27T23:00:00.000Z,LinkedIn company page,cmorpckmz03sbqi0yay2i3ds6,Connected records,End-of-day reflection,"The best record system for a childcare center is not the one with the most tabs.

It is the one where today's work still makes sense tomorrow.

Attendance connects to rooms.
Rooms connect to ratios.
Family records connect to pickup and billing.
Subsidy work connects back to the attendance record.
Reports connect to what actually happened.

That connection is what keeps directors out of the end-of-week scramble.",packages/shared/src/public-knowledge/data.ts,https://pebbledesk.app/,"writer self-reviewed: truth, source, humanization, brand, duplication, LinkedIn fit",Grounded in public knowledge record/audit readiness sections about connected childcare records.
16,2026-05-28,04:00,2026-05-28T09:00:00.000Z,LinkedIn company page,cmorpckmz03sbqi0yay2i3ds6,Ratio compliance,Practical warning,"Ratio risk usually shows up in motion.

Not when every classroom is settled.
Not when the schedule looks clean.

It shows up during drop-off, lunch breaks, nap handoffs, room moves, and pickup.

That is why a ratio habit has to watch the transitions, not just the posted chart.

A director can know the rule perfectly and still miss the three-minute window where the room changed before the record did.",apps/site/src/content/guides/childcare-ratio-compliance-automation.md,https://pebbledesk.app/resources/guides/childcare-ratio-compliance-automation/,"writer self-reviewed: truth, source, humanization, brand, duplication, LinkedIn fit",Grounded in the guide's transition-period ratio risk framing.
17,2026-05-28,05:00,2026-05-28T10:00:00.000Z,LinkedIn company page,cmorpckmz03sbqi0yay2i3ds6,Staff scheduling,Checklist,"Before the day starts, check the four ratio windows that tend to cause trouble:

1. Morning drop-off
2. Post-lunch breaks
3. Nap supervision handoffs
4. Afternoon pickup

For each one, ask:

How many children are expected?
Which staff are actually counted in ratio?
Where is the overlap?
What happens if one staff member is late, pulled away, or out sick?

Schedules should be built for the day that happens, not only the day that was planned.",apps/site/src/content/guides/staff-scheduling-for-ratio-compliance.md,https://pebbledesk.app/resources/guides/staff-scheduling-for-ratio-compliance/,"writer self-reviewed: truth, source, humanization, brand, duplication, LinkedIn fit",Uses the guide's four high-risk transition windows and variation planning.
18,2026-05-28,06:00,2026-05-28T11:00:00.000Z,LinkedIn company page,cmorpckmz03sbqi0yay2i3ds6,Morning drop-off,Director moment,"Morning drop-off can look calm from the office and still be fragile in one room.

Three children arrive close together.
A staff member walks one child down the hall.
Another staff member has not clocked in yet.
The room is only off for a few minutes.

But licensing does not grade ratio risk by how long the moment felt.

The practical habit: watch the room count during arrival, not just the total center count.",apps/site/src/content/guides/staff-scheduling-for-ratio-compliance.md,https://pebbledesk.app/resources/guides/staff-scheduling-for-ratio-compliance/,"writer self-reviewed: truth, source, humanization, brand, duplication, LinkedIn fit",Draws from the guide's morning arrival example without inventing customer claims.
19,2026-05-28,07:00,2026-05-28T12:00:00.000Z,LinkedIn company page,cmorpckmz03sbqi0yay2i3ds6,Ratio tracking,Plain-language explainer,"A ratio chart tells staff the rule.

It does not tell the director what is happening at 8:17.

That is the gap ratio tracking has to close: children checked in, staff assigned, room context, and the rule that applies to that age group.

The hard part is rarely understanding the standard on paper. The hard part is keeping coverage visible while the building is moving.",apps/site/src/content/features/ratio-tracking.md,https://pebbledesk.app/features/ratio-tracking/,"writer self-reviewed: truth, source, humanization, brand, duplication, LinkedIn fit",Grounded in the ratio feature page's point that knowing the rule is easier than keeping real-time room coverage visible.
20,2026-05-28,08:00,2026-05-28T13:00:00.000Z,LinkedIn company page,cmorpckmz03sbqi0yay2i3ds6,Attendance and ratios,Operational tip,"Attendance is one of the first ratio signals of the day.

If check-ins are late, rounded, or sitting on paper waiting to be entered, the ratio view is already behind.

A small habit that helps: close the arrival record while arrival is still happening.

Not at lunch.
Not before pickup.

While staff can still move coverage if the room count changes.",apps/site/src/content/features/attendance-tracking.md,https://pebbledesk.app/features/attendance-tracking/,"writer self-reviewed: truth, source, humanization, brand, duplication, LinkedIn fit","Uses attendance as an input to room status, ratio review, and follow-up records."
21,2026-05-28,09:00,2026-05-28T14:00:00.000Z,LinkedIn company page,cmorpckmz03sbqi0yay2i3ds6,Scheduling coverage,Point of view,"Coverage and overlap are not the same thing.

Coverage means the schedule technically meets the minimum.
Overlap means the center has room for normal childcare reality.

A late arrival.
A bathroom escort.
A callout.
A parent conversation at the door.
A child moved to another room.

If the schedule only works when nothing bends, the schedule is too brittle for ratio compliance.",apps/site/src/content/guides/staff-scheduling-for-ratio-compliance.md,https://pebbledesk.app/resources/guides/staff-scheduling-for-ratio-compliance/,"writer self-reviewed: truth, source, humanization, brand, duplication, LinkedIn fit",Grounded in the guide's coverage vs overlap distinction and normal variation examples.
22,2026-05-28,10:00,2026-05-28T15:00:00.000Z,LinkedIn company page,cmorpckmz03sbqi0yay2i3ds6,Room transitions,Question post,"When children move rooms, what moves with them?

The child count?
The assigned staff?
The ratio rule?
The attendance context?
The record of when the change happened?

Room transitions are where a center can be doing the right thing and still leave a messy trail.

A practical test: if someone asked about a room change tomorrow, could the record show the move without relying on whoever remembers it best?",apps/site/src/content/features/classroom-management.md,https://pebbledesk.app/features/classroom-management/,"writer self-reviewed: truth, source, humanization, brand, duplication, LinkedIn fit",Uses classroom/room activity as related operational context; risk is framed as a practical record question.
23,2026-05-28,11:00,2026-05-28T16:00:00.000Z,LinkedIn company page,cmorpckmz03sbqi0yay2i3ds6,Lunch and nap transitions,Practical reminder,"Lunch and nap transitions are ratio-risk magnets because the room may look settled from a distance.

Children are in place.
The lights are lower.
The hallway is quieter.

But staff breaks, handoffs, and classroom coverage are changing underneath that calm surface.

A useful director habit is to check the actual staff counted in each room before the break rotation starts, not after the gap appears.",apps/site/src/content/guides/staff-scheduling-for-ratio-compliance.md,https://pebbledesk.app/resources/guides/staff-scheduling-for-ratio-compliance/,"writer self-reviewed: truth, source, humanization, brand, duplication, LinkedIn fit",Grounded in post-lunch and nap supervision handoff risk from the scheduling guide.
24,2026-05-28,12:00,2026-05-28T17:00:00.000Z,LinkedIn company page,cmorpckmz03sbqi0yay2i3ds6,Audit documentation,Explainer,"The planned schedule is not the ratio record.

It is the first guess.

The real record has to show what happened after the doors opened:

Which children arrived.
Which staff were actually present.
Which room each child was in.
When someone stepped out.
When a room combined or split.

If a licensing question points to 10:35 on a Tuesday, the director needs more than the staffing plan printed on Monday.

She needs the day as it actually ran.",apps/site/src/content/guides/staff-scheduling-for-ratio-compliance.md,https://pebbledesk.app/resources/guides/staff-scheduling-for-ratio-compliance/,"writer self-reviewed: truth, source, humanization, brand, duplication, LinkedIn fit",Rewritten to avoid repeated hook while keeping the schedule-versus-actual-record point.
25,2026-05-28,13:00,2026-05-28T18:00:00.000Z,LinkedIn company page,cmorpckmz03sbqi0yay2i3ds6,Product philosophy,Founder POV,"PebbleDesk keeps ratio tracking close to attendance and classroom activity because that is where ratio risk usually appears.

A child checks in.
A room combines.
A teacher covers a break.
A floater gets pulled somewhere else.
Pickup starts early for one classroom and late for another.

None of those moments feels like a compliance event while it is happening.

They feel like Tuesday.

Directors need that fragile moment to be visible while there is still time to move coverage, not reconstructed later from memory.",apps/site/src/content/features/ratio-tracking.md,https://pebbledesk.app/features/ratio-tracking/,"writer self-reviewed: truth, source, humanization, brand, duplication, LinkedIn fit",Rewritten to remove product-thesis language and ground the post in concrete director moments.
26,2026-05-28,14:00,2026-05-28T19:00:00.000Z,LinkedIn company page,cmorpckmz03sbqi0yay2i3ds6,Callout protocol,Operational checklist,"A staff callout plan is a ratio document.

It should answer:

- Who can be called within the next two hours?
- Which rooms can be combined, if state rules and ages allow it?
- When does the director step into coverage?
- Who documents the decision?
- How is the substitute's qualification status confirmed?

A callout is stressful. The protocol should not be invented while the room is already tight.",apps/site/src/content/guides/staff-scheduling-for-ratio-compliance.md,https://pebbledesk.app/resources/guides/staff-scheduling-for-ratio-compliance/,"writer self-reviewed: truth, source, humanization, brand, duplication, LinkedIn fit",Grounded in the callout protocol guidance and qualified staff definition.
27,2026-05-28,15:00,2026-05-28T20:00:00.000Z,LinkedIn company page,cmorpckmz03sbqi0yay2i3ds6,Afternoon pickup,Practical warning,"Pickup can make a room look calmer right when coverage gets more fragile.

Children leave one by one.
Staff are cleaning, answering parent questions, gathering belongings, and preparing to close.
A teacher may step out because the room ""only has a few kids left.""

That is exactly when the record still matters.

The day is not over until the last child is signed out and the room coverage still makes sense.

A good pickup routine checks both sides:

Who is still here?
Who is still counted?",apps/site/src/content/guides/childcare-ratio-compliance-automation.md,https://pebbledesk.app/resources/guides/childcare-ratio-compliance-automation/,"writer self-reviewed: truth, source, humanization, brand, duplication, LinkedIn fit",Rewritten to avoid repeated hook while preserving pickup-ratio risk.
28,2026-05-28,16:00,2026-05-28T21:00:00.000Z,LinkedIn company page,cmorpckmz03sbqi0yay2i3ds6,Staff scheduling,Director prompt,"A schedule that looks efficient on paper can still be risky in a childcare center.

Ask one question:

Where does this schedule absorb ordinary variation?

If the answer is nowhere, the plan depends on every child, staff member, family, and transition behaving exactly as expected.

That is not how childcare days work.

Ratio compliance needs a little practical slack in the moments that bend.",apps/site/src/content/guides/staff-scheduling-for-ratio-compliance.md,https://pebbledesk.app/resources/guides/staff-scheduling-for-ratio-compliance/,"writer self-reviewed: truth, source, humanization, brand, duplication, LinkedIn fit",Grounded in building overlap and planning for variation rather than averages.
29,2026-05-28,17:00,2026-05-28T22:00:00.000Z,LinkedIn company page,cmorpckmz03sbqi0yay2i3ds6,Audit reports,Recordkeeping tip,"Ratio review is easier when it stays connected to the rest of the day.

Attendance explains who was present.
Room activity explains where children were assigned.
Scheduling explains who was expected.
The staff record explains who could be counted.
Reports explain what happened later.

When those pieces split apart, directors end up doing detective work for a routine compliance question.",apps/site/src/content/features/audit-reports.md,https://pebbledesk.app/features/audit-reports/,"writer self-reviewed: truth, source, humanization, brand, duplication, LinkedIn fit","Grounded in audit reports connecting attendance, ratio, billing, and audit-log context."
30,2026-05-28,18:00,2026-05-28T23:00:00.000Z,LinkedIn company page,cmorpckmz03sbqi0yay2i3ds6,End-of-day review,Checklist,"End-of-day ratio review:

- Which transition was tightest?
- Did any room rely on a staff member who was not clearly counted in the record?
- Were room moves reflected when they happened?
- Did pickup coverage hold through the last child?
- Is there a pattern to address before tomorrow?

No one needs another blame exercise at closing time.

What directors need is the pattern while it is still small enough to fix in tomorrow's coverage plan, before it becomes part of a licensing conversation.",apps/site/src/content/guides/preparing-for-state-audit-childcare.md,https://pebbledesk.app/resources/guides/preparing-for-state-audit-childcare/,"writer self-reviewed: truth, source, humanization, brand, duplication, LinkedIn fit",Rewritten to replace formulaic point/point close with a director-facing close.
31,2026-05-29,04:00,2026-05-29T09:00:00.000Z,LinkedIn company page,cmorpckmz03sbqi0yay2i3ds6,Attendance records,Point of view,"Attendance is not just a morning task.

It is the source record for a lot of later questions:

Who was present?
When did care happen?
Which room counted the child?
What should be billed?
What supports the subsidy claim?
What does licensing need to see?

If the attendance record is weak, every downstream answer gets harder.

That is why attendance deserves more respect than a clipboard by the door.",apps/site/src/content/features/attendance-tracking.md,https://pebbledesk.app/features/attendance-tracking/,"writer self-reviewed: truth, source, humanization, brand, duplication, LinkedIn fit","Grounded in attendance feeding room status, ratio review, billing support, and audit prep."
32,2026-05-29,05:00,2026-05-29T10:00:00.000Z,LinkedIn company page,cmorpckmz03sbqi0yay2i3ds6,CCDF documentation,Practical explainer,"For CCDF billing, the attendance record has a specific job.

It has to connect the billed day to a real child, date of service, time in, time out, and the required verification.

That is not complicated in theory.

It is hard in practice because it has to happen every day, for every child, while the center is also running.

The strongest attendance system is the one that makes the required record part of the moment, not a month-end memory exercise.",apps/site/src/content/guides/ccdf-attendance-documentation-requirements.md,https://pebbledesk.app/resources/guides/ccdf-attendance-documentation-requirements/,"writer self-reviewed: truth, source, humanization, brand, duplication, LinkedIn fit",Uses the guide's CCDF data elements and same-day verification principle.
33,2026-05-29,06:00,2026-05-29T11:00:00.000Z,LinkedIn company page,cmorpckmz03sbqi0yay2i3ds6,Billing alignment,Operator risk note,"One incomplete attendance day can create more than one problem.

It can affect the family invoice.
It can affect a subsidy claim.
It can weaken ratio documentation.
It can create cleanup work in the report.

That is the compounding error most centers feel but do not always name.

Attendance is not a side record. It is the starting point for the financial and compliance story of the day.",apps/site/src/content/guides/cost-of-manual-attendance-tracking.md,https://pebbledesk.app/resources/guides/cost-of-manual-attendance-tracking/,"writer self-reviewed: truth, source, humanization, brand, duplication, LinkedIn fit","Grounded in the guide's compounding error cycle from attendance to billing, subsidy, and reporting."
34,2026-05-29,07:00,2026-05-29T12:00:00.000Z,LinkedIn company page,cmorpckmz03sbqi0yay2i3ds6,Morning operations,Practical tip,"A good attendance habit for directors:

Do not wait until the end of the day to find the missing morning record.

If a child was present, the record should be clear while the people who saw arrival still remember it.

Same-day notes are stronger than retroactive cleanup.
Clear time stamps are stronger than rounded guesses.
A complete record is stronger than a story everyone has to reconstruct later.",apps/site/src/content/guides/ccdf-attendance-documentation-requirements.md,https://pebbledesk.app/resources/guides/ccdf-attendance-documentation-requirements/,"writer self-reviewed: truth, source, humanization, brand, duplication, LinkedIn fit",Grounded in same-day verification and retroactive signature risk.
35,2026-05-29,08:00,2026-05-29T13:00:00.000Z,LinkedIn company page,cmorpckmz03sbqi0yay2i3ds6,Subsidy billing,Plain-language warning,"Subsidy reimbursement work gets expensive when attendance and billing live in different realities.

The claim says one thing.
The attendance record says another.
The authorization document is in a third place.
The co-pay receipt is somewhere else.

That is where directors lose time: not because the care did not happen, but because the proof has to be stitched back together.

The cleaner path is one underlying attendance record that billing can point back to.",apps/site/src/content/features/subsidy-billing.md,https://pebbledesk.app/features/subsidy-billing/,"writer self-reviewed: truth, source, humanization, brand, duplication, LinkedIn fit","Uses subsidy feature page's connected attendance, child records, billing, and reporting framing."
36,2026-05-29,09:00,2026-05-29T14:00:00.000Z,LinkedIn company page,cmorpckmz03sbqi0yay2i3ds6,Family billing,Director prompt,"When a family questions a charge, what does the office reach for first?

The invoice?
The attendance record?
A note from the classroom?
A message thread?

Billing is easier to explain when the invoice is connected to the same child and family record the center already uses every day.

Attendance does not answer every billing question by itself, but it is often the first piece of proof.",apps/site/src/content/features/billing-payments.md,https://pebbledesk.app/features/billing-payments/,"writer self-reviewed: truth, source, humanization, brand, duplication, LinkedIn fit","Grounded in billing tied to child and family record, invoices, and payment status tracking."
37,2026-05-29,10:00,2026-05-29T15:00:00.000Z,LinkedIn company page,cmorpckmz03sbqi0yay2i3ds6,Absence tracking,Checklist,"Absences need records too.

A useful attendance review asks:

- Was the child absent or just not signed in?
- Is there a same-day note?
- Is the absence billable under the applicable program rules?
- Is the reason code required?
- Does the billing record match the attendance record?

A blank attendance line is not the same as an absence record.

That difference matters when the claim is reviewed.",apps/site/src/content/guides/ccdf-attendance-documentation-requirements.md,https://pebbledesk.app/resources/guides/ccdf-attendance-documentation-requirements/,"writer self-reviewed: truth, source, humanization, brand, duplication, LinkedIn fit","Uses absence documentation, absence reason codes, and billable absence guidance."
38,2026-05-29,11:00,2026-05-29T16:00:00.000Z,LinkedIn company page,cmorpckmz03sbqi0yay2i3ds6,Licensing documentation,Explainer,"Licensing and subsidy reviews look at attendance differently, but they both care about the record.

Licensing wants to understand who was present, when, and whether ratios held.

CCDF billing wants to understand which authorized children were present for the billed dates.

The same attendance record can support both if it captures the basics clearly.

That is the practical win: one clean record, fewer versions of the truth.",apps/site/src/content/guides/ccdf-attendance-documentation-requirements.md,https://pebbledesk.app/resources/guides/ccdf-attendance-documentation-requirements/,"writer self-reviewed: truth, source, humanization, brand, duplication, LinkedIn fit",Grounded in the guide's distinction between CCDF and licensing attendance documentation.
39,2026-05-29,12:00,2026-05-29T17:00:00.000Z,LinkedIn company page,cmorpckmz03sbqi0yay2i3ds6,Record quality,Myth vs reality,"Myth: Digital attendance automatically solves the record problem.

Reality: The record still has to stay connected to the workflows that depend on it.

A check-in screen is useful.
But directors also need room context, billing support, ratio review, reports, and child records that agree with the day.

The value is not just capturing a tap.

The value is keeping the day understandable when someone asks about it later.",apps/site/src/content/features/attendance-tracking.md,https://pebbledesk.app/features/attendance-tracking/,"writer self-reviewed: truth, source, humanization, brand, duplication, LinkedIn fit",Uses attendance feature page's framing that digital capture is valuable because it feeds the broader operating record.
40,2026-05-29,13:00,2026-05-29T18:00:00.000Z,LinkedIn company page,cmorpckmz03sbqi0yay2i3ds6,Manual attendance risk,Operational observation,"Paper attendance can be legal and still be fragile.

Handwriting gets unclear.
Times get rounded.
Sign-outs get missed.
Sheets get filed before someone checks them.

The risk is not only the paper.
It is the delay between what happened and when the record becomes complete.

For billing and compliance, the best record is the one captured close to the actual moment.",apps/site/src/content/guides/cost-of-manual-attendance-tracking.md,https://pebbledesk.app/resources/guides/cost-of-manual-attendance-tracking/,"writer self-reviewed: truth, source, humanization, brand, duplication, LinkedIn fit","Grounded in manual attendance issues like unclear records, reconstructed entries, and downstream risk."
41,2026-05-29,14:00,2026-05-29T19:00:00.000Z,LinkedIn company page,cmorpckmz03sbqi0yay2i3ds6,Audit reports,Question post,"A useful attendance report should help answer more than ""who came today?""

It should help answer:

Who was present during the ratio question?
Which child record supports this billing item?
What attendance history supports the subsidy claim?
What changed after the original entry?

Reports become more useful when they point back to the same operating record instead of asking the director to reconcile separate exports.",apps/site/src/content/features/audit-reports.md,https://pebbledesk.app/features/audit-reports/,"writer self-reviewed: truth, source, humanization, brand, duplication, LinkedIn fit","Grounded in audit reports connecting attendance, ratio, billing, and audit-log context."
42,2026-05-29,15:00,2026-05-29T20:00:00.000Z,LinkedIn company page,cmorpckmz03sbqi0yay2i3ds6,Same-day cleanup,Checklist,"Friday attendance cleanup before close:

- Missing sign-ins
- Missing sign-outs
- Unclear absence notes
- Room changes that never made it into the record
- Staff verification notes for pickup misses
- Billing exceptions that should not wait until Monday

This is not about making Friday pristine.

It is about protecting Monday morning from last week's loose ends.

A missing sign-out is easier to fix while staff still remember pickup.

A billing exception is easier to explain before the invoice run.

Attendance cleanup gets harder every day it waits.",apps/site/src/content/guides/ccdf-attendance-documentation-requirements.md,https://pebbledesk.app/resources/guides/ccdf-attendance-documentation-requirements/,"writer self-reviewed: truth, source, humanization, brand, duplication, LinkedIn fit",Rewritten to make the ending specific to Friday attendance cleanup.
43,2026-05-29,16:00,2026-05-29T21:00:00.000Z,LinkedIn company page,cmorpckmz03sbqi0yay2i3ds6,Product positioning,Founder POV,"PebbleDesk was built around a simple recordkeeping belief:

The daily childcare record should not split apart before billing, subsidy, ratios, and audit work begin.

Attendance is the front door to that record.

If it stays tied to child, classroom, family, billing, and reporting context, the director has less to rebuild later.

That is the work PebbleDesk is designed to support.",packages/shared/src/constants/offering.ts,https://pebbledesk.app/,"writer self-reviewed: truth, source, humanization, brand, duplication, LinkedIn fit",Safe product-thesis framing based on positioning and connected workflow claims.
44,2026-05-29,17:00,2026-05-29T22:00:00.000Z,LinkedIn company page,cmorpckmz03sbqi0yay2i3ds6,Subsidy reimbursement,Practical reminder,"Most subsidy work is easier when the supporting record is boring.

The child was authorized.
The child was present or absent with a clear record.
The attendance day matches the billed day.
The co-pay or payment context is traceable.
The report can be pulled without rebuilding the month.

Boring records are underrated.
They are what keep reimbursement follow-up from becoming a research project.",apps/site/src/content/guides/subsidy-reimbursement-tracking-guide.md,https://pebbledesk.app/resources/guides/subsidy-reimbursement-tracking-guide/,"writer self-reviewed: truth, source, humanization, brand, duplication, LinkedIn fit",Uses subsidy reimbursement tracking concepts; source was identified as relevant repo content.
45,2026-05-29,18:00,2026-05-29T23:00:00.000Z,LinkedIn company page,cmorpckmz03sbqi0yay2i3ds6,Connected records,End-of-day reflection,"A strong attendance record protects more than attendance.

It supports ratios.
It supports invoices.
It supports subsidy claims.
It supports licensing questions.
It supports families who need a clear answer.

That is why attendance deserves director-level attention, even when the day feels routine.

The routine days are where the audit-ready record is built.",packages/shared/src/public-knowledge/data.ts,https://pebbledesk.app/,"writer self-reviewed: truth, source, humanization, brand, duplication, LinkedIn fit","Grounded in public knowledge about attendance, ratios, family records, billing context, messaging, and reports."
46,2026-05-30,04:00,2026-05-30T09:00:00.000Z,LinkedIn company page,cmorpckmz03sbqi0yay2i3ds6,Staff credentials,Practical warning,"A staff credential binder does not remind anyone of anything.

It can hold CPR cards, training records, background check clearances, and director qualifications.

But it will not tap the director on the shoulder 60 days before something expires.

That is the operational risk: not that the center ignores credentials, but that deadlines hide inside documents until an inspector asks.",apps/site/src/content/features/staff-credentials.md,https://pebbledesk.app/features/staff-credentials/,"writer self-reviewed: truth, source, humanization, brand, duplication, LinkedIn fit",Grounded in the staff credentials page's binder problem and expiration alert framing.
47,2026-05-30,05:00,2026-05-30T10:00:00.000Z,LinkedIn company page,cmorpckmz03sbqi0yay2i3ds6,Background checks,Director checklist,"A background check file should answer more than ""did we run it?""

A useful staff record answers:

- Which checks were required?
- When were they cleared?
- Where is the documentation stored?
- Does the staff member work across any state-specific requirements?
- Can this person be counted in ratio today?

That last question is the one directors feel in real time.

Credential paperwork is not separate from classroom coverage.",apps/site/src/content/guides/childcare-staff-hiring-onboarding-guide.md,https://pebbledesk.app/resources/guides/childcare-staff-hiring-onboarding-guide/,"writer self-reviewed: truth, source, humanization, brand, duplication, LinkedIn fit",Uses onboarding guide background check requirements and ratio-counting caution.
48,2026-05-30,06:00,2026-05-30T11:00:00.000Z,LinkedIn company page,cmorpckmz03sbqi0yay2i3ds6,Inspection readiness,Plain-language explainer,"Staff credentials are one of those inspection items that feel administrative until they are not.

An expired CPR card.
A missing background check clearance.
Training hours tracked in a spreadsheet someone forgot to update.

None of those require a bad program to become a finding.

They require a record that was not current when the inspector asked for it.",apps/site/src/content/guides/preparing-for-state-audit-childcare.md,https://pebbledesk.app/resources/guides/preparing-for-state-audit-childcare/,"writer self-reviewed: truth, source, humanization, brand, duplication, LinkedIn fit","Grounded in staff qualification record citations and documentation scattered across files, inboxes, and phones."
49,2026-05-30,07:00,2026-05-30T12:00:00.000Z,LinkedIn company page,cmorpckmz03sbqi0yay2i3ds6,Credential tracking,Checklist,"A practical staff credential tracker should include:

- Background check clearance date
- CPR and first aid expiration date
- Annual training hours
- Mandatory reporter or state-specific requirements
- Director qualification documents
- Custom requirements your state or program needs
- Renewal reminders early enough to act

The value is not the list itself.

The value is seeing the deadline before it becomes an inspection problem.",apps/site/src/content/features/staff-credentials.md,https://pebbledesk.app/features/staff-credentials/,"writer self-reviewed: truth, source, humanization, brand, duplication, LinkedIn fit",Grounded in the staff credential types and configurable alert window described on the feature page.
50,2026-05-30,08:00,2026-05-30T13:00:00.000Z,LinkedIn company page,cmorpckmz03sbqi0yay2i3ds6,New hire onboarding,Operational reminder,"A new hire cannot become ratio coverage just because the classroom needs help.

Before day one, the file needs to match your state's requirements: background clearances, eligibility documentation, required health records where applicable, CPR or first aid if required, policy acknowledgments, and emergency contact information.

The pressure to fill a room is real.

So is the inspection risk when the paperwork is not ready.",apps/site/src/content/guides/childcare-staff-hiring-onboarding-guide.md,https://pebbledesk.app/resources/guides/childcare-staff-hiring-onboarding-guide/,"writer self-reviewed: truth, source, humanization, brand, duplication, LinkedIn fit",Uses onboarding documentation before day one and warning against counting uncleared staff in ratio.
51,2026-05-30,09:00,2026-05-30T14:00:00.000Z,LinkedIn company page,cmorpckmz03sbqi0yay2i3ds6,Training hours,Practical tip,"Annual training hours should not be a quarterly surprise.

A better habit is to review them like an operating signal:

Who is current?
Who is behind?
Whose renewal date is close?
Which classroom would be affected if someone cannot be counted?

Training records look like paperwork, but they affect staffing confidence.

A credential gap can become a ratio problem faster than directors want it to.",apps/site/src/content/features/staff-credentials.md,https://pebbledesk.app/features/staff-credentials/,"writer self-reviewed: truth, source, humanization, brand, duplication, LinkedIn fit",Grounded in annual training hours tracked per staff member and credential alerts.
52,2026-05-30,10:00,2026-05-30T15:00:00.000Z,LinkedIn company page,cmorpckmz03sbqi0yay2i3ds6,Hiring compliance,Reality check,"Childcare hiring has a compliance timeline.

A candidate may be enthusiastic, qualified on paper, and ready to start.

But background checks, required documentation, orientation, and state-specific requirements still decide when that person can safely count in the operation.

The hiring process is not separate from compliance.

It is one of the first places compliance shows up.",apps/site/src/content/guides/childcare-staff-hiring-onboarding-guide.md,https://pebbledesk.app/resources/guides/childcare-staff-hiring-onboarding-guide/,"writer self-reviewed: truth, source, humanization, brand, duplication, LinkedIn fit",Uses the guide's realistic hiring/background check timeline and compliance framing.
53,2026-05-30,11:00,2026-05-30T16:00:00.000Z,LinkedIn company page,cmorpckmz03sbqi0yay2i3ds6,Inspection document request,Question post,"If an inspector asked for staff credential files today, what would the director have to open?

One staff record?
A binder?
An inbox?
A spreadsheet?
A phone photo?
A folder named ""updated"" that may not be updated?

The risk is not only missing documents.

The risk is losing time and confidence because the center cannot tell quickly which record is current.",apps/site/src/content/guides/childcare-licensing-audit-prep-guide.md,https://pebbledesk.app/resources/guides/childcare-licensing-audit-prep-guide/,"writer self-reviewed: truth, source, humanization, brand, duplication, LinkedIn fit",Grounded in the audit prep guide's staff credential file categories and accessible records theme.
54,2026-05-30,12:00,2026-05-30T17:00:00.000Z,LinkedIn company page,cmorpckmz03sbqi0yay2i3ds6,Credential alerts,Practical observation,"A same-week credential reminder is often too late.

CPR classes need scheduling.
Training hours need time.
Background check renewals may not move at the speed of the classroom need.

That is why expiration alerts matter most when they arrive early enough to change the plan.

Inspection readiness is not only knowing what expired.
It is having enough notice to prevent the lapse.",apps/site/src/content/features/staff-credentials.md,https://pebbledesk.app/features/staff-credentials/,"writer self-reviewed: truth, source, humanization, brand, duplication, LinkedIn fit",Uses the feature page's configurable 30/60/90-day alert window and 60-day practical value.
55,2026-05-30,13:00,2026-05-30T18:00:00.000Z,LinkedIn company page,cmorpckmz03sbqi0yay2i3ds6,Ratio and credentials,Explainer,"Staff credentials and ratio compliance are connected.

A staff member may be physically present, kind, capable, and needed.

But whether they count for ratio depends on state rules and required clearances or qualifications.

That is why credential tracking belongs close to scheduling and room coverage.

The question directors need to answer is not only ""who is here?""

It is ""who can be counted?""",apps/site/src/content/guides/staff-scheduling-for-ratio-compliance.md,https://pebbledesk.app/resources/guides/staff-scheduling-for-ratio-compliance/,"writer self-reviewed: truth, source, humanization, brand, duplication, LinkedIn fit",Grounded in the qualified staff definition and ratio compliance scheduling guidance.
56,2026-05-30,14:00,2026-05-30T19:00:00.000Z,LinkedIn company page,cmorpckmz03sbqi0yay2i3ds6,Emergency readiness,Operational checklist,"Emergency readiness has a staff-record side too.

The emergency binder needs current staff contacts.
Staff need to know procedures.
Drill logs need dates, times, counts, and issues.
Newer staff need to know routes, reunification steps, and who handles family communication.

A center can practice drills and still fail the paperwork test.

Documentation is part of preparedness.",apps/site/src/content/guides/childcare-emergency-preparedness-guide.md,https://pebbledesk.app/resources/guides/childcare-emergency-preparedness-guide/,"writer self-reviewed: truth, source, humanization, brand, duplication, LinkedIn fit","Uses emergency binder, drill logs, staff contacts, and documented procedures guidance."
57,2026-05-30,15:00,2026-05-30T20:00:00.000Z,LinkedIn company page,cmorpckmz03sbqi0yay2i3ds6,Audit-ready records,Founder POV,"PebbleDesk's compliance-first point of view includes staff records for a simple reason:

Attendance and ratios do not stand alone.

A ratio record is stronger when the staff record can show who was qualified, cleared, scheduled, and present.

A licensing response is stronger when staff credentials live near the operating record instead of in a last-minute document chase.

The product is built around that connected record idea.",packages/shared/src/constants/offering.ts,https://pebbledesk.app/,"writer self-reviewed: truth, source, humanization, brand, duplication, LinkedIn fit","Safe product-thesis framing using audit readiness, ratio coverage, and staff scheduling positioning."
58,2026-05-30,16:00,2026-05-30T21:00:00.000Z,LinkedIn company page,cmorpckmz03sbqi0yay2i3ds6,Director workflow,Checklist,"Saturday staff-file review, if the week got away from you:

- New hire files complete
- Background check clearances filed
- CPR and first aid dates current
- Training hours updated
- Credential expirations reviewed
- Substitutes checked before they are needed
- Director qualification documents easy to find

This is not glamorous work.

It is the work that keeps a normal inspection from turning into a records emergency.",apps/site/src/content/features/staff-credentials.md,https://pebbledesk.app/features/staff-credentials/,"writer self-reviewed: truth, source, humanization, brand, duplication, LinkedIn fit",Grounded in credential records per staff member and inspection visibility.
59,2026-05-30,17:00,2026-05-30T22:00:00.000Z,LinkedIn company page,cmorpckmz03sbqi0yay2i3ds6,Inspection readiness,Myth vs reality,"Myth: Staff credential issues happen because directors are careless.

Reality: Many credential issues happen because the record is scattered.

A CPR card in a wallet.
A clearance in an email.
Training hours in a spreadsheet.
A renewal date on someone's calendar.

The fix is not more worry.

It is one current staff record with deadlines visible before licensing is in the building.",apps/site/src/content/guides/preparing-for-state-audit-childcare.md,https://pebbledesk.app/resources/guides/preparing-for-state-audit-childcare/,"writer self-reviewed: truth, source, humanization, brand, duplication, LinkedIn fit","Grounded in the guide's point that citations often come from scattered documentation, not unqualified staff."
60,2026-05-30,18:00,2026-05-30T23:00:00.000Z,LinkedIn company page,cmorpckmz03sbqi0yay2i3ds6,Connected compliance,End-of-day reflection,"Staff credentials are not a back-office side quest.

They affect classroom coverage.
They affect ratio confidence.
They affect inspection readiness.
They affect hiring timelines.
They affect emergency preparation.

A director should not have to ask five places whether a staff member is cleared, current, trained, and ready to count.

That answer belongs in the operating record.",packages/shared/src/public-knowledge/data.ts,https://pebbledesk.app/,"writer self-reviewed: truth, source, humanization, brand, duplication, LinkedIn fit","Grounded in PebbleDesk public knowledge about connected daily operations, staff coverage, reports, and audit readiness."
61,2026-05-31,04:00,2026-05-31T09:00:00.000Z,LinkedIn company page,cmorpckmz03sbqi0yay2i3ds6,Weekly record closeout,Practical tip,"Sunday closeout does not need to be a dramatic paperwork session.

The useful version is small and specific:

Pick the records most likely to create Monday stress.

- attendance gaps
- missing sign-outs
- room moves that were never cleaned up
- incident notes waiting for signatures
- subsidy attendance that needs support
- child file changes still sitting in email

Nobody is trying to make the week perfect.

The useful outcome is simpler: the director does not start Monday with a pile of unresolved questions from Friday.

A good closeout habit protects the next week before it starts.",apps/site/src/content/features/audit-reports.md,https://pebbledesk.app/features/audit-reports/,"writer self-reviewed: truth, source, humanization, brand, duplication, LinkedIn fit",Rewritten to remove goal phrasing from closeout post.
62,2026-05-31,05:00,2026-05-31T10:00:00.000Z,LinkedIn company page,cmorpckmz03sbqi0yay2i3ds6,Attendance proof,Risk reminder,"Attendance records get harder to fix with every day that passes.

A missing sign-out from Friday is still fresh on Sunday.

By next Thursday, everyone is guessing.

That is why weekly closeout should include one simple attendance review:

Which children have incomplete check-in or check-out records?
Which room assignments look wrong?
Which attendance edits need a note?
Which days may be needed later for subsidy, billing, or licensing follow-up?

Attendance is not only a daily count. It becomes the record directors rely on when someone asks what happened.

Clean it while the week is still close enough to remember.",apps/site/src/content/features/attendance-tracking.md,https://pebbledesk.app/features/attendance-tracking/,"writer self-reviewed: truth, source, humanization, brand, duplication, LinkedIn fit","Uses the attendance page's framing that attendance supports room context, reports, billing, and licensing follow-up."
63,2026-05-31,06:00,2026-05-31T11:00:00.000Z,LinkedIn company page,cmorpckmz03sbqi0yay2i3ds6,Audit readiness,Director checklist,"A weekly audit-ready closeout can be short.

Ask five questions:

1. Can attendance explain the week?
2. Can ratio reports explain the fragile moments?
3. Can billing records point back to attendance?
4. Can child file changes be found in the record, not only in messages?
5. Can incident documentation be retrieved by child and date?

If the answer is no, fix the record while the week is still recent.

Most director stress comes from rebuilding the story later.

Weekly closeout is the habit that keeps the story from falling apart in the first place.",apps/site/src/content/guides/preparing-for-state-audit-childcare.md,https://pebbledesk.app/resources/guides/preparing-for-state-audit-childcare/,"writer self-reviewed: truth, source, humanization, brand, duplication, LinkedIn fit",Applies the audit guide's recurring documentation system to a weekly closeout habit.
64,2026-05-31,07:00,2026-05-31T12:00:00.000Z,LinkedIn company page,cmorpckmz03sbqi0yay2i3ds6,Ratio records,Operator insight,"The ratio moments worth reviewing are rarely the calm ones.

They are the transitions:

Morning arrivals.
Lunch coverage.
Nap wake-up.
Outdoor moves.
Afternoon pickup.

A weekly review should ask: did the record show who was present, where children were assigned, and which staff were covering the room at those pressure points?

That is different from asking whether the schedule looked fine.

A schedule is the plan.

The weekly record is what the center can actually show later.",apps/site/src/content/guides/preparing-for-state-audit-childcare.md,https://pebbledesk.app/resources/guides/preparing-for-state-audit-childcare/,"writer self-reviewed: truth, source, humanization, brand, duplication, LinkedIn fit",Uses the guide's focus on ratio evidence at specific points in time.
65,2026-05-31,08:00,2026-05-31T13:00:00.000Z,LinkedIn company page,cmorpckmz03sbqi0yay2i3ds6,Enrollment record cleanup,Practical tip,"One underrated weekly closeout task:

Move family updates out of conversations and into the child record.

A new phone number in a text thread is not enough.
A pickup change mentioned at the desk is not enough.
A billing contact update in an email is not enough.
A subsidy note on a sticky note is not enough.

If the information affects attendance, billing, pickup, communication, or safety, it belongs in the record staff will use next week.

The director should not have to remember where the update came from.

The file should carry it.",apps/site/src/content/features/enrollment-records.md,https://pebbledesk.app/features/enrollment-records/,"writer self-reviewed: truth, source, humanization, brand, duplication, LinkedIn fit","Grounded in the enrollment page's child, guardian, pickup, billing contact, and subsidy record structure."
66,2026-05-31,09:00,2026-05-31T14:00:00.000Z,LinkedIn company page,cmorpckmz03sbqi0yay2i3ds6,Billing closeout,Finance operations note,"Weekly billing cleanup starts with one practical question:

Can every charge or claim point back to the record that supports it?

For private-pay billing, that may mean tuition, late pickup fees, balances, or one-off charges.

For subsidy work, it means attendance, authorization context, and documentation that can support the claim.

When billing sits away from the child and attendance record, closeout turns into cross-checking.

A cleaner habit is to resolve small mismatches each week, before they become month-end finance work.",apps/site/src/content/features/billing-payments.md,https://pebbledesk.app/features/billing-payments/,"writer self-reviewed: truth, source, humanization, brand, duplication, LinkedIn fit",Uses the billing page's positioning that invoices and payment status stay close to the child and family record.
67,2026-05-31,10:00,2026-05-31T15:00:00.000Z,LinkedIn company page,cmorpckmz03sbqi0yay2i3ds6,Subsidy documentation,Risk callout,"For subsidy-heavy centers, Friday's attendance record can become next month's reimbursement question.

That is why weekly closeout should not wait for claim week.

Look for:

- missing attendance verification
- unexplained absences
- mismatched child names or identifiers
- days billed differently than attendance suggests
- notes that need to be attached while staff still remember them

Subsidy documentation is easier when the center treats every week as part of the claim record.

Month-end is too late to discover the daily proof was thin.",apps/site/src/content/guides/ccdf-attendance-documentation-requirements.md,https://pebbledesk.app/resources/guides/ccdf-attendance-documentation-requirements/,"writer self-reviewed: truth, source, humanization, brand, duplication, LinkedIn fit","Based on the CCDF guide's same-day verification, absence, and identifier requirements."
68,2026-05-31,11:00,2026-05-31T16:00:00.000Z,LinkedIn company page,cmorpckmz03sbqi0yay2i3ds6,Product education,Soft product post,"The reason PebbleDesk keeps attendance, ratios, billing context, and reports close together is simple:

Directors should not have to rebuild the week by hand.

The same records that run the day are the records that answer follow-up questions later.

Who was present?
Which room were they in?
What was billed?
Which records support the claim?
What changed after the fact?

Weekly closeout is calmer when those answers come from one connected operating record instead of separate exports and memory.",packages/shared/src/constants/offering.ts,https://pebbledesk.app/,"writer self-reviewed: truth, source, humanization, brand, duplication, LinkedIn fit","Uses PebbleDesk's core positioning around connected attendance, ratios, subsidy billing, records, and reports."
69,2026-05-31,12:00,2026-05-31T17:00:00.000Z,LinkedIn company page,cmorpckmz03sbqi0yay2i3ds6,Director relief,Operator reflection,"Director relief is not always a big automation moment.

Sometimes it is a clean Friday record.

Attendance closed.
Pickup notes attached.
Incident reports findable.
Billing questions marked.
Subsidy documentation not waiting for a month-end scramble.

That kind of cleanup does not make childcare administration easy.

It just removes the extra work directors create for their future selves when records stay half-finished.

A small closeout habit is a kindness to Monday morning.",apps/site/src/content/features/audit-reports.md,https://pebbledesk.app/features/audit-reports/,"writer self-reviewed: truth, source, humanization, brand, duplication, LinkedIn fit",LinkedIn-native reflection based on the audit reports page's operations cleanup use case.
70,2026-05-31,13:00,2026-05-31T18:00:00.000Z,LinkedIn company page,cmorpckmz03sbqi0yay2i3ds6,Inspection readiness,Teaching post,"A licensing visit does not only test whether a center did the right things.

It tests whether the center can show the right things.

That is why weekly closeout should focus on proof, not memory.

A director may know the ratio was covered.
A teacher may remember the pickup change.
An admin may know the subsidy absence was allowed.

But the record still needs to show it.

The weekly question is plain: if someone asked about this day later, would the file explain it without a long story from the director?",apps/site/src/content/guides/preparing-for-state-audit-childcare.md,https://pebbledesk.app/resources/guides/preparing-for-state-audit-childcare/,"writer self-reviewed: truth, source, humanization, brand, duplication, LinkedIn fit",Uses the guide's distinction between compliant operation and documentation that survives inspection.
71,2026-05-31,14:00,2026-05-31T19:00:00.000Z,LinkedIn company page,cmorpckmz03sbqi0yay2i3ds6,Attendance closeout,Practical checklist,"A useful Friday attendance review can fit on one screen:

- children with missing check-out times
- children checked into the wrong room
- absences without a reason note where one is needed
- attendance edits without enough context
- days that may support subsidy billing
- unusual pickup times that should match billing or incident notes

This is not about policing staff.

It is about making sure the center's operating record still makes sense after a busy week.

Attendance is the thread running through ratios, billing, reports, and audit follow-up.

Treat it like the source record it becomes.",apps/site/src/content/features/attendance-tracking.md,https://pebbledesk.app/features/attendance-tracking/,"writer self-reviewed: truth, source, humanization, brand, duplication, LinkedIn fit",Applies the attendance page's downstream record value to a closeout checklist.
72,2026-05-31,15:00,2026-05-31T20:00:00.000Z,LinkedIn company page,cmorpckmz03sbqi0yay2i3ds6,Subsidy reimbursement discipline,Operator question,"Before the week is fully closed, ask one subsidy question:

Which records would we need if an agency questioned this week's claim later?

Usually the answer includes attendance, authorization context, parent verification, absence notes, and any billing exceptions.

If those pieces are not connected while the week is fresh, the director will have to reconstruct them when the claim is under pressure.

That is the expensive version of admin work.

The cheaper version is boring: clean the exceptions weekly, attach the notes, and make the claim easier to explain before anyone asks.",apps/site/src/content/guides/subsidy-reimbursement-tracking-guide.md,https://pebbledesk.app/resources/guides/subsidy-reimbursement-tracking-guide/,"writer self-reviewed: truth, source, humanization, brand, duplication, LinkedIn fit",Grounded in the reimbursement guide's focus on matching attendance records to subsidy billing.
73,2026-05-31,16:00,2026-05-31T21:00:00.000Z,LinkedIn company page,cmorpckmz03sbqi0yay2i3ds6,Record cleanup,Practical tip,"Weekly closeout should have an inbox rule.

If a message changes the center record, do not leave it in the inbox.

Examples:

A guardian updates a phone number.
A parent adds an authorized pickup adult.
A billing contact changes.
A child moves classrooms next week.
A subsidy eligibility detail changes.
A family sends health documentation.

Messages are useful for communication.

They are a weak place to store operating truth.

Close the loop by moving the update into the record staff will actually use.",apps/site/src/content/features/enrollment-records.md,https://pebbledesk.app/features/enrollment-records/,"writer self-reviewed: truth, source, humanization, brand, duplication, LinkedIn fit",Uses the enrollment records page's record types and downstream workflow impact.
74,2026-05-31,17:00,2026-05-31T22:00:00.000Z,LinkedIn company page,cmorpckmz03sbqi0yay2i3ds6,Audit reports,Product education,"An audit report is only as useful as the records behind it.

If attendance is incomplete, ratio context is missing, billing exceptions live in a spreadsheet, and child file updates are scattered, the report becomes another cleanup project.

PebbleDesk's reporting story is built around a practical idea: the daily record should already hold the context directors need later.

Reports should help answer the question.

They should not force the director to reconstruct the question from five places first.",apps/site/src/content/features/audit-reports.md,https://pebbledesk.app/features/audit-reports/,"writer self-reviewed: truth, source, humanization, brand, duplication, LinkedIn fit",Accurately reflects the audit reports feature page without adding unsupported claims.
75,2026-05-31,18:00,2026-05-31T23:00:00.000Z,LinkedIn company page,cmorpckmz03sbqi0yay2i3ds6,Director relief,Closing reflection,"The end-of-week scramble usually starts as tiny record gaps.

One missing sign-out.
One pickup update left in a message.
One incident note waiting for parent notification details.
One subsidy absence that never got coded.
One invoice question that does not point back to attendance.

None of those feels huge alone.

Together, they become the director's Sunday night.

A strong weekly closeout is not about perfection. It is about leaving the next week with records that can answer ordinary questions without a hunt.

That is the relief PebbleDesk is built around: audit-ready records without the end-of-week scramble.",apps/site/src/config/site.ts,https://pebbledesk.app/,"writer self-reviewed: truth, source, humanization, brand, duplication, LinkedIn fit",Closes with the site tagline and core positioning from the site config.
76,2026-06-01,04:00,2026-06-01T09:00:00.000Z,LinkedIn company page,cmorpckmz03sbqi0yay2i3ds6,Subsidy documentation,Practical tip,"Subsidy billing discipline starts before the claim is submitted.

It starts at check-in.

Every billed day needs a record that can explain:

- which child was authorized
- whether the child was present
- when care started and ended
- who verified attendance
- whether an absence was billable
- what was submitted later

That sounds basic until the center is trying to answer a payment question weeks after care happened.

The safer habit is to treat attendance as claim support from the beginning, not as paperwork to clean up at the end of the month.",apps/site/src/content/guides/ccdf-attendance-documentation-requirements.md,https://pebbledesk.app/resources/guides/ccdf-attendance-documentation-requirements/,"writer self-reviewed: truth, source, humanization, brand, duplication, LinkedIn fit",Opens with the CCDF guide's core requirement that billing must connect to verified attendance records.
77,2026-06-01,05:00,2026-06-01T10:00:00.000Z,LinkedIn company page,cmorpckmz03sbqi0yay2i3ds6,Reimbursement discipline,Risk reminder,"Most subsidy reimbursement problems are not mysterious.

The record does not match the claim.

A sign-out is missing.
A parent verification was added late.
An absence was billed without a reason code.
A child's name does not match across attendance and billing.
A submission deadline slipped.

Small gaps can turn into delayed payment questions.

That matters because many states reimburse after care is delivered. When payment follows the paperwork, documentation discipline becomes cash flow discipline.",apps/site/src/content/guides/subsidy-reimbursement-tracking-guide.md,https://pebbledesk.app/resources/guides/subsidy-reimbursement-tracking-guide/,"writer self-reviewed: truth, source, humanization, brand, duplication, LinkedIn fit",Uses the reimbursement guide's causes of delays and retroactive payment timing.
78,2026-06-01,06:00,2026-06-01T11:00:00.000Z,LinkedIn company page,cmorpckmz03sbqi0yay2i3ds6,Attendance verification,Teaching post,"Same-day attendance verification is not busywork.

It is the difference between a record and a reconstruction.

A parent or authorized adult signs in on the day of service. The time is captured. The child identifier is clear. If the child is absent, the reason is recorded the same day.

That record can travel into billing, audit review, and payment follow-up.

A signature collected two weeks later may still look like a signature, but it does not carry the same weight.

For subsidy billing, late paperwork is weaker paperwork.",apps/site/src/content/guides/ccdf-attendance-documentation-requirements.md,https://pebbledesk.app/resources/guides/ccdf-attendance-documentation-requirements/,"writer self-reviewed: truth, source, humanization, brand, duplication, LinkedIn fit",Grounded in the CCDF guide's same-day verification and retroactive signature definitions.
79,2026-06-01,07:00,2026-06-01T12:00:00.000Z,LinkedIn company page,cmorpckmz03sbqi0yay2i3ds6,Claim readiness,Checklist,"Before a subsidy claim goes out, check the support record.

For each child in the claim sample, can you show:

- authorization period
- billed dates
- time-stamped attendance
- same-day verification
- absence reason where applicable
- co-pay or family billing context where needed
- submission date
- payment or short-pay follow-up

A giant binder is not the prize.

An explainable claim is.

If the center has to jump between attendance sheets, family records, billing exports, and memory before filing, the claim is already carrying too much risk.",apps/site/src/content/features/subsidy-billing.md,https://pebbledesk.app/features/subsidy-billing/,"writer self-reviewed: truth, source, humanization, brand, duplication, LinkedIn fit",Rewritten to close with the actual filing risk instead of goal/goal phrasing.
80,2026-06-01,08:00,2026-06-01T13:00:00.000Z,LinkedIn company page,cmorpckmz03sbqi0yay2i3ds6,Absence documentation,Practical tip,"Absences should not look like blank days.

For subsidy billing, a blank day creates a question:

Was the child absent?
Was the slot held?
Was the absence billable under the state's rules?
Was the reason documented?
Was the monthly limit exceeded?

A same-day absence note gives the director a record to work from later.

The exact rules vary by state, so centers still need to follow their own provider handbook.

But the operating habit is steady everywhere: do not leave absence days for future-you to decode.",apps/site/src/content/guides/ccdf-attendance-documentation-requirements.md,https://pebbledesk.app/resources/guides/ccdf-attendance-documentation-requirements/,"writer self-reviewed: truth, source, humanization, brand, duplication, LinkedIn fit",Based on the CCDF guide's absence-code and billable absence guidance while avoiding universal state claims.
81,2026-06-01,09:00,2026-06-01T14:00:00.000Z,LinkedIn company page,cmorpckmz03sbqi0yay2i3ds6,Cash flow visibility,Finance operations note,"Subsidy reimbursement tracking is not only about compliance.

It is also about knowing what cash is still outstanding.

A director should be able to answer:

What was submitted?
What was paid?
What is still pending?
What was short-paid or rejected?
Which attendance records support the claim?
What needs follow-up before the next cycle closes?

When those answers live in a spreadsheet apart from attendance, it is easy to miss the small problem until it becomes a cash problem.

The reimbursement tracker should stay close to the daily record.",apps/site/src/content/guides/subsidy-reimbursement-tracking-guide.md,https://pebbledesk.app/resources/guides/subsidy-reimbursement-tracking-guide/,"writer self-reviewed: truth, source, humanization, brand, duplication, LinkedIn fit","Uses the reimbursement guide's claim, outstanding payment, and reconciliation focus."
82,2026-06-01,10:00,2026-06-01T15:00:00.000Z,LinkedIn company page,cmorpckmz03sbqi0yay2i3ds6,Record consistency,Risk callout,"One quiet subsidy billing risk: inconsistent child identifiers.

Attendance says ""Maddie R.""
The authorization says ""Madeline Rivera.""
The billing spreadsheet says ""M Rivera.""
The family file uses a nickname.

A human may know those records belong together.

A reviewer or portal may not.

The fix is plain: use the full legal name and required state identifier consistently across attendance, authorization, billing, and reimbursement tracking.

It feels small until a claim is slowed by a mismatch everyone thought was obvious.",apps/site/src/content/guides/ccdf-attendance-documentation-requirements.md,https://pebbledesk.app/resources/guides/ccdf-attendance-documentation-requirements/,"writer self-reviewed: truth, source, humanization, brand, duplication, LinkedIn fit",Draws from the CCDF guide's warning about inconsistent identifiers slowing reconciliation.
83,2026-06-01,11:00,2026-06-01T16:00:00.000Z,LinkedIn company page,cmorpckmz03sbqi0yay2i3ds6,Product education,Soft product post,"PebbleDesk does not replace every state subsidy portal.

That is not the claim.

The product is built to keep the supporting record cleaner before the director submits or answers questions elsewhere.

Attendance.
Child records.
Billing context.
Reports.
Claim follow-up.

Those pieces are easier to defend when they are not scattered across a sign-in sheet, an invoice tool, a spreadsheet, and a folder of downloaded remittance notices.

Subsidy work gets less brittle when the daily record and reimbursement record stay close together.",apps/site/src/content/features/subsidy-billing.md,https://pebbledesk.app/features/subsidy-billing/,"writer self-reviewed: truth, source, humanization, brand, duplication, LinkedIn fit",Uses the feature page's explicit guardrail that PebbleDesk helps supporting records and does not replace every state portal.
84,2026-06-01,12:00,2026-06-01T17:00:00.000Z,LinkedIn company page,cmorpckmz03sbqi0yay2i3ds6,Billing alignment,Operator question,"Subsidy billing question for directors:

Can your claim record explain the difference between private-pay billing, family co-pay, and the subsidy-covered portion?

Mixed billing is where confusion grows quickly.

A family may owe a co-pay.
The agency may reimburse a separate portion.
Attendance may support only some billed dates.
An absence may be allowed under one rule but not another.

If those records are not separated clearly, the director ends up sorting finance, attendance, and family communication at the same time.

A cleaner system lets each piece keep its place.",apps/site/src/content/guides/subsidy-reimbursement-tracking-guide.md,https://pebbledesk.app/resources/guides/subsidy-reimbursement-tracking-guide/,"writer self-reviewed: truth, source, humanization, brand, duplication, LinkedIn fit",Based on the reimbursement guide FAQ about families with mixed private-pay and subsidy.
85,2026-06-01,13:00,2026-06-01T18:00:00.000Z,LinkedIn company page,cmorpckmz03sbqi0yay2i3ds6,Audit readiness,Teaching post,"A subsidy audit usually asks a practical question:

Did the center bill for care it can support?

That means the documentation trail matters more than the director's memory.

The attendance record should match the claim.
The authorization should match the child and dates.
Absences should be explained.
Parent or authorized-adult verification should be clear.
Payment follow-up should show what happened after submission.

This is operating discipline: build the claim from records that would still make sense to someone who was not there that day.",apps/site/src/content/guides/ccdf-attendance-documentation-requirements.md,https://pebbledesk.app/resources/guides/ccdf-attendance-documentation-requirements/,"writer self-reviewed: truth, source, humanization, brand, duplication, LinkedIn fit",Turns CCDF documentation requirements into a non-legal audit-readiness post.
86,2026-06-01,14:00,2026-06-01T19:00:00.000Z,LinkedIn company page,cmorpckmz03sbqi0yay2i3ds6,Submission deadlines,Practical tip,"Submission deadlines deserve a place on the director's calendar, not just in someone's head.

A good subsidy closeout rhythm works backward from the deadline:

- attendance exceptions reviewed
- absences coded
- missing verifications resolved where possible
- claim draft checked against authorization
- director review completed
- submission confirmation saved
- pending payment tracked

The deadline is not the day to discover the record is incomplete.

The deadline is when the documentation should already be ready enough to submit with confidence.",apps/site/src/content/guides/subsidy-reimbursement-tracking-guide.md,https://pebbledesk.app/resources/guides/subsidy-reimbursement-tracking-guide/,"writer self-reviewed: truth, source, humanization, brand, duplication, LinkedIn fit",Grounded in the reimbursement guide's submission deadline and documentation delay risks.
87,2026-06-01,15:00,2026-06-01T20:00:00.000Z,LinkedIn company page,cmorpckmz03sbqi0yay2i3ds6,Attendance and billing connection,Product positioning,"PebbleDesk's subsidy billing work starts with a simple recordkeeping belief:

The reimbursement record should not be far away from the attendance record.

If a director has to pull attendance from one system, child details from another, invoices from a third, and notes from a spreadsheet, every review gets slower.

PebbleDesk keeps subsidy workflows closer to attendance, child records, billing, and reporting.

That does not make state rules disappear.

It makes the support record easier to keep clean while the center is doing the work anyway.",apps/site/src/content/features/subsidy-billing.md,https://pebbledesk.app/features/subsidy-billing/,"writer self-reviewed: truth, source, humanization, brand, duplication, LinkedIn fit",Rewritten to remove internal product-thesis phrasing while keeping subsidy record logic.
88,2026-06-01,16:00,2026-06-01T21:00:00.000Z,LinkedIn company page,cmorpckmz03sbqi0yay2i3ds6,Documentation quality,Checklist,"A subsidy record is stronger when it answers the boring questions clearly.

Child name: complete.
Date of service: exact.
Time in and time out: captured.
Verification: same-day where required.
Absence: documented, not blank.
Authorization: current for the billed period.
Claim: matched to the record.
Payment: tracked after submission.

There is nothing flashy here.

That is the point.

Subsidy documentation works best when it is plain enough for a reviewer, director, or new administrator to understand without a long explanation.",apps/site/src/content/guides/ccdf-attendance-documentation-requirements.md,https://pebbledesk.app/resources/guides/ccdf-attendance-documentation-requirements/,"writer self-reviewed: truth, source, humanization, brand, duplication, LinkedIn fit",Summarizes source-backed CCDF documentation elements in checklist form.
89,2026-06-01,17:00,2026-06-01T22:00:00.000Z,LinkedIn company page,cmorpckmz03sbqi0yay2i3ds6,Director workflow,Operator insight,"The hardest subsidy billing work is often not the state portal.

It is getting the center's own records ready before the portal.

Attendance has to be clean.
Authorizations have to be current.
Absences need context.
Family co-pays need separation.
Short-pays need follow-up.
Submission confirmations need to be saved.

The portal is where the claim goes.

The operating record is where the claim becomes defensible.

Directors save themselves real stress when that record is maintained all month instead of rebuilt at the deadline.",apps/site/src/content/guides/subsidy-reimbursement-tracking-guide.md,https://pebbledesk.app/resources/guides/subsidy-reimbursement-tracking-guide/,"writer self-reviewed: truth, source, humanization, brand, duplication, LinkedIn fit",Uses the guide's submission and reconciliation themes without claiming portal replacement.
90,2026-06-01,18:00,2026-06-01T23:00:00.000Z,LinkedIn company page,cmorpckmz03sbqi0yay2i3ds6,Reimbursement discipline,Closing reflection,"Subsidy billing is unforgiving because the paperwork trails the care.

The child was present weeks ago.
The parent signed at pickup.
The absence happened on a Tuesday.
The claim was submitted later.
The payment question arrives after that.

By then, memory is a weak tool.

The record has to carry the story.

That is the discipline: capture attendance cleanly, document exceptions the same day, tie billing back to the daily record, and track what is still outstanding.

Not because directors need more admin work.

Because reimbursement is easier to defend when the proof was built while the day was happening.",apps/site/src/content/guides/subsidy-reimbursement-tracking-guide.md,https://pebbledesk.app/resources/guides/subsidy-reimbursement-tracking-guide/,"writer self-reviewed: truth, source, humanization, brand, duplication, LinkedIn fit",Closes the day with source-backed reimbursement and documentation discipline.
91,2026-06-02,04:00,2026-06-02T09:00:00.000Z,LinkedIn company page,cmorpckmz03sbqi0yay2i3ds6,Enrollment records,Practical tip,"The child file becomes most important when the front desk is busy.

Who can pick up?
Who gets the illness call?
Who receives the invoice?
Which classroom should the child be counted in?
Is there subsidy context attached to the file?

Those are not abstract enrollment fields.

They are the answers staff need when a parent is waiting, a teacher is asking, and the director is already handling three other things.

A usable enrollment record keeps children, guardians, classrooms, authorized pickup, billing contacts, and subsidy context close enough for staff to act during the day.",apps/site/src/content/features/enrollment-records.md,https://pebbledesk.app/features/enrollment-records/,"writer self-reviewed: truth, source, humanization, brand, duplication, LinkedIn fit",Rewritten to avoid repeating the high-performing enrollment hook while staying tied to the enrollment-record theme.
92,2026-06-02,05:00,2026-06-02T10:00:00.000Z,LinkedIn company page,cmorpckmz03sbqi0yay2i3ds6,Authorized pickup,Risk callout,"Authorized pickup policies are tested at the worst possible time.

Late afternoon.
Families waiting.
A child ready to leave.
An adult at the desk whom staff do not recognize.
A phone call that goes to voicemail.

That is not the moment for memory.

The record should answer:

Is this adult authorized?
Is photo ID required?
Is there custody documentation that changes the answer?
Who can approve a change, and does it need to be written?

Pickup safety depends on the file being current before the adult arrives.",apps/site/src/content/guides/childcare-enrollment-contract-guide.md,https://pebbledesk.app/resources/guides/childcare-enrollment-contract-guide/,"writer self-reviewed: truth, source, humanization, brand, duplication, LinkedIn fit",Uses authorized pickup and custody-documentation guidance.
93,2026-06-02,06:00,2026-06-02T11:00:00.000Z,LinkedIn company page,cmorpckmz03sbqi0yay2i3ds6,Guardian records,Operator question,"Can your center tell the difference between these roles without asking the director?

Guardian.
Emergency contact.
Authorized pickup adult.
Billing contact.
Subsidy contact.

Sometimes one person fills several roles.

Sometimes they do not.

That distinction matters when a child is sick, a balance needs follow-up, a pickup person arrives, or a subsidy question points back to the family file.

A clean guardian record should reduce interpretation at the front desk.

Staff should not have to solve the family structure under pressure.",apps/site/src/content/features/enrollment-records.md,https://pebbledesk.app/features/enrollment-records/,"writer self-reviewed: truth, source, humanization, brand, duplication, LinkedIn fit","Grounded in the feature page's guardian, authorized pickup, billing contact, and subsidy fields."
94,2026-06-02,07:00,2026-06-02T12:00:00.000Z,LinkedIn company page,cmorpckmz03sbqi0yay2i3ds6,Enrollment agreements,Teaching post,"A childcare enrollment agreement is not useful because it is formal.

It is useful because it removes guessing.

Tuition due date.
Late fee trigger.
Withdrawal notice.
Illness exclusion.
Authorized pickup.
Emergency medical authorization.
Photo or media release.

The hard conversations get harder when the written agreement is vague.

Many disputes come from missing or unclear clauses, not from one dramatic mistake.

Read the agreement like a parent who disagrees with a charge or policy.

Would the answer still be clear?",apps/site/src/content/guides/childcare-enrollment-contract-guide.md,https://pebbledesk.app/resources/guides/childcare-enrollment-contract-guide/,"writer self-reviewed: truth, source, humanization, brand, duplication, LinkedIn fit",Based on dispute-prevention and clause-specific advice.
95,2026-06-02,08:00,2026-06-02T13:00:00.000Z,LinkedIn company page,cmorpckmz03sbqi0yay2i3ds6,Child file cleanup,Practical checklist,"A child file trust check can be simple.

Choose one classroom and ask:

- Does each child have a current guardian record?
- Are emergency contacts usable today?
- Is the authorized pickup list current?
- Is the classroom assignment correct?
- Is the billing contact attached?
- Is subsidy context attached where needed?
- Are health or emergency notes visible to the staff who need them?

Then ask the real working test:

Could staff use this file during drop-off, pickup, billing follow-up, or an inspection question without calling the director over to interpret it?

If not, the file may be complete on paper and still weak in practice.",apps/site/src/content/features/enrollment-records.md,https://pebbledesk.app/features/enrollment-records/,"writer self-reviewed: truth, source, humanization, brand, duplication, LinkedIn fit",Rewritten with a practical director test instead of goal language.
96,2026-06-02,09:00,2026-06-02T14:00:00.000Z,LinkedIn company page,cmorpckmz03sbqi0yay2i3ds6,Tuition and family records,Finance operations note,"Billing problems often start as enrollment record problems.

The wrong billing contact.
A part-time schedule not reflected in the file.
A withdrawal notice that was verbal but not documented.
An absence policy the family remembers differently.
A late fee clause written too softly to use.

Tuition terms belong in the enrollment record because that is where the family relationship starts.

Specific terms are not unfriendly.

They give the director and family the same reference before money becomes uncomfortable.",apps/site/src/content/guides/childcare-enrollment-contract-guide.md,https://pebbledesk.app/resources/guides/childcare-enrollment-contract-guide/,"writer self-reviewed: truth, source, humanization, brand, duplication, LinkedIn fit","Uses tuition, late fee, absence, and withdrawal notice sections."
97,2026-06-02,10:00,2026-06-02T15:00:00.000Z,LinkedIn company page,cmorpckmz03sbqi0yay2i3ds6,Product education,Soft product post,"PebbleDesk treats enrollment records as operating infrastructure, not background data entry.

That matters because the file is where later work starts.

Attendance needs the child and classroom.
Billing needs the family and contact record.
Pickup needs authorization.
Subsidy work needs eligibility context.
Communication needs the right guardian details.

If those pieces are separated, every downstream workflow gets noisier.

Clean records do not make childcare simple.

They make the next question easier to answer.",apps/site/src/content/features/enrollment-records.md,https://pebbledesk.app/features/enrollment-records/,"writer self-reviewed: truth, source, humanization, brand, duplication, LinkedIn fit",Rewritten to remove operating-system phrasing.
98,2026-06-02,11:00,2026-06-02T16:00:00.000Z,LinkedIn company page,cmorpckmz03sbqi0yay2i3ds6,Pickup documentation,Director habit,"Pickup changes should have a same-day cleanup habit.

If a family adds, removes, or questions an authorized pickup adult, the record should be updated before the next pickup window.

Not after the director remembers.
Not after someone searches the email thread.
Not after the front desk has already made a judgment call.

Pickup is too sensitive for informal knowledge.

The safest system is boring: current list, clear policy, photo ID for unfamiliar adults, custody documentation where applicable, and no release based on ""I think this is okay.""",apps/site/src/content/guides/childcare-enrollment-contract-guide.md,https://pebbledesk.app/resources/guides/childcare-enrollment-contract-guide/,"writer self-reviewed: truth, source, humanization, brand, duplication, LinkedIn fit",Turns source-backed pickup and custody documentation guidance into a same-day operational habit.
99,2026-06-02,12:00,2026-06-02T17:00:00.000Z,LinkedIn company page,cmorpckmz03sbqi0yay2i3ds6,Enrollment status,Operator question,"Does every child in your system have the right status?

Active.
Waitlist.
Withdrawn.

Those labels look administrative, but they affect real work.

An inactive child should not be counted in attendance.
A waitlisted child should not appear in a classroom roster.
A withdrawn child should not keep triggering billing confusion.
An upcoming start date should not be treated like a child already in care.

Weekly roster cleanup is not busywork.

It protects attendance, classroom planning, billing, and reporting from a bad starting point.",apps/site/src/content/features/enrollment-records.md,https://pebbledesk.app/features/enrollment-records/,"writer self-reviewed: truth, source, humanization, brand, duplication, LinkedIn fit","Uses the feature page FAQ on active, waitlist, and withdrawn status."
100,2026-06-02,13:00,2026-06-02T18:00:00.000Z,LinkedIn company page,cmorpckmz03sbqi0yay2i3ds6,Health and emergency records,Practical tip,"Emergency medical authorization should not be the form everyone assumes is somewhere.

It should be findable when a child needs help.

Health and emergency policies affect the care day:

Medication rules.
Illness exclusion.
Immunization expectations.
Emergency medical authorization.
Emergency contacts.

These records are easy to ignore when nothing is wrong.

They matter most when staff do not have time to hunt.",apps/site/src/content/guides/childcare-enrollment-contract-guide.md,https://pebbledesk.app/resources/guides/childcare-enrollment-contract-guide/,"writer self-reviewed: truth, source, humanization, brand, duplication, LinkedIn fit","Grounded in health, medication, immunization, and emergency medical authorization guidance."
101,2026-06-02,14:00,2026-06-02T19:00:00.000Z,LinkedIn company page,cmorpckmz03sbqi0yay2i3ds6,Guardian communication,Risk reminder,"A phone number change can become a safety problem if it stays in the wrong place.

A parent tells a teacher at drop-off.
The teacher mentions it during lunch.
The director plans to update it later.
Pickup gets busy.
By the next week, the old number is still in the file.

No one meant to create risk.

The system just depended on memory.

Guardian updates need a clear path from conversation to record. Same day if possible.

If staff would use the field during illness, emergency, pickup, billing, or communication, the field cannot live only in someone's head.",apps/site/src/content/features/enrollment-records.md,https://pebbledesk.app/features/enrollment-records/,"writer self-reviewed: truth, source, humanization, brand, duplication, LinkedIn fit",Applies the feature page's guardian and communication record structure to a concrete director moment.
102,2026-06-02,15:00,2026-06-02T20:00:00.000Z,LinkedIn company page,cmorpckmz03sbqi0yay2i3ds6,Policy clarity,Teaching post,"Soft policy language creates hard conversations later.

""Late fees may apply.""
""Reasonable notice is expected.""
""Pickup must be timely.""
""Ill children may be excluded.""

Those phrases sound flexible.

They often become arguments because nobody knows the exact standard.

A stronger enrollment agreement names the trigger, the amount, the timeframe, and the process.

Families deserve clear expectations before care begins.

Directors deserve a record they can use without sounding like they are inventing the rule in the moment.",apps/site/src/content/guides/childcare-enrollment-contract-guide.md,https://pebbledesk.app/resources/guides/childcare-enrollment-contract-guide/,"writer self-reviewed: truth, source, humanization, brand, duplication, LinkedIn fit","Based on caution against vague late fee, notice, and policy language."
103,2026-06-02,16:00,2026-06-02T21:00:00.000Z,LinkedIn company page,cmorpckmz03sbqi0yay2i3ds6,Import and migration,Product education,"Importing a roster is only the start.

The real work is cleaning the record enough that staff can trust it.

Children.
Guardians.
Classrooms.
Authorized pickup.
Billing contacts.
Subsidy fields.
Active, waitlist, and withdrawn status.

PebbleDesk supports CSV import and migration presets for Brightwheel and Procare, but the important question is still operational:

Does the imported record match how the center actually works today?

Migration is a good time to remove old noise before it becomes new confusion.",apps/site/src/content/features/enrollment-records.md,https://pebbledesk.app/features/enrollment-records/,"writer self-reviewed: truth, source, humanization, brand, duplication, LinkedIn fit",Uses verified import support without overstating automation.
104,2026-06-02,17:00,2026-06-02T22:00:00.000Z,LinkedIn company page,cmorpckmz03sbqi0yay2i3ds6,Record review,End-of-day checklist,"End-of-day child file check:

What did families tell us today that should not stay in conversation form?

A new pickup person.
A removed pickup person.
A new emergency contact.
A changed phone number.
A billing contact update.
A classroom start date.
A custody or court-order mention.
A health note.

The test is simple.

If staff may need it tomorrow, put it where staff will look tomorrow.

That is how enrollment records stay useful after enrollment day has passed.",apps/site/src/content/features/enrollment-records.md,https://pebbledesk.app/features/enrollment-records/,"writer self-reviewed: truth, source, humanization, brand, duplication, LinkedIn fit",A concrete daily closeout application of the enrollment record feature source.
105,2026-06-02,18:00,2026-06-02T23:00:00.000Z,LinkedIn company page,cmorpckmz03sbqi0yay2i3ds6,Director relief,Closing reflection,"A clean enrollment file will not make pickup calm every day.

It will not prevent every family dispute.
It will not make illness calls pleasant.
It will not remove billing follow-up.

But it gives the center a steadier place to stand.

The guardian record is current.
The pickup list is clear.
The billing contact is attached.
The classroom assignment matches reality.
The subsidy context is close to the child file.
The emergency information is findable.

That is why enrollment records matter before the first attendance record is ever captured.

The daily operating story starts with the child file.",apps/site/src/content/features/enrollment-records.md,https://pebbledesk.app/features/enrollment-records/,"writer self-reviewed: truth, source, humanization, brand, duplication, LinkedIn fit",Closes the day by tying enrollment structure to downstream operations and director relief.
106,2026-06-03,04:00,2026-06-03T09:00:00.000Z,LinkedIn company page,cmorpckmz03sbqi0yay2i3ds6,Incident documentation,Practical tip,"Incident reports are not written for the easiest version of the day.

They are written for the later question.

What happened?
When did it happen?
Where was the child?
Who was present?
What did staff observe?
What action was taken?
When was the parent notified?
Did the parent receive the report?

A report that says ""child fell, ice applied"" leaves too much work for future-you.

The useful report is factual, specific, and completed while the details are still fresh.",apps/site/src/content/guides/childcare-incident-report-documentation.md,https://pebbledesk.app/resources/guides/childcare-incident-report-documentation/,"writer self-reviewed: truth, source, humanization, brand, duplication, LinkedIn fit",Opens with the incident guide's required report elements and same-day documentation principle.
107,2026-06-03,05:00,2026-06-03T10:00:00.000Z,LinkedIn company page,cmorpckmz03sbqi0yay2i3ds6,Same-day reporting,Risk reminder,"Same-day incident documentation is not a paperwork preference.

Memory changes quickly.

A report written four days later is a reconstruction. It may miss the time, the exact location, who was present, what first aid was provided, or how the child behaved after the incident.

That matters during licensing review, insurance follow-up, or a parent complaint.

The practical habit:

Capture the basic facts immediately, even if the complete report has to be finished later that day.

Time. Place. Child. Staff present. What was observed. Action taken.

Do not let the record depend on tomorrow's memory.",apps/site/src/content/guides/childcare-incident-report-documentation.md,https://pebbledesk.app/resources/guides/childcare-incident-report-documentation/,"writer self-reviewed: truth, source, humanization, brand, duplication, LinkedIn fit",Uses the guide's same-day timing rationale and two-step note-to-report process.
108,2026-06-03,06:00,2026-06-03T11:00:00.000Z,LinkedIn company page,cmorpckmz03sbqi0yay2i3ds6,Parent notification,Teaching post,"Parent notification and the incident report are not the same thing.

Notification is the conversation.

The report is the record that the conversation happened.

A strong incident file should show:

- when the parent was contacted
- how they were contacted
- who was reached
- what staff told them
- whether a voicemail or follow-up was needed
- whether the parent signed at pickup, if required

Parents are usually most upset when they learn about an incident from the child before they hear it from the center.

Documentation cannot replace good communication.

It should prove that communication happened.",apps/site/src/content/guides/childcare-incident-report-documentation.md,https://pebbledesk.app/resources/guides/childcare-incident-report-documentation/,"writer self-reviewed: truth, source, humanization, brand, duplication, LinkedIn fit",Grounded in the guide's parent notification section and report requirements.
109,2026-06-03,07:00,2026-06-03T12:00:00.000Z,LinkedIn company page,cmorpckmz03sbqi0yay2i3ds6,Report quality,Practical checklist,"A complete childcare incident report should make the day understandable to someone who was not there.

At minimum, check for:

- child name and classroom
- date, time, and location
- factual description of what happened
- staff and witnesses present
- visible injury or ""no visible injury observed""
- first aid or other action taken
- parent notification time and method
- parent signature where required
- staff signature
- director review
- licensing agency report decision, if applicable

The report does not need dramatic language.

It needs usable facts.",apps/site/src/content/lead-magnets/incident-report-log-template.md,https://pebbledesk.app/free/incident-report-log-template/,"writer self-reviewed: truth, source, humanization, brand, duplication, LinkedIn fit",Uses the lead magnet's incident report form fields and checklist structure.
110,2026-06-03,08:00,2026-06-03T13:00:00.000Z,LinkedIn company page,cmorpckmz03sbqi0yay2i3ds6,Child safety and inspection readiness,Risk callout,"The threshold for documenting incidents is usually broader than centers assume.

It may include first aid, head injuries, bites, hazardous ingestion, unauthorized departure, emergency services, or any injury that led to parent notification.

State rules vary, so directors still need to check their own licensing requirements.

But the safer operating habit is simple:

When in doubt, document.

An extra factual report is rarely the problem.

A missing report for an incident that later becomes a parent complaint or licensing question is a much harder problem.",apps/site/src/content/guides/childcare-incident-report-documentation.md,https://pebbledesk.app/resources/guides/childcare-incident-report-documentation/,"writer self-reviewed: truth, source, humanization, brand, duplication, LinkedIn fit",Uses the incident guide's examples of reportable incidents while preserving state-specific caution.
111,2026-06-03,09:00,2026-06-03T14:00:00.000Z,LinkedIn company page,cmorpckmz03sbqi0yay2i3ds6,Staff training,Director habit,"Incident report training should happen before the playground fall.

New staff need to know what the center expects:

Write observable facts.
Use exact times and locations.
Name who was present.
Avoid guessing about why it happened.
Document first aid clearly.
Notify the right person.
Finish the report the same day.
Get the required signatures.

A new teacher who wants to do the right thing can still write a weak report if nobody taught the standard.

Incident documentation is a supervision habit, not just a form.",apps/site/src/content/guides/childcare-incident-report-documentation.md,https://pebbledesk.app/resources/guides/childcare-incident-report-documentation/,"writer self-reviewed: truth, source, humanization, brand, duplication, LinkedIn fit",Based on the guide's staff training and report-content guidance.
112,2026-06-03,10:00,2026-06-03T15:00:00.000Z,LinkedIn company page,cmorpckmz03sbqi0yay2i3ds6,Product education,Soft product post,"Paper incident reports fail in ordinary ways.

They get misfiled.
They get wet.
They sit in the wrong binder.
They are hard to retrieve by child or date.

PebbleDesk keeps incident reports attached to the child record, with date, time, description, staff present, action taken, and parent notification details captured in the report.

That does not change the center's obligation to document correctly.

It changes how easy it is for the director to find the record when licensing, a parent, or an insurer asks later.",apps/site/src/content/features/incident-reporting.md,https://pebbledesk.app/features/incident-reporting/,"writer self-reviewed: truth, source, humanization, brand, duplication, LinkedIn fit",Accurately reflects the incident reporting feature page without promising compliance outcomes.
113,2026-06-03,11:00,2026-06-03T16:00:00.000Z,LinkedIn company page,cmorpckmz03sbqi0yay2i3ds6,Parent communication,Practical tip,"A parent notification note should be boringly specific.

Not just ""parent called.""

Better:

- time of call
- number or method used
- parent or guardian reached
- what staff explained
- parent response or request
- whether follow-up is needed
- whether a written report was provided at pickup

This protects the center and the family.

It also prevents the director from having to reconstruct a sensitive conversation from memory after a parent follows up later.",apps/site/src/content/lead-magnets/incident-report-log-template.md,https://pebbledesk.app/free/incident-report-log-template/,"writer self-reviewed: truth, source, humanization, brand, duplication, LinkedIn fit",Uses the template's parent notification section and documentation fields.
114,2026-06-03,12:00,2026-06-03T17:00:00.000Z,LinkedIn company page,cmorpckmz03sbqi0yay2i3ds6,Report language,Teaching post,"Incident reports should describe what staff observed, not what staff assume.

""Child slipped because the surface was wet"" may sound reasonable.

But unless the staff member saw the slip and verified the condition, it adds speculation.

A stronger report says what can be observed:

""At 2:40 PM on the outdoor play area, child was found seated near the climbing structure. Staff observed redness on the left knee. Ice pack applied. Child resumed play after 15 minutes. Parent notified by phone at 3:05 PM.""

Plain facts are stronger than dramatic explanations.",apps/site/src/content/guides/childcare-incident-report-documentation.md,https://pebbledesk.app/resources/guides/childcare-incident-report-documentation/,"writer self-reviewed: truth, source, humanization, brand, duplication, LinkedIn fit",Uses the guide's advice to stick to observable facts and avoid speculation.
115,2026-06-03,13:00,2026-06-03T18:00:00.000Z,LinkedIn company page,cmorpckmz03sbqi0yay2i3ds6,Inspection readiness,Operator question,"If licensing asked for incident reports from the last six months, how long would retrieval take?

Seconds?
Five minutes?
Twenty minutes?
A search through binders, classrooms, and the office?

Retrieval matters because incident documentation is not only about whether the form was completed.

It is also whether the director can produce the right records by date, child, or incident type when asked.

A record that exists but cannot be found creates its own inspection stress.

The filing system is part of the compliance habit.",apps/site/src/content/features/incident-reporting.md,https://pebbledesk.app/features/incident-reporting/,"writer self-reviewed: truth, source, humanization, brand, duplication, LinkedIn fit",Grounded in the feature page's searchable incident records and inspection retrieval framing.
116,2026-06-03,14:00,2026-06-03T19:00:00.000Z,LinkedIn company page,cmorpckmz03sbqi0yay2i3ds6,Licensing agency reporting,Risk reminder,"Internal incident reports and licensing agency reports are different obligations.

Every serious event should have the center's internal record.

Some events also require direct reporting to the state licensing agency within a required timeframe.

The triggers vary by state, but commonly include emergency medical services, serious injury, a missing child, suspected abuse or neglect, or major facility incidents affecting child safety.

The director's process should force the question:

Does this incident require agency notification?

That decision should be documented, not left as a hallway conversation.",apps/site/src/content/guides/childcare-incident-report-documentation.md,https://pebbledesk.app/resources/guides/childcare-incident-report-documentation/,"writer self-reviewed: truth, source, humanization, brand, duplication, LinkedIn fit",Uses the guide's mandatory reporting section with state-specific caution.
117,2026-06-03,15:00,2026-06-03T20:00:00.000Z,LinkedIn company page,cmorpckmz03sbqi0yay2i3ds6,Pattern review,Director habit,"Incident logs are useful after the form is filed.

At the end of the week, review the pattern:

Same playground area?
Same transition?
Same classroom?
Same type of bite or fall?
Same equipment?
Same time of day?

A single incident report explains one event.

A log can show whether the center has an operating pattern worth fixing.

Weekly review turns the log into action: fewer repeat incidents, clearer follow-up, and better documentation if licensing asks what changed.",apps/site/src/content/lead-magnets/incident-report-log-template.md,https://pebbledesk.app/free/incident-report-log-template/,"writer self-reviewed: truth, source, humanization, brand, duplication, LinkedIn fit",Rewritten final sentence into one plain operational takeaway.
118,2026-06-03,16:00,2026-06-03T21:00:00.000Z,LinkedIn company page,cmorpckmz03sbqi0yay2i3ds6,Product education,Practical product note,"Incident reports are more useful when they stay attached to the child file.

That way, the record is not floating in a binder apart from the rest of the child's history.

PebbleDesk stores incident reports against the child record and supports search by child name, date range, and incident type.

For directors, the practical value is simple:

The report is easier to find when the question is specific.

""Show me incidents for this child.""
""Show me reports from March.""
""Show me playground incidents.""

The record should be organized around how people actually ask for it.",apps/site/src/content/features/incident-reporting.md,https://pebbledesk.app/features/incident-reporting/,"writer self-reviewed: truth, source, humanization, brand, duplication, LinkedIn fit","Uses the feature page's child-attached, searchable incident records."
119,2026-06-03,17:00,2026-06-03T22:00:00.000Z,LinkedIn company page,cmorpckmz03sbqi0yay2i3ds6,Same-day closeout,End-of-day checklist,"Before the day closes, every incident report should pass a simple review.

Is the report complete?
Is the time exact?
Is the location specific?
Is the description factual?
Is first aid documented?
Is parent notification logged?
Was the parent given the report or asked to sign where required?
Did the director review it?
Was licensing agency notification considered?
Is any follow-up assigned?

Same-day closeout is the point.

The report should not wait for someone to remember the details tomorrow.",apps/site/src/content/lead-magnets/incident-report-log-template.md,https://pebbledesk.app/free/incident-report-log-template/,"writer self-reviewed: truth, source, humanization, brand, duplication, LinkedIn fit",Uses the incident report template's fields and same-day completion instruction.
120,2026-06-03,18:00,2026-06-03T23:00:00.000Z,LinkedIn company page,cmorpckmz03sbqi0yay2i3ds6,Director relief,Closing reflection,"The best incident report is not dramatic.

It is calm.
Specific.
Same-day.
Findable.
Attached to the right child.
Clear about parent notification.
Clear about what staff observed and did.

That kind of report does not make incidents less stressful in the moment.

But it gives the director a sturdier record after the moment passes.

When a parent calls back, licensing asks, or the center reviews patterns, the report should carry the facts without forcing everyone to replay the day from memory.

That is the real relief: not perfect days, but records that hold up when the day was not perfect.",apps/site/src/content/guides/childcare-incident-report-documentation.md,https://pebbledesk.app/resources/guides/childcare-incident-report-documentation/,"writer self-reviewed: truth, source, humanization, brand, duplication, LinkedIn fit","Closes with the incident guide's core themes: same-day, factual, parent notification, and retrievable records."
121,2026-06-04,04:00,2026-06-04T09:00:00.000Z,LinkedIn company page,cmorpckmz03sbqi0yay2i3ds6,CACFP documentation,Practical tip,"CACFP risk usually starts in a small moment: lunch ends, the room moves on, and someone plans to fill in the count later.

That is the habit to break.

A safer routine is simple:

1. Count at the point of service.
2. Record by meal type and age group.
3. Remove absent children from the count.
4. File the count with the menu record for that day.

The count does not have to be dramatic to matter. It just has to be made while the meal is actually happening.",apps/site/src/content/guides/cacfp-food-program-compliance-guide.md,https://pebbledesk.app/resources/guides/cacfp-food-program-compliance-guide/,"writer self-reviewed: truth, source, humanization, brand, duplication, LinkedIn fit",Opens the day with the core point-of-service habit from the CACFP compliance guide.
122,2026-06-04,05:00,2026-06-04T10:00:00.000Z,LinkedIn company page,cmorpckmz03sbqi0yay2i3ds6,Claim documentation,Director checklist,"Before a CACFP claim goes in, a director should be able to answer three questions without hunting.

Did the meal count stay within attendance for each day?

Did the menu record show what was actually served, including substitutions?

Are income eligibility forms current for children claimed at the higher tier?

That is the monthly claim review in plain English. Not a binder ritual. A proof check.",apps/site/src/content/guides/cacfp-claim-reimbursement-guide.md,https://pebbledesk.app/resources/guides/cacfp-claim-reimbursement-guide/,"writer self-reviewed: truth, source, humanization, brand, duplication, LinkedIn fit",Grounded in the guide's required documentation and reconciliation steps.
123,2026-06-04,06:00,2026-06-04T11:00:00.000Z,LinkedIn company page,cmorpckmz03sbqi0yay2i3ds6,Attendance proof,Operational risk post,"Meal counts and attendance are separate records in a lot of centers.

That is where the trouble starts.

If attendance says 18 children were present at lunch, the claim cannot safely show 20 lunches for that same group. The numbers need to agree before anyone submits the month.

A five-minute daily check is easier than a month-end reconstruction.",apps/site/src/content/guides/cacfp-claim-reimbursement-guide.md,https://pebbledesk.app/resources/guides/cacfp-claim-reimbursement-guide/,"writer self-reviewed: truth, source, humanization, brand, duplication, LinkedIn fit",Uses the guide's attendance-versus-meal-count reconciliation example.
124,2026-06-04,07:00,2026-06-04T12:00:00.000Z,LinkedIn company page,cmorpckmz03sbqi0yay2i3ds6,CACFP operations,Habit prompt,"The best CACFP habit is not at the end of the month.

It is at the table.

Who counted? Which children were present? Which age group? Which meal type? Did the menu match what was served?

Those answers are easiest while breakfast, lunch, or snack is still happening. Every hour after that, the record depends a little more on memory.",apps/site/src/content/lead-magnets/cacfp-compliance-checklist.md,https://pebbledesk.app/free/cacfp-compliance-checklist/,"writer self-reviewed: truth, source, humanization, brand, duplication, LinkedIn fit",Pulls from checklist fields for daily meal count and menu documentation.
125,2026-06-04,08:00,2026-06-04T13:00:00.000Z,LinkedIn company page,cmorpckmz03sbqi0yay2i3ds6,Eligibility records,Practical warning,"CACFP eligibility forms deserve a calendar, not a pile.

Forms expire. Families change status. New children start midyear. A center can serve the right meals and still create claim risk if the eligibility file behind the meal is stale.

One practical move: review forms weekly for children who attended, then flag anything expiring in the next 30 days.

It is boring work. That is exactly why it needs a repeatable routine.",apps/site/src/content/lead-magnets/cacfp-compliance-checklist.md,https://pebbledesk.app/free/cacfp-compliance-checklist/,"writer self-reviewed: truth, source, humanization, brand, duplication, LinkedIn fit",Based on weekly income eligibility verification checklist items.
126,2026-06-04,09:00,2026-06-04T14:00:00.000Z,LinkedIn company page,cmorpckmz03sbqi0yay2i3ds6,Menu documentation,Specific scenario,"A menu substitution is not a problem by itself.

An undocumented substitution can become one.

If the posted menu says peaches and the kitchen serves applesauce, the record should say applesauce and why the change happened. CACFP documentation is not only about the count. It is also about showing what was served and whether the meal pattern was met.

Tiny note. Big difference later.",apps/site/src/content/lead-magnets/cacfp-compliance-checklist.md,https://pebbledesk.app/free/cacfp-compliance-checklist/,"writer self-reviewed: truth, source, humanization, brand, duplication, LinkedIn fit",Uses the checklist's menu substitution guidance.
127,2026-06-04,10:00,2026-06-04T15:00:00.000Z,LinkedIn company page,cmorpckmz03sbqi0yay2i3ds6,CACFP product fit,Product philosophy,"PebbleDesk's CACFP tracking idea is straightforward: meal counts should not float away from attendance.

If a child is present for a meal service, that participation belongs next to the daily attendance record. If the claim is later reviewed, the director should not have to compare a paper food log, a sign-in sheet, and a spreadsheet just to explain one day.

The daily record should already carry the story.",apps/site/src/content/features/cacfp-tracking.md,https://pebbledesk.app/features/cacfp-tracking/,"writer self-reviewed: truth, source, humanization, brand, duplication, LinkedIn fit",Product-positioned but grounded in the CACFP tracking feature page.
128,2026-06-04,11:00,2026-06-04T16:00:00.000Z,LinkedIn company page,cmorpckmz03sbqi0yay2i3ds6,Claim timing,Cash flow reminder,"CACFP reimbursement is not same-month cash.

The center serves meals first, submits the claim, then waits through review and payment timing.

That delay is easier to manage when the claim file is clean:

Meal counts match attendance.
Menus are complete.
Eligibility records are current.
Corrections are explained.
The submission is not held together by one person's memory.

A delayed claim with questions is harder to absorb than a clean claim submitted on time.",apps/site/src/content/guides/cacfp-claim-reimbursement-guide.md,https://pebbledesk.app/resources/guides/cacfp-claim-reimbursement-guide/,"writer self-reviewed: truth, source, humanization, brand, duplication, LinkedIn fit",Rewritten as a director-facing CACFP cash-flow point without internal source language.
129,2026-06-04,12:00,2026-06-04T17:00:00.000Z,LinkedIn company page,cmorpckmz03sbqi0yay2i3ds6,Daily records,Question post,"A useful CACFP self-check:

Could someone pick a random meal from three months ago and find the count, menu, attendance record, and eligibility support without asking the person who was there?

If the answer depends on one staff member's memory, the system is too fragile.

Records should survive turnover, busy weeks, and ordinary human forgetfulness.",apps/site/src/content/lead-magnets/cacfp-compliance-checklist.md,https://pebbledesk.app/free/cacfp-compliance-checklist/,"writer self-reviewed: truth, source, humanization, brand, duplication, LinkedIn fit",Uses the quarterly documentation readiness test from the checklist.
130,2026-06-04,13:00,2026-06-04T18:00:00.000Z,LinkedIn company page,cmorpckmz03sbqi0yay2i3ds6,Audit readiness,Common mistake,"One CACFP mistake hides in good intentions: using enrollment as a shortcut.

Enrollment tells you who could have eaten.
Attendance tells you who was there.
Point-of-service meal counts tell you who actually received the meal.

Those are not interchangeable records. Treating them as the same thing is where a clean-looking spreadsheet can become a weak claim file.",apps/site/src/content/guides/cacfp-food-program-compliance-guide.md,https://pebbledesk.app/resources/guides/cacfp-food-program-compliance-guide/,"writer self-reviewed: truth, source, humanization, brand, duplication, LinkedIn fit",Grounded in point-of-service count and actual-presence requirements.
131,2026-06-04,14:00,2026-06-04T19:00:00.000Z,LinkedIn company page,cmorpckmz03sbqi0yay2i3ds6,Monthly reconciliation,Mini checklist,"A monthly CACFP claim review can be small and still useful.

Check:

Meal counts do not exceed attendance.
Menus include required components and substitutions.
Tier 1 documentation is current.
The claim deadline is on the calendar.
The expected reimbursement is compared to what later posts.

None of that requires panic. It requires a rhythm.",apps/site/src/content/lead-magnets/cacfp-compliance-checklist.md,https://pebbledesk.app/free/cacfp-compliance-checklist/,"writer self-reviewed: truth, source, humanization, brand, duplication, LinkedIn fit",Summarizes monthly claim and financial reconciliation checklist items.
132,2026-06-04,15:00,2026-06-04T20:00:00.000Z,LinkedIn company page,cmorpckmz03sbqi0yay2i3ds6,Staff training,Operational habit,"If only one person understands the CACFP process, the center has a single point of failure.

The count person should know what point-of-service means. The backup should know where forms live. The director should know how to pull last month's meal records quickly.

Training is not just for new software. It is for keeping the claim process alive when the usual person is out.",apps/site/src/content/lead-magnets/cacfp-compliance-checklist.md,https://pebbledesk.app/free/cacfp-compliance-checklist/,"writer self-reviewed: truth, source, humanization, brand, duplication, LinkedIn fit",Based on checklist guidance around responsible staff and review readiness.
133,2026-06-04,16:00,2026-06-04T21:00:00.000Z,LinkedIn company page,cmorpckmz03sbqi0yay2i3ds6,Connected records,Product POV,"CACFP records should not become a second version of the day.

If attendance says one thing, meal counts say another, and billing has a third version, the director has to reconcile the center's history after the fact.

PebbleDesk is built around a different premise: the daily record should support operations first, then claims and audit questions later.",packages/shared/src/constants/offering.ts,https://pebbledesk.app/features/cacfp-tracking/,"writer self-reviewed: truth, source, humanization, brand, duplication, LinkedIn fit","Uses connected attendance, billing, records, and reports positioning."
134,2026-06-04,17:00,2026-06-04T22:00:00.000Z,LinkedIn company page,cmorpckmz03sbqi0yay2i3ds6,Review preparation,Preparedness test,"A practical CACFP review drill:

Pick one week from the prior quarter.
Pull meal counts.
Pull menus.
Pull attendance.
Check eligibility forms.
Confirm counts do not exceed attendance.

If that takes all afternoon, the problem is not the review. The problem is the filing system the review exposed.",apps/site/src/content/lead-magnets/cacfp-compliance-checklist.md,https://pebbledesk.app/free/cacfp-compliance-checklist/,"writer self-reviewed: truth, source, humanization, brand, duplication, LinkedIn fit",Uses the checklist's documentation readiness test.
135,2026-06-04,18:00,2026-06-04T23:00:00.000Z,LinkedIn company page,cmorpckmz03sbqi0yay2i3ds6,Director relief,End-of-day reflection,"CACFP documentation is not about prettier paperwork.

It is the director being able to say, calmly:

This child was present.
This meal was served.
This count was taken at service.
This menu supports it.
This eligibility record is current.

That is the kind of administrative calm childcare directors deserve more often.",apps/site/src/content/guides/cacfp-claim-reimbursement-guide.md,https://pebbledesk.app/resources/guides/cacfp-claim-reimbursement-guide/,"writer self-reviewed: truth, source, humanization, brand, duplication, LinkedIn fit",Closes the day with source-backed proof elements and brand voice.
136,2026-06-05,04:00,2026-06-05T09:00:00.000Z,LinkedIn company page,cmorpckmz03sbqi0yay2i3ds6,Ratio coverage,Operational risk post,"Childcare scheduling is not just a calendar.

It is a ratio plan.

A shift that looks fine on paper can still create a gap during drop-off, lunch breaks, nap handoff, or pickup. Those are the windows where normal variation shows up: a child arrives early, a teacher steps away, a floater is covering two rooms.

The schedule needs to protect the messy parts of the day, not only the average day.",apps/site/src/content/guides/staff-scheduling-for-ratio-compliance.md,https://pebbledesk.app/resources/guides/staff-scheduling-for-ratio-compliance/,"writer self-reviewed: truth, source, humanization, brand, duplication, LinkedIn fit",Introduces the day's theme using the four high-risk transition windows.
137,2026-06-05,05:00,2026-06-05T10:00:00.000Z,LinkedIn company page,cmorpckmz03sbqi0yay2i3ds6,Drop-off coverage,Practical tip,"One small scheduling habit that pays off:

Map arrivals in 15-minute blocks before you build the staff schedule.

Not just how many children are enrolled. How many are usually in each room at 7:15, 7:30, 7:45, and 8:00.

That curve tells you when the second qualified staff member needs to be present, not when the shift template says it would be convenient.",apps/site/src/content/guides/staff-scheduling-for-childcare-centers.md,https://pebbledesk.app/resources/guides/staff-scheduling-for-childcare-centers/,"writer self-reviewed: truth, source, humanization, brand, duplication, LinkedIn fit",Adapts the guide's 15-minute attendance mapping recommendation.
138,2026-06-05,06:00,2026-06-05T11:00:00.000Z,LinkedIn company page,cmorpckmz03sbqi0yay2i3ds6,Labor control,Balanced tradeoff,"Overstaffing is expensive.

Understaffing is risky.

Childcare directors live in the middle: enough coverage to protect ratios, not so much extra labor that the budget breaks.

The useful question is not ""How few hours can we schedule?""

It is ""Where do we need overlap because ordinary transitions create ratio risk?""",apps/site/src/content/guides/staff-scheduling-for-childcare-centers.md,https://pebbledesk.app/resources/guides/staff-scheduling-for-childcare-centers/,"writer self-reviewed: truth, source, humanization, brand, duplication, LinkedIn fit",Grounded in the guide's labor cost versus ratio compliance framing.
139,2026-06-05,07:00,2026-06-05T12:00:00.000Z,LinkedIn company page,cmorpckmz03sbqi0yay2i3ds6,Break planning,Director checklist,"Break coverage is where a schedule either works or only looks like it works.

Before publishing the week, check:

Who covers each room during breaks?
Are breaks placed during lower-census periods when possible?
Can a qualified floater cover without weakening another room?
What happens if the floater is already handling a callout?

The break plan is part of the ratio plan.",apps/site/src/content/guides/staff-scheduling-for-childcare-centers.md,https://pebbledesk.app/resources/guides/staff-scheduling-for-childcare-centers/,"writer self-reviewed: truth, source, humanization, brand, duplication, LinkedIn fit",Uses break coverage and floater concepts from the scheduling guide.
140,2026-06-05,08:00,2026-06-05T13:00:00.000Z,LinkedIn company page,cmorpckmz03sbqi0yay2i3ds6,Pickup risk,Specific scenario,"The last hour of the day still needs a ratio plan.

Pickup does not happen evenly.

One family arrives early. Another gets stuck in traffic. A teacher helps a child find a jacket. A staff member starts closing tasks before the room is fully empty.

That is how a quiet-looking room can become a fragile room.

Before pickup starts, directors should know:

Which staff stay counted until close?
When can rooms combine?
Who watches the room while teachers talk with parents?
What happens when the last few children are not all in the same age group?",apps/site/src/content/guides/staff-scheduling-for-ratio-compliance.md,https://pebbledesk.app/resources/guides/staff-scheduling-for-ratio-compliance/,"writer self-reviewed: truth, source, humanization, brand, duplication, LinkedIn fit",Rewritten to remove repeated pickup hook and add concrete pickup-coverage questions.
141,2026-06-05,09:00,2026-06-05T14:00:00.000Z,LinkedIn company page,cmorpckmz03sbqi0yay2i3ds6,Callout readiness,Preparedness post,"A callout protocol is not a contact list.

A useful one says:

Who can be called within two hours?
Which rooms can combine, if licensing rules allow it?
When does the director step into coverage?
How is the decision documented?
Who verifies the room is back in ratio?

The moment a staff member calls out is too late to invent the plan.",apps/site/src/content/guides/staff-scheduling-for-ratio-compliance.md,https://pebbledesk.app/resources/guides/staff-scheduling-for-ratio-compliance/,"writer self-reviewed: truth, source, humanization, brand, duplication, LinkedIn fit",Based on the guide's callout protocol definition and steps.
142,2026-06-05,10:00,2026-06-05T15:00:00.000Z,LinkedIn company page,cmorpckmz03sbqi0yay2i3ds6,Product positioning,Product POV,"PebbleDesk treats staff scheduling as part of daily operations, not a payroll suite promise.

That distinction matters.

For childcare directors, the scheduling question is often: will this plan keep rooms covered as attendance changes?

The answer belongs near attendance, classrooms, and ratio review, not buried in a separate staffing calendar.",apps/site/src/content/features/staff-scheduling.md,https://pebbledesk.app/features/staff-scheduling/,"writer self-reviewed: truth, source, humanization, brand, duplication, LinkedIn fit",Grounded in the feature page's careful current-product claim.
143,2026-06-05,11:00,2026-06-05T16:00:00.000Z,LinkedIn company page,cmorpckmz03sbqi0yay2i3ds6,Historical proof,Audit readiness,"The weekly schedule tells one version of the truth.

The day may tell another.

A teacher calls out.
A child arrives early.
A room runs heavier than expected.
A floater gets moved.
A break starts late.

That gap between planned and actual is where ratio review gets serious.

For a director, the useful record is not just who was assigned.

It is who was present, where they were counted, and what changed while children were in care.",apps/site/src/content/guides/staff-scheduling-for-ratio-compliance.md,https://pebbledesk.app/resources/guides/staff-scheduling-for-ratio-compliance/,"writer self-reviewed: truth, source, humanization, brand, duplication, LinkedIn fit",Rewritten to avoid repeated schedule hook and sharpen planned-versus-actual framing.
144,2026-06-05,12:00,2026-06-05T17:00:00.000Z,LinkedIn company page,cmorpckmz03sbqi0yay2i3ds6,Room coverage,Question post,"A good weekly schedule answers more than ""who is working?""

It answers:

Which room is protected at arrival?
Who covers lunch breaks?
Where is the floater during pickup?
Which staff count toward ratio in each room?
What happens if one person is out?

If the schedule cannot answer those questions, the director still has to solve coverage in real time.",apps/site/src/content/guides/staff-scheduling-for-childcare-centers.md,https://pebbledesk.app/resources/guides/staff-scheduling-for-childcare-centers/,"writer self-reviewed: truth, source, humanization, brand, duplication, LinkedIn fit","Summarizes guide concepts: floaters, breaks, ratio coverage, callouts."
145,2026-06-05,13:00,2026-06-05T18:00:00.000Z,LinkedIn company page,cmorpckmz03sbqi0yay2i3ds6,Ratio monitoring,Practical evaluation,"A scheduling tool records the plan.

A ratio-aware workflow tests the plan against the day.

If Room A has enough scheduled staff but only one qualified person is actually checked in during a busy arrival window, the calendar is not the source of truth anymore.

Directors need visibility into the current room reality, not just the intended staffing plan.",apps/site/src/content/features/ratio-tracking.md,https://pebbledesk.app/features/ratio-tracking/,"writer self-reviewed: truth, source, humanization, brand, duplication, LinkedIn fit",Connects ratio visibility with attendance and classroom activity from the feature page.
146,2026-06-05,14:00,2026-06-05T19:00:00.000Z,LinkedIn company page,cmorpckmz03sbqi0yay2i3ds6,Floater planning,Operational guidance,"A floater is not extra in childcare.

A floater is the buffer between a tidy schedule and a real day.

Bathroom escorts, late arrivals, teacher breaks, callouts, lunch transitions, parent questions at pickup. These are not edge cases. They are normal operations.

If the schedule depends on nothing unexpected happening, it is too thin.",apps/site/src/content/guides/staff-scheduling-for-childcare-centers.md,https://pebbledesk.app/resources/guides/staff-scheduling-for-childcare-centers/,"writer self-reviewed: truth, source, humanization, brand, duplication, LinkedIn fit",Uses the guide's floater definition and transition coverage framing.
147,2026-06-05,15:00,2026-06-05T20:00:00.000Z,LinkedIn company page,cmorpckmz03sbqi0yay2i3ds6,State rules,Compliance reminder,"Ratio coverage is not one national number.

Infants, toddlers, preschoolers, and school-age children can have different requirements. States define who counts as qualified staff. Some roles may count only under specific conditions.

That is why a director's schedule should start with the licensed room reality, not a generic staffing template.",apps/site/src/content/guides/staff-scheduling-for-ratio-compliance.md,https://pebbledesk.app/resources/guides/staff-scheduling-for-ratio-compliance/,"writer self-reviewed: truth, source, humanization, brand, duplication, LinkedIn fit","Grounded in ratio requirements by room, age group, and qualified staff definitions."
148,2026-06-05,16:00,2026-06-05T21:00:00.000Z,LinkedIn company page,cmorpckmz03sbqi0yay2i3ds6,Labor control,Budget-aware tip,"The cheapest schedule is not always the least expensive one.

If a thin schedule creates ratio corrections, director interruptions, overtime calls, or licensing risk, the savings can disappear quickly.

The better target is controlled coverage: overlap where the day is volatile, tighter staffing where attendance is stable, and clear proof of what happened.",apps/site/src/content/guides/staff-scheduling-for-childcare-centers.md,https://pebbledesk.app/resources/guides/staff-scheduling-for-childcare-centers/,"writer self-reviewed: truth, source, humanization, brand, duplication, LinkedIn fit",Keeps the labor-control theme grounded in matching staff hours to attendance curves.
149,2026-06-05,17:00,2026-06-05T22:00:00.000Z,LinkedIn company page,cmorpckmz03sbqi0yay2i3ds6,Weekly review,Director routine,"A useful Friday scheduling review:

Look at next week's known absences.
Check high-census mornings.
Confirm lunch break coverage.
Review pickup overlap.
Make sure a qualified backup exists for each fragile window.

This is not about making the schedule perfect. It is about finding the predictable weak spots before Monday morning finds them for you.",apps/site/src/content/guides/staff-scheduling-for-ratio-compliance.md,https://pebbledesk.app/resources/guides/staff-scheduling-for-ratio-compliance/,"writer self-reviewed: truth, source, humanization, brand, duplication, LinkedIn fit","Built from the guide's transition windows, callout planning, and overlap guidance."
150,2026-06-05,18:00,2026-06-05T23:00:00.000Z,LinkedIn company page,cmorpckmz03sbqi0yay2i3ds6,Director relief,End-of-day reflection,"A strong childcare schedule gives the director fewer surprises.

Not zero surprises. That is not realistic.

Fewer moments where the room count changed, the staff plan did not, and everyone had to improvise under pressure.

That is the practical value of connecting scheduling, attendance, and ratio coverage in the same operating loop.",packages/shared/src/constants/offering.ts,https://pebbledesk.app/features/staff-scheduling/,"writer self-reviewed: truth, source, humanization, brand, duplication, LinkedIn fit",Closes with PebbleDesk's connected daily-operations positioning.
151,2026-06-06,04:00,2026-06-06T09:00:00.000Z,LinkedIn company page,cmorpckmz03sbqi0yay2i3ds6,Migration planning,Practical tip,"A childcare software migration should start smaller than most people think.

Export a sample.
Map the fields.
Look for duplicates.
Check one classroom.
Verify one billing scenario.
Then bring over the full set.

Moving fast on day one is less useful than moving cleanly.

A careful sample check keeps messy records from entering the new system and being mistaken for progress.",apps/site/src/content/features/imports-migration.md,https://pebbledesk.app/features/imports-migration/,"writer self-reviewed: truth, source, humanization, brand, duplication, LinkedIn fit",Rewritten to remove goal/goal phrasing from migration opener.
152,2026-06-06,05:00,2026-06-06T10:00:00.000Z,LinkedIn company page,cmorpckmz03sbqi0yay2i3ds6,Excel migration,Operational risk post,"Excel is not the enemy.

It is good at static lists: rosters, contacts, rate sheets, vendor lists.

The risk shows up when Excel is asked to prove time-sensitive work: ratio status at 10:15, subsidy attendance support, credential expirations, incident history.

That is the line directors should look for. Keep spreadsheets where they are useful. Move the high-risk operating record somewhere stronger.",apps/site/src/content/guides/migrating-from-excel-to-childcare-software.md,https://pebbledesk.app/resources/guides/migrating-from-excel-to-childcare-software/,"writer self-reviewed: truth, source, humanization, brand, duplication, LinkedIn fit",Uses the guide's distinction between Excel strengths and compliance-risk limitations.
153,2026-06-06,06:00,2026-06-06T11:00:00.000Z,LinkedIn company page,cmorpckmz03sbqi0yay2i3ds6,Data export,Director checklist,"Before cancelling old software, export the boring things.

Child records.
Family contacts.
Authorized pickup lists.
Billing history.
Payment records.
Staff certifications.
Attendance reports.
Subsidy documentation.

The boring things become urgent the first time a parent disputes a balance or a licensing question points to last year.",apps/site/src/content/guides/switching-childcare-software-checklist.md,https://pebbledesk.app/resources/guides/switching-childcare-software-checklist/,"writer self-reviewed: truth, source, humanization, brand, duplication, LinkedIn fit",Grounded in the pre-switch audit list from the switching checklist.
154,2026-06-06,07:00,2026-06-06T12:00:00.000Z,LinkedIn company page,cmorpckmz03sbqi0yay2i3ds6,Timing,Practical warning,"Do not make the software switch fight your billing calendar.

Mid-month cutovers split invoices. Mid-claim-period cutovers split subsidy records. Enrollment season adds changing family data on top of migration work.

A cleaner switch starts at a cleaner boundary: after the prior claim is handled, before the next billing cycle gets messy.",apps/site/src/content/guides/switching-childcare-software-checklist.md,https://pebbledesk.app/resources/guides/switching-childcare-software-checklist/,"writer self-reviewed: truth, source, humanization, brand, duplication, LinkedIn fit",Based on timing guidance around monthly billing and subsidy claim periods.
155,2026-06-06,08:00,2026-06-06T13:00:00.000Z,LinkedIn company page,cmorpckmz03sbqi0yay2i3ds6,Brightwheel migration,Migration checklist,"If you are leaving Brightwheel, the first job is not training.

It is export discipline.

Pull child roster data, family contacts, billing records, subsidy documents if applicable, and historical attendance. Review for stale enrollments, duplicate family entries, and outdated emergency contacts before import.

A migration is much easier when cleanup happens before the new system starts running the day.",apps/site/src/content/guides/switching-from-brightwheel.md,https://pebbledesk.app/resources/guides/switching-from-brightwheel/,"writer self-reviewed: truth, source, humanization, brand, duplication, LinkedIn fit",Uses the Brightwheel export and cleanup guidance without repeating unsupported claims.
156,2026-06-06,09:00,2026-06-06T14:00:00.000Z,LinkedIn company page,cmorpckmz03sbqi0yay2i3ds6,Procare migration,Specific caution,"A Procare migration deserves extra patience because records may live across modules.

Child and family data, billing history, staff records, subsidy authorizations, and CACFP records can each need their own export path.

The practical rule: do not assume one export means you have everything. Build a checklist by record type and confirm each file opens before cutover.",apps/site/src/content/guides/switching-from-procare.md,https://pebbledesk.app/resources/guides/switching-from-procare/,"writer self-reviewed: truth, source, humanization, brand, duplication, LinkedIn fit",Grounded in Procare data export complexity and record-type list.
157,2026-06-06,10:00,2026-06-06T15:00:00.000Z,LinkedIn company page,cmorpckmz03sbqi0yay2i3ds6,Parallel run,Operational guidance,"Parallel running feels annoying because it is double work.

It is also the safety net.

For one billing cycle, the new system can become the primary record while the old system stays available as a reference. That is when missing rates, classroom mismatches, subsidy setup issues, and staff training gaps show up while there is still time to fix them.",apps/site/src/content/guides/switching-childcare-software-checklist.md,https://pebbledesk.app/resources/guides/switching-childcare-software-checklist/,"writer self-reviewed: truth, source, humanization, brand, duplication, LinkedIn fit",Uses the switching checklist's parallel running section.
158,2026-06-06,11:00,2026-06-06T16:00:00.000Z,LinkedIn company page,cmorpckmz03sbqi0yay2i3ds6,Historical records,Audit readiness,"Switching systems does not erase old record obligations.

Your historical Excel files, Brightwheel exports, or Procare reports may still be the proof for the period before cutover.

File them by year and record type. Attendance. Billing. Enrollment. Staff. Subsidy. CACFP, if applicable.

You do not need to keep editing the archive. You do need to be able to find it.",apps/site/src/content/guides/migrating-from-excel-to-childcare-software.md,https://pebbledesk.app/resources/guides/migrating-from-excel-to-childcare-software/,"writer self-reviewed: truth, source, humanization, brand, duplication, LinkedIn fit",Based on the guide's historical Excel archive guidance.
159,2026-06-06,12:00,2026-06-06T17:00:00.000Z,LinkedIn company page,cmorpckmz03sbqi0yay2i3ds6,Import support,Product capability,"PebbleDesk supports CSV import plus Brightwheel and Procare migration presets.

That does not mean a director should import blindly.

The useful path is still sample export, mapping, preview, duplicate review, then full import. Migration support should make the work less brittle, not encourage teams to skip the checks that protect the record.",apps/site/src/content/features/imports-migration.md,https://pebbledesk.app/features/imports-migration/,"writer self-reviewed: truth, source, humanization, brand, duplication, LinkedIn fit",States the supported import capability from the feature page and offering constants.
160,2026-06-06,13:00,2026-06-06T18:00:00.000Z,LinkedIn company page,cmorpckmz03sbqi0yay2i3ds6,Staff adoption,Human change management,"The hardest part of switching software is often not the software.

It is staff muscle memory.

A check-in screen moves. A billing step changes. A teacher who was fast in the old system feels slow for a week.

Plan for that. Train before cutover, give staff a short first-week reference, and name one internal person who can answer daily questions.",apps/site/src/content/guides/switching-childcare-software-checklist.md,https://pebbledesk.app/resources/guides/switching-childcare-software-checklist/,"writer self-reviewed: truth, source, humanization, brand, duplication, LinkedIn fit",Grounded in the checklist's staff retraining risk and go-live preparation.
161,2026-06-06,14:00,2026-06-06T19:00:00.000Z,LinkedIn company page,cmorpckmz03sbqi0yay2i3ds6,Billing continuity,Practical warning,"A migration can look successful until billing day.

That is why rate structures need to be tested before go-live.

Pick a few real scenarios: full-time, part-time, sibling discount, subsidy family co-pay, one-time fee. Generate test invoices and compare them to the old expected amounts.

If billing is wrong, fix it before families see it.",apps/site/src/content/guides/switching-childcare-software-checklist.md,https://pebbledesk.app/resources/guides/switching-childcare-software-checklist/,"writer self-reviewed: truth, source, humanization, brand, duplication, LinkedIn fit",Uses go-live system configuration and billing continuity guidance.
162,2026-06-06,15:00,2026-06-06T20:00:00.000Z,LinkedIn company page,cmorpckmz03sbqi0yay2i3ds6,Subsidy continuity,High-stakes checklist,"For centers that accept subsidies, the migration question is specific:

Can the new system produce the attendance and claim support your state program expects for the next claim period?

Not someday. Not in a generic export. For the claim you will actually submit.

Run a test before cutover. Subsidy records are the wrong place to discover a format gap.",apps/site/src/content/guides/switching-childcare-software-checklist.md,https://pebbledesk.app/resources/guides/switching-childcare-software-checklist/,"writer self-reviewed: truth, source, humanization, brand, duplication, LinkedIn fit",Grounded in subsidy output verification and state-format warnings.
163,2026-06-06,16:00,2026-06-06T21:00:00.000Z,LinkedIn company page,cmorpckmz03sbqi0yay2i3ds6,Data cleanup,Common mistake,"Do not turn a migration into a junk drawer transfer.

Inactive children marked active, duplicate guardians, old emergency contacts, expired staff credentials, outdated rates. If those move into the new system untouched, the new system inherits the old confusion.

Migration is a rare chance to clean the operating record before it becomes the next year's source of truth.",apps/site/src/content/guides/migrating-from-excel-to-childcare-software.md,https://pebbledesk.app/resources/guides/migrating-from-excel-to-childcare-software/,"writer self-reviewed: truth, source, humanization, brand, duplication, LinkedIn fit",Uses migration cleanup themes from Excel and switching guides.
164,2026-06-06,17:00,2026-06-06T22:00:00.000Z,LinkedIn company page,cmorpckmz03sbqi0yay2i3ds6,Cutover safety,Director decision rule,"A simple migration rule:

Do not cancel the old system until the critical exports are saved, the new records are validated, staff can run the daily workflow, and billing has been tested.

Cancellation is not the finish line. A clean first operating week is closer to the finish line.",apps/site/src/content/guides/switching-childcare-software-checklist.md,https://pebbledesk.app/resources/guides/switching-childcare-software-checklist/,"writer self-reviewed: truth, source, humanization, brand, duplication, LinkedIn fit",Based on backup plan and old-system access guidance.
165,2026-06-06,18:00,2026-06-06T23:00:00.000Z,LinkedIn company page,cmorpckmz03sbqi0yay2i3ds6,Director relief,End-of-day reflection,"A good childcare migration should feel careful, not heroic.

No mystery exports. No mid-cycle surprises. No lost attendance history. No staff learning the system while families are lined up at the door.

Just a clear path from the old record to the new one, with enough overlap that the director can sleep the night before cutover.",apps/site/src/content/features/imports-migration.md,https://pebbledesk.app/features/imports-migration/,"writer self-reviewed: truth, source, humanization, brand, duplication, LinkedIn fit",Closes with the operational migration posture from the imports feature page.
166,2026-06-07,04:00,2026-06-07T09:00:00.000Z,LinkedIn company page,cmorpckmz03sbqi0yay2i3ds6,Software evaluation,Evaluation principle,"A childcare software demo should not start with the prettiest screen.

It should start with the job your center needs fixed.

Ratio coverage during transitions. Subsidy billing. Audit reports. Attendance proof. Staff credentials. Billing accuracy.

Write down the top three before the demo. Then make the vendor show those workflows first.",apps/site/src/content/guides/childcare-software-selection-checklist.md,https://pebbledesk.app/resources/guides/childcare-software-selection-checklist/,"writer self-reviewed: truth, source, humanization, brand, duplication, LinkedIn fit",Opens with the guide's recommendation to define the primary software job before demos.
167,2026-06-07,05:00,2026-06-07T10:00:00.000Z,LinkedIn company page,cmorpckmz03sbqi0yay2i3ds6,Ratio evaluation,Demo question,"Ask this in every childcare software demo:

""If a room approaches its ratio limit right now, what happens?""

Not ""can I see attendance?""
Not ""can I calculate ratio?""

What happens?
Who sees it?
How fast?
Can you show the alert in the demo?

That question separates a live operating tool from a record you still have to interpret under pressure.",apps/site/src/content/guides/childcare-software-selection-checklist.md,https://pebbledesk.app/resources/guides/childcare-software-selection-checklist/,"writer self-reviewed: truth, source, humanization, brand, duplication, LinkedIn fit",Uses the selection checklist's ratio monitoring test.
168,2026-06-07,06:00,2026-06-07T11:00:00.000Z,LinkedIn company page,cmorpckmz03sbqi0yay2i3ds6,Subsidy evaluation,Demo question,"If your center accepts subsidies, do not ask ""do you support subsidy billing?""

Ask:

""Can you show me the report or export I would submit for my state's program?""

Then look at it. Does it match the format your agency expects? Does it tie back to attendance? Can you track what was paid and what is still outstanding?

Generic support is not the same as claim-ready support.",apps/site/src/content/guides/childcare-software-demo-questions.md,https://pebbledesk.app/resources/guides/childcare-software-demo-questions/,"writer self-reviewed: truth, source, humanization, brand, duplication, LinkedIn fit",Grounded in demo questions around state-specific subsidy exports.
169,2026-06-07,07:00,2026-06-07T12:00:00.000Z,LinkedIn company page,cmorpckmz03sbqi0yay2i3ds6,Audit readiness,Demo scenario,"A useful demo scenario:

""An inspector asks for ratio documentation for last month. Show me the steps.""

Count the steps.

If the answer requires three exports, a spreadsheet, and a manual explanation, the software may store the data without solving the audit-prep job.

Directors need proof they can actually produce.",apps/site/src/content/guides/childcare-software-selection-checklist.md,https://pebbledesk.app/resources/guides/childcare-software-selection-checklist/,"writer self-reviewed: truth, source, humanization, brand, duplication, LinkedIn fit",Uses the checklist's audit documentation generation question.
170,2026-06-07,08:00,2026-06-07T13:00:00.000Z,LinkedIn company page,cmorpckmz03sbqi0yay2i3ds6,Free trial evaluation,Trial guidance,"A childcare software trial with fake records tells you very little.

A better trial uses realistic data:

10 to 15 children.
Real classroom assignments.
Real rate structures.
A few staff records.
A subsidy scenario if your center accepts subsidies.
One week of attendance.

The question is not ""does the UI look nice?""

The question is ""does this survive our actual day?""",apps/site/src/content/guides/childcare-software-free-trial-guide.md,https://pebbledesk.app/resources/guides/childcare-software-free-trial-guide/,"writer self-reviewed: truth, source, humanization, brand, duplication, LinkedIn fit",Based on the trial setup guidance using realistic enrollment and operations.
171,2026-06-07,09:00,2026-06-07T14:00:00.000Z,LinkedIn company page,cmorpckmz03sbqi0yay2i3ds6,Billing evaluation,Demo question,"Billing demos should include an uncomfortable question:

""Walk me through billing day from finalized attendance to invoices going out.""

Do not let the demo skip to the invoice screen.

A director needs to see the steps: attendance confirmation, rate logic, subsidy split if applicable, review, delivery, payment tracking, and correction path if a family disputes something.",apps/site/src/content/guides/childcare-software-demo-questions.md,https://pebbledesk.app/resources/guides/childcare-software-demo-questions/,"writer self-reviewed: truth, source, humanization, brand, duplication, LinkedIn fit",Uses billing and payments questions from the demo guide.
172,2026-06-07,10:00,2026-06-07T15:00:00.000Z,LinkedIn company page,cmorpckmz03sbqi0yay2i3ds6,Pricing evaluation,Practical calculation,"Do not evaluate childcare software at the entry price.

Calculate the cost at:

Current enrollment.
20 percent growth.
Full licensed capacity.

Then add payment processing fees, setup fees, training fees, support fees, add-ons, and data export fees.

The price that matters is the one your center will actually pay when the system is doing the real job.",apps/site/src/content/guides/childcare-software-selection-checklist.md,https://pebbledesk.app/resources/guides/childcare-software-selection-checklist/,"writer self-reviewed: truth, source, humanization, brand, duplication, LinkedIn fit",Grounded in checklist guidance around real monthly cost and added fees.
173,2026-06-07,11:00,2026-06-07T16:00:00.000Z,LinkedIn company page,cmorpckmz03sbqi0yay2i3ds6,Data ownership,Vendor question,"Ask this before signing:

""If we cancel, how do we export attendance records, billing history, family contacts, and audit reports?""

Format matters. Timing matters. Fees matter. Historical access matters.

Your licensing history should not become hostage to a vendor account you no longer use.",apps/site/src/content/guides/how-to-choose-childcare-management-software.md,https://pebbledesk.app/resources/guides/how-to-choose-childcare-management-software/,"writer self-reviewed: truth, source, humanization, brand, duplication, LinkedIn fit",Uses the data export and migration support guidance from the selection guide.
174,2026-06-07,12:00,2026-06-07T17:00:00.000Z,LinkedIn company page,cmorpckmz03sbqi0yay2i3ds6,Staff usability,Trial test,"A director should not be the only person testing childcare software.

Include one staff member who handles attendance and one person who handles billing or subsidy work.

They will notice different problems: too many taps at pickup, unclear room views, confusing invoice corrections, missing subsidy fields.

The people who use the system under pressure should help evaluate it under pressure.",apps/site/src/content/guides/childcare-software-demo-questions.md,https://pebbledesk.app/resources/guides/childcare-software-demo-questions/,"writer self-reviewed: truth, source, humanization, brand, duplication, LinkedIn fit",Based on demo guidance to include staff in evaluation.
175,2026-06-07,13:00,2026-06-07T18:00:00.000Z,LinkedIn company page,cmorpckmz03sbqi0yay2i3ds6,Mobile workflow,Operational test,"Test childcare software during pickup, not just at a quiet desk.

Can staff log departures while parents are asking questions?
Can the room count update without a dedicated tablet monitor?
Can the least tech-comfortable staff member use it after a short training window?

A workflow that works only when the center is calm is not enough.",apps/site/src/content/guides/how-to-choose-childcare-management-software.md,https://pebbledesk.app/resources/guides/how-to-choose-childcare-management-software/,"writer self-reviewed: truth, source, humanization, brand, duplication, LinkedIn fit",Grounded in the guide's pickup-period ratio and usability test.
176,2026-06-07,14:00,2026-06-07T19:00:00.000Z,LinkedIn company page,cmorpckmz03sbqi0yay2i3ds6,Security and data handling,Demo question,"Childcare software holds sensitive family and child records.

Ask vendors how they handle breach notification, data access, audit logs, and exports. Ask who can see child records inside the center. Ask what happens to historical data after cancellation.

Security is not a technical side quest for directors. It is part of protecting the children and families in the record.",apps/site/src/content/guides/childcare-software-demo-questions.md,https://pebbledesk.app/resources/guides/childcare-software-demo-questions/,"writer self-reviewed: truth, source, humanization, brand, duplication, LinkedIn fit",Uses the demo guide's data and security question section.
177,2026-06-07,15:00,2026-06-07T20:00:00.000Z,LinkedIn company page,cmorpckmz03sbqi0yay2i3ds6,Support quality,Trial test,"Use the trial to test support before you need support.

Ask a real question, not a softball:

""If a subsidy child's eligibility expires mid-month, what happens to billing?""

Or:

""If we backdate an attendance correction, is there an audit record?""

The answer tells you whether support understands childcare operations or only the help center.",apps/site/src/content/guides/childcare-software-free-trial-guide.md,https://pebbledesk.app/resources/guides/childcare-software-free-trial-guide/,"writer self-reviewed: truth, source, humanization, brand, duplication, LinkedIn fit",Uses the free trial guide's support-quality test questions.
178,2026-06-07,16:00,2026-06-07T21:00:00.000Z,LinkedIn company page,cmorpckmz03sbqi0yay2i3ds6,Scorecard evaluation,Comparison framework,"Feature lists blur together fast.

A simple scorecard helps:

Attendance.
Billing.
Subsidy management.
Parent communication.
Licensing compliance.
Staff scheduling.
Pricing.
Mobile quality.

Weight the categories for your center. A subsidy-heavy center should not score software the same way as a tiny private-pay program.",apps/site/src/content/lead-magnets/childcare-software-scorecard.md,https://pebbledesk.app/free/childcare-software-scorecard/,"writer self-reviewed: truth, source, humanization, brand, duplication, LinkedIn fit",Uses scorecard categories and weighting guidance.
179,2026-06-07,17:00,2026-06-07T22:00:00.000Z,LinkedIn company page,cmorpckmz03sbqi0yay2i3ds6,PebbleDesk fit,Product positioning,"A polished childcare software demo is not enough.

Ask what happens when the records have to explain a real week.

Attendance should connect to rooms.
Ratio review should connect to who was actually present.
Subsidy billing should connect to the child and the days claimed.
Family records should connect to pickup, billing, and communication history.
Reports should come from the same record staff use during the day.

If those pieces split apart after setup, the director is still rebuilding the story before licensing visits and payment reviews.",packages/shared/src/constants/offering.ts,https://pebbledesk.app/,"writer self-reviewed: truth, source, humanization, brand, duplication, LinkedIn fit",Uses the core positioning without implying customer proof.
180,2026-06-07,18:00,2026-06-07T23:00:00.000Z,LinkedIn company page,cmorpckmz03sbqi0yay2i3ds6,Director decision-making,End-of-day reflection,"The best childcare software question may be the plainest one:

""When the day gets busy, does this make the director's record stronger or weaker?""

Not the screenshot.
Not the feature list.
Not the sales deck.

The record: who was there, who was covered, what was billed, what was documented, and what can be produced later without a scramble.",apps/site/src/content/guides/how-to-choose-childcare-management-software.md,https://pebbledesk.app/resources/guides/how-to-choose-childcare-management-software/,"writer self-reviewed: truth, source, humanization, brand, duplication, LinkedIn fit",Closes with the guide's compliance infrastructure framing.
181,2026-06-08,04:00,2026-06-08T09:00:00.000Z,LinkedIn company page,cmorpckmz03sbqi0yay2i3ds6,Licensing support,Plain-language scope note,"A practical licensing-support question:

What can the director pull in five minutes?

Not in a perfect demo.
Not after a weekend cleanup.
During a normal workday.

For a childcare center, the useful answer usually includes attendance, room context, staff records, child files, ratio history, incident notes, and reports that match the state review question.

State-specific formats matter. So does the ordinary daily record underneath them.

The real buyer question is concrete:

Can I see the record I would actually use?",apps/site/src/config/site.ts,https://pebbledesk.app/pricing/,"writer self-reviewed: truth, source, humanization, brand, duplication, LinkedIn fit",Humanized from scope transparency into a concrete director pull-test while preserving documented state-support scope.
182,2026-06-08,05:00,2026-06-08T10:00:00.000Z,LinkedIn company page,cmorpckmz03sbqi0yay2i3ds6,Ratio compliance,Director checklist,"A state ratio table is only helpful if it reaches the room.

Directors do not need another PDF sitting in a folder. They need the current rule where the staffing decision happens.

For each room, the working version should answer:

What age group is in the room?
What state ratio applies?
Does the youngest-child rule change the ratio?
What is the room capacity?
Who covers breaks?
Who gets called before the room falls out of ratio?

Ratios vary by state and age group, and the rule has to be maintained continuously.

Not just at check-in.
Not just on a clean schedule.

During lunch coverage, outdoor transitions, nap time, and pickup.

The quiet operational test:

Could a teacher see the next step before a small coverage gap becomes a licensing problem?",apps/site/src/content/guides/staff-to-child-ratio-by-state.md,https://pebbledesk.app/resources/guides/staff-to-child-ratio-by-state/,"writer self-reviewed: truth, source, humanization, brand, duplication, LinkedIn fit",Uses state-ratio guide and the high-performing ratio habit pattern.
183,2026-06-08,06:00,2026-06-08T11:00:00.000Z,LinkedIn company page,cmorpckmz03sbqi0yay2i3ds6,Licensing preparation,Operational risk post,"Licensing is not a one-time approval.

That is the part that gets missed when a center is focused on opening, renewal, or the next inspection date.

The real job is continuous:

Staff files stay current.
Child records stay complete.
Ratio logs cover ordinary days.
Emergency contacts are reachable.
Incident records are written while details are fresh.
The posted license and facility documents match the program as it actually operates.

The structure varies by state, but the everyday categories are familiar: facility standards, staff qualifications, ratios, health and safety records, and inspection readiness.

A practical Monday question for directors:

If licensing asked for a random day from last month, would the record show what happened without you rebuilding it from memory?

That is the work PebbleDesk is built around.

The daily record, not the night-before scramble.",apps/site/src/content/guides/daycare-licensing-requirements-guide.md,https://pebbledesk.app/resources/guides/daycare-licensing-requirements-guide/,"writer self-reviewed: truth, source, humanization, brand, duplication, LinkedIn fit",Turns licensing-scope source into a director-ready self-audit prompt.
184,2026-06-08,07:00,2026-06-08T12:00:00.000Z,LinkedIn company page,cmorpckmz03sbqi0yay2i3ds6,Texas licensing,State-specific example,"Texas is a good example of why state-specific support needs to be practical, not vague.

A Texas director is not asking for a broad ""compliance dashboard.""

They need daily attendance, ratio proof, staff records, child files, and licensing documents that match the review in front of them.

That does not mean a director should stop checking current HHSC rules.

Rules can change. Programs have different license types. Subsidy billing can add another layer.

Start from concrete workflow questions:

Can I see ratios by room?
Can I keep attendance tied to the daily record?
Can I pull the report format my state expects?
Can I explain the day without five separate files?

That is the level of specificity childcare software owes directors.",packages/shared/src/public-knowledge/data.ts,https://pebbledesk.app/resources/audit-licensing/,"writer self-reviewed: truth, source, humanization, brand, duplication, LinkedIn fit",Uses verified Texas support claim from public knowledge without overpromising.
185,2026-06-08,08:00,2026-06-08T13:00:00.000Z,LinkedIn company page,cmorpckmz03sbqi0yay2i3ds6,California licensing,Practical reminder,"California childcare licensing has enough detail that ""we support compliance"" is not a complete answer.

A director has to think about Title 22 ratios, staff qualifications, Live Scan clearances, health records, disaster drills, and child file documentation.

Those records are not all created at inspection time.

They are created while the center is running:

A child enrolls.
A teacher joins.
A room changes.
A medication form is updated.
A pickup authorization changes.
A drill happens.

State-specific support matters most when it keeps the ordinary record usable.

Because the stressful part of a licensing visit is rarely one missing feature.

It is the director trying to connect attendance, staff coverage, child records, and proof fast enough while the day keeps moving.",apps/site/src/content/guides/california-childcare-licensing-guide.md,https://pebbledesk.app/resources/guides/california-childcare-licensing-guide/,"writer self-reviewed: truth, source, humanization, brand, duplication, LinkedIn fit",State example grounded in California guide and supported product boundaries.
186,2026-06-08,09:00,2026-06-08T14:00:00.000Z,LinkedIn company page,cmorpckmz03sbqi0yay2i3ds6,Florida licensing,Compliance nuance,"Florida directors often have two compliance conversations happening at once.

DCF licensing is one system.
School Readiness and VPK funding requirements can add another.

That distinction matters.

A center can be thinking about ratios, background screening, training records, child files, and facility requirements for licensing while also needing point-of-service attendance documentation for funded care.

For software evaluation, the question is not just, ""Does it handle Florida?""

Ask it more plainly:

Can it help with the daily records DCF may review?
Can it keep attendance tied to funding documentation?
Can it separate licensing records from payment records without making the director rebuild both?

The director's real test is whether the record makes sense when an actual question arrives.",apps/site/src/content/guides/florida-childcare-licensing-guide.md,https://pebbledesk.app/resources/guides/florida-childcare-licensing-guide/,"writer self-reviewed: truth, source, humanization, brand, duplication, LinkedIn fit",Separates Florida licensing from funded-program documentation without overpromising.
187,2026-06-08,10:00,2026-06-08T15:00:00.000Z,LinkedIn company page,cmorpckmz03sbqi0yay2i3ds6,Product honesty,Founder POV,"The most useful software answers are often the least dramatic ones.

Can it support this room today?
Can it show who counted in ratio?
Can it find the child's pickup permission?
Can it attach the billing context to the attendance day?
Can it produce the report the director needs without a scavenger hunt?

A director does not need a vendor to sound impressive.

She needs clear answers before setup:

What works now?
What has been verified for my state?
What needs migration help?
What should be scoped before rollout?
What happens if the internet is down?

Those answers save time before launch.

They also prevent expensive surprises later.",docs/marketing/linkedin-rewrite/founder-context.md,https://pebbledesk.app/,"writer self-reviewed: truth, source, humanization, brand, duplication, LinkedIn fit",Rewritten to reduce repeated state-scope language and make the founder/product point director-facing.
188,2026-06-08,11:00,2026-06-08T16:00:00.000Z,LinkedIn company page,cmorpckmz03sbqi0yay2i3ds6,Inspection readiness,Five-minute pull test,"A licensing record is only as useful as it is findable.

Try the five-minute pull test:

Pick one child.
Pick one staff member.
Pick one operating day from last month.

Can the director find:

The child's enrollment record.
Emergency contacts and authorized pickup notes.
Attendance for that day.
Room assignment or classroom context.
The staff member's credential file.
The ratio story for the relevant room.
Any incident or medication note tied to that day.

If the answer takes twenty minutes and three people, the issue may not be compliance effort.

It may be record design.

State requirements vary, but inspections usually come back to the same practical question:

Can you show the proof clearly?

PebbleDesk is built around keeping attendance, ratios, family records, billing context, messaging, and reports connected so that proof is not recreated from scratch.",packages/shared/src/public-knowledge/data.ts,https://pebbledesk.app/resources/audit-licensing/,"writer self-reviewed: truth, source, humanization, brand, duplication, LinkedIn fit",Adapts the audit-readiness public knowledge into a concrete director exercise.
189,2026-06-08,12:00,2026-06-08T17:00:00.000Z,LinkedIn company page,cmorpckmz03sbqi0yay2i3ds6,Online-only reality,Risk planning note,"Online-only software still needs an offline plan.

PebbleDesk is currently online-only. If internet drops, keep a temporary paper fallback and enter records once service returns.

That is not a footnote for childcare centers.

It is an operating plan.

If your center depends on a cloud system for attendance, ratios, billing, or parent messages, decide ahead of time:

Where is the paper sign-in fallback?
Who starts it?
How are classroom counts communicated while the connection is down?
When does the director enter the records back into the system?
How are corrections marked so the audit trail still makes sense?

The wrong time to answer those questions is 7:42 AM during arrival.

A good software evaluation includes the normal day and the bad Wi-Fi day.

Both count.",apps/site/src/config/site.ts,https://pebbledesk.app/pricing/,"writer self-reviewed: truth, source, humanization, brand, duplication, LinkedIn fit",Uses online-only scope honestly and turns it into a useful planning post.
190,2026-06-08,13:00,2026-06-08T18:00:00.000Z,LinkedIn company page,cmorpckmz03sbqi0yay2i3ds6,State-specific evaluation,Buyer questions,"When a vendor says ""state support,"" ask to see the actual artifact.

A report.
An export.
A child file.
A ratio record.
An attendance log for the date range licensing may ask about.

The phrase matters less than the handoff.

Could a director use it during a licensing review without opening three other systems and a spreadsheet?

That is the boring proof worth asking for.

Broad workflows can still be useful, especially for attendance, child records, guardian records, billing, messaging, and reports.

A state-specific report is a narrower claim.

Directors should know which one they are buying before implementation starts.",packages/shared/src/public-knowledge/data.ts,https://pebbledesk.app/resources/audit-licensing/,"writer self-reviewed: truth, source, humanization, brand, duplication, LinkedIn fit",Rewritten to concrete artifact questions and reduced repeated PebbleDesk state list.
191,2026-06-08,14:00,2026-06-08T19:00:00.000Z,LinkedIn company page,cmorpckmz03sbqi0yay2i3ds6,Licensing documentation,Record design tip,"The best licensing record is not the longest record.

It is the one that answers the question being asked.

For childcare centers, those questions usually cluster around:

Who was enrolled?
Who was present?
Which staff were present and qualified?
What room were children in?
Were ratios maintained?
Were health, safety, and emergency records current?
Was the incident documented at the time?

Requirements vary by state, but the review structure is familiar.

That is why record design matters.

If attendance is in one place, staff credentials in another, room coverage in a spreadsheet, and incident notes in a folder, the director has to become the integration layer.

That is too much to ask during a live operating day.",apps/site/src/content/guides/daycare-licensing-requirements-guide.md,https://pebbledesk.app/resources/guides/daycare-licensing-requirements-guide/,"writer self-reviewed: truth, source, humanization, brand, duplication, LinkedIn fit","Specific compliance categories with careful, non-legal framing."
192,2026-06-08,15:00,2026-06-08T20:00:00.000Z,LinkedIn company page,cmorpckmz03sbqi0yay2i3ds6,Ratio support,Transition-window reminder,"The ratio risk is often hiding in the ordinary handoff.

Morning drop-off.
Lunch breaks.
Outdoor play.
Nap transitions.
Bathroom breaks.
Afternoon pickup.

Ratios have to be maintained continuously. That word is doing a lot of work.

A center can look fine at 9:00 and still have a problem at 11:42 when one teacher leaves for lunch and three children are moved into another room.

The record needs to follow the movement.

Who was present?
Where were they?
Which staff counted in ratio?
What changed during the transition?

Software cannot replace a director's judgment. It can make the moving parts visible sooner.

That is the practical value of ratio tracking: catching the fragile moment while there is still time to fix the room.",apps/site/src/content/guides/staff-to-child-ratio-by-state.md,https://pebbledesk.app/resources/guides/staff-to-child-ratio-by-state/,"writer self-reviewed: truth, source, humanization, brand, duplication, LinkedIn fit",Uses high-performing operational-risk pattern around transition windows.
193,2026-06-08,16:00,2026-06-08T21:00:00.000Z,LinkedIn company page,cmorpckmz03sbqi0yay2i3ds6,Buyer trust,Contrarian product note,"One underrated buying question:

What does this product not do yet?

That question can save a childcare director weeks of confusion.

If messaging is mostly outbound, plan for that.
If the product is online-only, keep a paper fallback for outages.
If a state report is not yet verified, confirm the rollout plan before signing.
If multi-site requirements are complex, ask what implementation looks like before signing.

None of that is negative.

It is operating context.

Childcare software holds records that staff and directors may rely on during arrival, pickup, billing, licensing, and parent conversations.

Clear limits help the right buyer evaluate faster.",apps/site/src/config/site.ts,https://pebbledesk.app/,"writer self-reviewed: truth, source, humanization, brand, duplication, LinkedIn fit",Rewritten to avoid legalistic scope repetition and make limits operational.
194,2026-06-08,17:00,2026-06-08T22:00:00.000Z,LinkedIn company page,cmorpckmz03sbqi0yay2i3ds6,State licensing workflow,Director question,"Here is a useful question before any licensing workflow rollout:

What will the director actually hand over?

Not what the dashboard says.
Not what the demo looked like.
The artifact.

A PDF.
A CSV.
A report.
A child file.
A staff record.
An attendance log for a date range.
A ratio record tied to rooms and staff.

When a platform supports a state-specific report, ask to see that exact output. When it supports a broader workflow, ask how the center will convert that record into the state packet.

Both can be legitimate.

They are just different jobs.

Directors should not have to discover the difference during an inspection week.",packages/shared/src/public-knowledge/data.ts,https://pebbledesk.app/resources/audit-licensing/,"writer self-reviewed: truth, source, humanization, brand, duplication, LinkedIn fit",Practical evaluation question that stays inside documented product scope.
195,2026-06-08,18:00,2026-06-08T23:00:00.000Z,LinkedIn company page,cmorpckmz03sbqi0yay2i3ds6,Audit-ready positioning,Closing reflection,"Audit-ready is not a magic word.

A director still has to answer the same practical questions:

Who was here?
Who picked up?
Which room were they in?
Which staff were counted?
What ratio applied?
What billing or subsidy record came from that day?
Which report supports the review?

The calmer version of that moment starts earlier.

It starts when attendance, ratios, subsidy billing, family records, and reports stay close enough that the day still makes sense later.

State-specific support should be checked carefully, especially outside verified formats.

But the daily habit is universal:

Keep the record clear while the day is still fresh.",packages/shared/src/constants/offering.ts,https://pebbledesk.app/,"writer self-reviewed: truth, source, humanization, brand, duplication, LinkedIn fit",Rewritten as a practical close with less product-scope repetition.
196,2026-06-09,04:00,2026-06-09T09:00:00.000Z,LinkedIn company page,cmorpckmz03sbqi0yay2i3ds6,Multi-site oversight,Operational risk post,"Multi-site childcare reporting usually breaks in a very ordinary way.

Each location is doing real work.

But each one is tracking it a little differently.

One site has a clean attendance export.
One site adds room notes in a spreadsheet.
One site tracks subsidy follow-up in email.
One site knows staff credential dates because the director remembers them.

Then the owner needs a portfolio view.

Enrollment by site.
Ratio risk by site.
Outstanding subsidy claims.
Staff credential expirations.
Billing follow-up.
Audit readiness.

The work becomes a monthly reconstruction project.

Before adding another dashboard, ask the harder question:

Are all sites recording the same facts in the same way?

If not, the dashboard is just a prettier version of the cleanup problem.",apps/site/src/content/guides/multi-site-childcare-reporting-guide.md,https://pebbledesk.app/resources/guides/multi-site-childcare-reporting-guide/,"writer self-reviewed: truth, source, humanization, brand, duplication, LinkedIn fit",Opens the multi-site day with the strongest source theme: consistency before reporting.
197,2026-06-09,05:00,2026-06-09T10:00:00.000Z,LinkedIn company page,cmorpckmz03sbqi0yay2i3ds6,Operator oversight,Evaluation question,"A simple test for multi-site childcare software:

Can I answer this without logging into every location separately?

Which rooms are close to ratio right now?
Which sites have attendance gaps this week?
Which subsidy claims are still pending?
Which staff credentials expire in the next 30 days?
Which location has enrollment capacity?
Which families have overdue balances?

If the answer requires five logins and a spreadsheet, the product may still be a single-site system wearing a group label.

Operators do not need to micromanage every classroom.

They need enough visibility to catch preventable risk before it becomes a site-level surprise.",apps/site/src/content/guides/childcare-software-for-multi-site-evaluation.md,https://pebbledesk.app/resources/guides/childcare-software-for-multi-site-evaluation/,"writer self-reviewed: truth, source, humanization, brand, duplication, LinkedIn fit",Uses multi-site architecture source and turns it into buyer-ready questions.
198,2026-06-09,06:00,2026-06-09T11:00:00.000Z,LinkedIn company page,cmorpckmz03sbqi0yay2i3ds6,Cross-center visibility,Product scope note,"Multi-site childcare permissions need a practical middle.

A regional operator may need to see enrollment, ratio risk, staff credential dates, subsidy status, and billing across locations.

A site director needs the children, families, staff, billing, attendance, and reports for her own center.

A floating staff member may need access to two centers, but not the whole organization.

That distinction matters.

Good oversight is not the same as loose access.

Operators need a cross-center view without turning every child, family, billing, and staff record into organization-wide access.",apps/site/src/content/features/multi-location-oversight.md,https://pebbledesk.app/features/multi-location-oversight/,"writer self-reviewed: truth, source, humanization, brand, duplication, LinkedIn fit",Carefully states supported multi-center boundaries and center-scoping from the feature page.
199,2026-06-09,07:00,2026-06-09T12:00:00.000Z,LinkedIn company page,cmorpckmz03sbqi0yay2i3ds6,Standardization,Practical rollout tip,"Standardize before you digitize.

That advice matters even more for multi-site childcare groups.

If Site A tracks classroom movement one way, Site B records subsidy notes in a different place, and Site C has its own staff credential spreadsheet, software will not magically make the organization consistent.

It may just preserve the inconsistency more neatly.

Before rollout, agree on the basics:

What counts as the official attendance record?
How are room moves recorded?
Where do subsidy authorization dates live?
Who owns staff credential updates?
What is the required closeout check at the end of each day?
Which reports does every director need to produce the same way?

That is not extra project management.

It is how you avoid turning five local habits into one portfolio-level reporting mess.",apps/site/src/content/guides/multi-site-childcare-reporting-guide.md,https://pebbledesk.app/resources/guides/multi-site-childcare-reporting-guide/,"writer self-reviewed: truth, source, humanization, brand, duplication, LinkedIn fit",Practical rollout post using source guidance on standardization.
200,2026-06-09,08:00,2026-06-09T13:00:00.000Z,LinkedIn company page,cmorpckmz03sbqi0yay2i3ds6,Compliance reporting,Board-report lens,"A board report can expose weak childcare records fast.

Not because the board asks strange questions.

Because the normal questions cross location lines:

Total enrollment.
Attendance trends.
Open staff credential items.
Subsidy claim status.
Incidents by site.
Ratio exceptions.
Billing and collections.
Upcoming licensing renewals.

If every site reports those differently, the central office has to normalize the story before it can interpret the story.

That is the hidden cost of inconsistent reporting.

For operators, the question is not only, ""Can we export?""

It is:

Will the report mean the same thing at every site?

Consistency is what turns reporting from a monthly rescue into an oversight habit.",apps/site/src/content/guides/multi-site-childcare-reporting-guide.md,https://pebbledesk.app/resources/guides/multi-site-childcare-reporting-guide/,"writer self-reviewed: truth, source, humanization, brand, duplication, LinkedIn fit",Connects multi-site source to operator board/funder reporting moments.
201,2026-06-09,09:00,2026-06-09T14:00:00.000Z,LinkedIn company page,cmorpckmz03sbqi0yay2i3ds6,Architecture evaluation,Demo question,"One demo question tells you a lot about multi-site architecture:

If a staff member works at two locations, do they have one staff record or two?

That sounds small.

It is not.

One record suggests the software understands the organization as the top-level entity, with locations underneath it.

Two separate records often means each site is still its own silo, with a reporting layer pasted on top.

The same question applies to families, staff credentials, permissions, and reports.

Can access be scoped by location without duplicating people?
Can an owner see across sites without exposing every record to every director?
Can organization-level reporting happen without combining exports?

Directors should ask about it before signing, because a workaround that feels fine at two sites can become painful at five.",apps/site/src/content/guides/childcare-software-for-multi-site-evaluation.md,https://pebbledesk.app/resources/guides/childcare-software-for-multi-site-evaluation/,"writer self-reviewed: truth, source, humanization, brand, duplication, LinkedIn fit",Uses a concrete source question about unified versus aggregated architecture.
202,2026-06-09,10:00,2026-06-09T15:00:00.000Z,LinkedIn company page,cmorpckmz03sbqi0yay2i3ds6,Subsidy oversight,Risk note,"Multi-site subsidy billing has a special kind of mess.

Each location files claims under its own license or agency setup.

But the operator still needs to know the whole picture:

Which claims are pending?
Which location has a documentation request?
Which payments came in?
Which authorizations are close to expiration?
Which site is waiting on attendance correction before filing?

A single-site system can make each location do its own work and still leave the central office blind.

The useful balance is simple:

Each site keeps its claim record clean.
Leadership can still see reimbursement risk across the organization before delays pile up.",apps/site/src/content/guides/childcare-software-for-multi-site-evaluation.md,https://pebbledesk.app/resources/guides/childcare-software-for-multi-site-evaluation/,"writer self-reviewed: truth, source, humanization, brand, duplication, LinkedIn fit",Rewritten to remove formulaic goal close and keep the operational standard concrete.
203,2026-06-09,11:00,2026-06-09T16:00:00.000Z,LinkedIn company page,cmorpckmz03sbqi0yay2i3ds6,Credential oversight,Practical checklist,"For multi-site operators, staff credential tracking should not depend on which director is most organized.

The owner needs one view of upcoming risk:

CPR and First Aid expirations.
Background check renewal dates.
Training hours.
Director or lead teacher qualification status.
Location assignment.
Staff who float between sites.
Renewals already in progress.

Then each site still needs its own clean personnel file.

Both views matter.

Site-level records keep the center ready for local inspection.
Organization-level oversight helps leadership see what is coming before it becomes tomorrow's staffing problem.

Credential lapses are often preventable.

They become harder to prevent when the only warning lives in one site's spreadsheet and nobody else can see the date approaching.",apps/site/src/content/guides/multi-site-childcare-reporting-guide.md,https://pebbledesk.app/resources/guides/multi-site-childcare-reporting-guide/,"writer self-reviewed: truth, source, humanization, brand, duplication, LinkedIn fit",Uses a proven staff credential topic through the multi-site lens.
204,2026-06-09,12:00,2026-06-09T17:00:00.000Z,LinkedIn company page,cmorpckmz03sbqi0yay2i3ds6,Rollout sequencing,Implementation tip,"Do not roll out five childcare sites on the same Monday if you can avoid it.

A pilot site gives the central office a chance to learn:

Which roster fields were messy.
Which staff training questions repeated.
Which parent communication caused confusion.
Which billing setup took longer than expected.
Which ratio habits needed more practice.
Which report the owner actually wanted after week one.

Then the second site benefits from the first site.

That is not delay.

It is how operators keep support realistic.

The cleanest rollout pattern is usually:

Pick the strongest pilot site.
Standardize the record rules.
Run the daily workflows.
Fix training gaps.
Then move to the next wave with better instructions.

Software rollout is easier when every site does not have to be the test site at once.",apps/site/src/content/guides/multi-site-childcare-reporting-guide.md,https://pebbledesk.app/resources/guides/multi-site-childcare-reporting-guide/,"writer self-reviewed: truth, source, humanization, brand, duplication, LinkedIn fit",Specific rollout advice sourced from the multi-site transition section.
205,2026-06-09,13:00,2026-06-09T18:00:00.000Z,LinkedIn company page,cmorpckmz03sbqi0yay2i3ds6,Permissions,Security-aware post,"Multi-site visibility should not mean everyone sees everything.

Childcare records are sensitive.

A site director needs the children, guardians, staff, billing, attendance, and reports for their center.

An organization owner may need a cross-center view.

A staff member floating between two sites may need access to both, but not a third.

Ask vendors to show how that works.

Can a user be assigned to more than one location?
Can an owner see portfolio-level reports?
Can a director be limited to their own site?
Are child and family records scoped to the center they belong to?

Good oversight has boundaries.

In childcare, that is not bureaucracy. It is basic record care.",apps/site/src/content/guides/childcare-software-for-multi-site-evaluation.md,https://pebbledesk.app/resources/guides/childcare-software-for-multi-site-evaluation/,"writer self-reviewed: truth, source, humanization, brand, duplication, LinkedIn fit",Permission and center-scoping post aligned with security/data handling guardrails.
206,2026-06-09,14:00,2026-06-09T19:00:00.000Z,LinkedIn company page,cmorpckmz03sbqi0yay2i3ds6,Reporting quality,Anti-spreadsheet post,"A report that requires three CSV exports and one heroic spreadsheet is not really a report.

It is a monthly reconstruction ritual.

For multi-site childcare operators, the important reports cross location lines:

Total enrollment.
Revenue by site and in aggregate.
Subsidy claim status.
Ratio and licensing issues.
Staff credential expirations.
Capacity and waitlist pressure.

If each report starts with ""send me your latest spreadsheet,"" the operator is still managing separate centers by hand.

Do not just ask whether reports exist.

Ask the vendor to produce one location report and one organization report from the same data model.

Then ask what happens when you add another location next year.",apps/site/src/content/guides/childcare-software-for-multi-site-evaluation.md,https://pebbledesk.app/resources/guides/childcare-software-for-multi-site-evaluation/,"writer self-reviewed: truth, source, humanization, brand, duplication, LinkedIn fit",Concrete demo advice based on the guide's report evaluation section.
207,2026-06-09,15:00,2026-06-09T20:00:00.000Z,LinkedIn company page,cmorpckmz03sbqi0yay2i3ds6,Center switching,Product clarity,"Center switching sounds like a small feature until you operate more than one childcare location.

Then it becomes the difference between oversight and tab juggling.

A regional operator should be able to move from one center's attendance, ratios, billing, records, and reports to another without pretending each site is a separate business.

At the same time, the data should stay scoped.

Site A's child records belong to Site A.
Site B's billing history belongs to Site B.
Organization-level reports should roll up what leadership needs without loosening local access.

The useful pattern is simple in practice:

One organization view.
Clear center boundaries.
Enough context to spot risk before every site has to send a spreadsheet.",apps/site/src/content/features/multi-location-oversight.md,https://pebbledesk.app/features/multi-location-oversight/,"writer self-reviewed: truth, source, humanization, brand, duplication, LinkedIn fit",Product-specific post on center switching and scoped records.
208,2026-06-09,16:00,2026-06-09T21:00:00.000Z,LinkedIn company page,cmorpckmz03sbqi0yay2i3ds6,Multi-site evaluation,Operator questions,"Before a multi-site childcare demo, write down the questions that sound like your actual organization.

Can I see all sites without logging in and out?
Can each site keep its own license and subsidy records clean?
Can an owner see enrollment and billing across locations?
Can a director be limited to one center?
Can a floating staff member have access to two locations?
Can subsidy reports be produced by site while the owner tracks total claim status?
Can staff credential expirations be reviewed across the group?
What happens when we add another site?

Those questions are more useful than a feature checklist.

They force the software to show whether it was built for multi-site operations or merely packaged for them.

The right system should make oversight calmer.

It should not make the central office better at chasing people for spreadsheets.",apps/site/src/content/guides/childcare-software-for-multi-site-evaluation.md,https://pebbledesk.app/resources/guides/childcare-software-for-multi-site-evaluation/,"writer self-reviewed: truth, source, humanization, brand, duplication, LinkedIn fit",Demo-prep questions for the target multi-site operator persona.
209,2026-06-09,17:00,2026-06-09T22:00:00.000Z,LinkedIn company page,cmorpckmz03sbqi0yay2i3ds6,Consistent daily records,Daily habit post,"Multi-site consistency is built in tiny daily choices.

Did every site close attendance the same way?
Were room moves recorded in the same place?
Did subsidy notes attach to the child record or disappear into email?
Were staff credential updates entered when they happened?
Did directors use the same incident categories?
Did billing follow-up land in the same workflow?

Those details look small until leadership needs a clean organization-level answer.

If each site exports something slightly different, the central office spends its best hours translating.

A good operator rhythm is simple:

Same fields.
Same closeout habit.
Same report definitions.
Local ownership.
Central visibility.

That is how multi-site oversight becomes practical instead of performative.",apps/site/src/content/guides/multi-site-childcare-reporting-guide.md,https://pebbledesk.app/resources/guides/multi-site-childcare-reporting-guide/,"writer self-reviewed: truth, source, humanization, brand, duplication, LinkedIn fit",Daily-operations version of the consistency theme.
210,2026-06-09,18:00,2026-06-09T23:00:00.000Z,LinkedIn company page,cmorpckmz03sbqi0yay2i3ds6,Portfolio readiness,Closing reflection,"The promise of multi-site childcare software is not more dashboards.

It is fewer surprises.

A staff credential expiring at one site.
A subsidy claim stuck at another.
A ratio pattern showing up every Friday afternoon.
An enrollment dip that needs attention.
A billing issue that should not wait until month-end.

Good oversight helps operators see those patterns while the sites can still act.

The central office does not need to run every classroom.

It needs a consistent operating record across locations, with enough visibility to answer the right question before it turns into a larger problem.",apps/site/src/content/features/multi-location-oversight.md,https://pebbledesk.app/features/multi-location-oversight/,"writer self-reviewed: truth, source, humanization, brand, duplication, LinkedIn fit",Closes the day by connecting product scope to operator oversight outcomes.
211,2026-06-10,04:00,2026-06-10T09:00:00.000Z,LinkedIn company page,cmorpckmz03sbqi0yay2i3ds6,Trial evaluation,Practical trial plan,"A childcare software trial should not be a tour.

It should be a rehearsal.

Use the trial to test the jobs your center cannot afford to get wrong:

One week of attendance.
A billing run with real rate structures.
A subsidy attendance report, if you accept subsidy-funded children.
Ratio visibility during a real rush period.
A support question that sounds like your actual center.

Placeholder data tells you very little.

A few fake children and a quick click-through may show whether the interface is pleasant.

It will not show whether billing matches your policies, whether staff can use check-in under pressure, or whether a subsidy report has the right shape.

A good trial creates useful evidence.

Not vibes.

Evidence.",apps/site/src/content/guides/childcare-software-free-trial-guide.md,https://pebbledesk.app/resources/guides/childcare-software-free-trial-guide/,"writer self-reviewed: truth, source, humanization, brand, duplication, LinkedIn fit",Starts pricing day with practical evaluation rather than sales copy.
212,2026-06-10,05:00,2026-06-10T10:00:00.000Z,LinkedIn company page,cmorpckmz03sbqi0yay2i3ds6,Pricing transparency,Buyer discipline,"Pricing should be easy to explain to yourself before you explain it to your board, partner, or bookkeeper.

For childcare software, ask:

Is pricing published?
Is it flat, per child, per classroom, or per location?
Is annual billing the default?
Are setup fees separate?
Are payment processing fees separate?
Does the plan change when enrollment grows?
Does multi-site reporting require a different tier?
Can you cancel without a long contract?

PebbleDesk publishes flat childcare pricing with self-serve plans and no long-term contract requirement.

That still does not mean every center should skip evaluation.

The smart move is to compare total cost against the workflows that create the most admin risk:

Attendance.
Ratios.
Billing.
Subsidy support.
Records.
Reporting.

Cheap software gets expensive fast when the director still has to rebuild the week by hand.",apps/site/src/pages/pricing.astro,https://pebbledesk.app/pricing/,"writer self-reviewed: truth, source, humanization, brand, duplication, LinkedIn fit",Pricing evaluation grounded in public pricing page without overpromising savings.
213,2026-06-10,06:00,2026-06-10T11:00:00.000Z,LinkedIn company page,cmorpckmz03sbqi0yay2i3ds6,Trial realism,Red flag post,"A free trial red flag:

The billing total does not match your manual calculation, and nobody can explain why.

That is not a small inconvenience.

For a childcare center, billing has too many real-world rules to hand-wave:

Age-group rates.
Part-time schedules.
Sibling discounts.
Subsidy co-pays.
Late fees.
Registration fees.
Deposits.
Prorated starts.

Do not test billing with one fake child on one simple rate.

Use the messy examples.

The toddler with three days.
The sibling discount.
The subsidy child with a co-pay.
The family with a registration fee.

The trial is the cheapest time to discover whether the math matches your policy.",apps/site/src/content/guides/childcare-software-free-trial-guide.md,https://pebbledesk.app/resources/guides/childcare-software-free-trial-guide/,"writer self-reviewed: truth, source, humanization, brand, duplication, LinkedIn fit",Operational-risk post for trial billing tests.
214,2026-06-10,07:00,2026-06-10T12:00:00.000Z,LinkedIn company page,cmorpckmz03sbqi0yay2i3ds6,Contract terms,Contract checklist,"Before signing a childcare software contract, read the parts that become painful later.

Data export.
Price lock.
Auto-renewal notice.
Support response time.
Uptime commitment.
Cancellation access.
Historical records after cancellation.

Childcare centers may need historical attendance, payment, subsidy, incident, or licensing records years after a software switch.

A contract that lets you export only current records is not enough.

A practical ask:

Can we export all historical records in a usable format during the subscription and for a defined period after cancellation?

That sentence is not legal advice.

It is operational common sense.

The time to ask is before the signature, not after migration, training, and billing history have made switching harder.",apps/site/src/content/guides/childcare-software-contract-negotiation.md,https://pebbledesk.app/resources/guides/childcare-software-contract-negotiation/,"writer self-reviewed: truth, source, humanization, brand, duplication, LinkedIn fit",Contract-focused post with explicit no-legal-advice framing.
215,2026-06-10,08:00,2026-06-10T13:00:00.000Z,LinkedIn company page,cmorpckmz03sbqi0yay2i3ds6,ROI discipline,Cost-of-work post,"The ROI question for childcare software should start with repeated work.

What gets copied from one place to another every week?

Attendance into billing.
Attendance into subsidy claims.
Room counts into ratio logs.
Credential dates into reminder calendars.
Parent balances into follow-up messages.
Incident notes into a separate report.

Do not count imaginary savings.

Count the work you can point to:

How often does it happen?
Who does it?
What does it cost in staff time?
What happens when it is late or wrong?

A software purchase should make those answers clearer.

If the ROI case depends on vague productivity language, it probably needs another pass.",apps/site/src/content/guides/childcare-software-roi-calculator-guide.md,https://pebbledesk.app/resources/guides/childcare-software-roi-calculator-guide/,"writer self-reviewed: truth, source, humanization, brand, duplication, LinkedIn fit",ROI post avoids invented numbers and focuses on source-backed evaluation discipline.
216,2026-06-10,09:00,2026-06-10T14:00:00.000Z,LinkedIn company page,cmorpckmz03sbqi0yay2i3ds6,Free trial setup,Tuesday test,"If your free trial uses fake data, at least make the fake data behave like your real center.

Do not create one child named Test Child and call it enough.

Create examples that force the software to show its fit:

An infant and a preschooler.
A full-time child and a part-time child.
A subsidy-funded child.
A child with an authorized pickup note.
A family with a balance.
A classroom close to ratio.
A staff member with an upcoming credential expiration.

Daily edge cases reveal more than the product tour.

A director does not need to test every feature.

She needs to test the few moments where a bad fit will cost her real time later.",apps/site/src/content/guides/childcare-software-free-trial-guide.md,https://pebbledesk.app/resources/guides/childcare-software-free-trial-guide/,"writer self-reviewed: truth, source, humanization, brand, duplication, LinkedIn fit",Specific trial setup advice with careful product-fit framing.
217,2026-06-10,10:00,2026-06-10T15:00:00.000Z,LinkedIn company page,cmorpckmz03sbqi0yay2i3ds6,Scorecards,Evaluation framework,"A childcare software scorecard should not reward the longest menu.

It should reward fit.

For many centers, the useful categories are plain:

Attendance.
Billing and invoicing.
Subsidy management.
Parent communication.
Licensing compliance.
Staff scheduling.
Pricing model.
Mobile usability.

Then weight them based on your actual operation.

A center that accepts subsidies should not treat subsidy support as a side feature.
A small home provider may not care as much about complex staff scheduling.
A multi-site operator should weigh cross-location reporting differently than a single classroom program.

A simple scorecard gets stronger when it reflects the jobs the director is responsible for, not the vendor's prettiest feature grid.",apps/site/src/content/lead-magnets/childcare-software-scorecard.md,https://pebbledesk.app/free/childcare-software-scorecard/,"writer self-reviewed: truth, source, humanization, brand, duplication, LinkedIn fit",Rewritten to remove internal repo/lead-magnet language while keeping the source-backed scorecard framework.
218,2026-06-10,11:00,2026-06-10T16:00:00.000Z,LinkedIn company page,cmorpckmz03sbqi0yay2i3ds6,Contract negotiation,Pre-signature leverage,"Your negotiating position is strongest before the childcare software contract is signed.

Not after staff training.
Not after migration.
Not after a year of billing history is inside the system.

Before signing, ask about the terms that affect real operations:

Can pricing be locked for the contract term?
How much notice comes before auto-renewal?
What happens to data after cancellation?
Can historical attendance and billing records be exported?
What support response times are written down?
Are onboarding or training fees separate?
What changes if we add another location?

This is not being difficult.

It is protecting the center from finding out too late that the default terms were written around the vendor's convenience, not the director's records.",apps/site/src/content/guides/childcare-software-contract-negotiation.md,https://pebbledesk.app/resources/guides/childcare-software-contract-negotiation/,"writer self-reviewed: truth, source, humanization, brand, duplication, LinkedIn fit",Rewritten to keep contract leverage idea without staged point/point close.
219,2026-06-10,12:00,2026-06-10T17:00:00.000Z,LinkedIn company page,cmorpckmz03sbqi0yay2i3ds6,Pricing model,Budget test,"The right childcare software pricing model depends on how your center actually grows.

Per-child pricing can feel fair when enrollment is small.

Flat center pricing can be easier to budget as classrooms fill.

Per-location pricing may make sense for larger operators, but it can punish smaller sites.

Enterprise flat fees need careful contract review because the headline number is only part of the story.

A practical budget test:

What does this cost at today's enrollment?
What does it cost at licensed capacity?
What does it cost if we add a classroom?
What does it cost if we add a location?
What fees sit outside the subscription?

Pricing clarity is not about finding the cheapest option.

It is about avoiding a surprise that shows up after the center has already built habits around the tool.",apps/site/src/content/guides/childcare-software-for-multi-site-evaluation.md,https://pebbledesk.app/resources/guides/childcare-software-for-multi-site-evaluation/,"writer self-reviewed: truth, source, humanization, brand, duplication, LinkedIn fit",Pricing model post grounded in multi-site guide and kept broadly useful.
220,2026-06-10,13:00,2026-06-10T18:00:00.000Z,LinkedIn company page,cmorpckmz03sbqi0yay2i3ds6,PebbleDesk pricing,Product clarity,"A useful childcare software pricing page should answer the question buyers actually have:

What kind of program am I buying for?

Family childcare home.
Licensed single-site center.
Larger single-site center.
Multi-site operator.
Enterprise rollout.

That is more useful than making directors decode a generic SaaS seat model.

A practical fit test:

Does this plan match how your center actually operates today, including enrollment size, subsidy work, reporting needs, and whether you run one site or several?

What happens during setup?
What does import support look like?
Is there a long-term contract?
What changes if the center grows?

If the plan only makes sense in a sales script, keep asking questions.",apps/site/src/pages/pricing.astro,https://pebbledesk.app/pricing/,"writer self-reviewed: truth, source, humanization, brand, duplication, LinkedIn fit",Rewritten with a concrete buyer fit test instead of point/point plan-fit language.
221,2026-06-10,14:00,2026-06-10T19:00:00.000Z,LinkedIn company page,cmorpckmz03sbqi0yay2i3ds6,Support evaluation,Trial support test,"Use the free trial to test support before support matters.

Ask one real question.

Not ""where is the button?""

Something like:

How do we handle a subsidy authorization that changes mid-month?
What happens if a parent disputes a late fee?
Can we backdate an attendance correction, and is there an audit record?
How do we export historical records if licensing asks for a date range?
How should a multi-site group set location permissions?

A fast answer that misses the childcare context is not enough.

A help article that does not answer the question is not enough.

During a billing deadline or inspection week, directors need support that understands the workflow.

Trial support is a preview.

Treat it like one.",apps/site/src/content/guides/childcare-software-free-trial-guide.md,https://pebbledesk.app/resources/guides/childcare-software-free-trial-guide/,"writer self-reviewed: truth, source, humanization, brand, duplication, LinkedIn fit","Support responsiveness as part of evaluation, no unsupported SLA claims."
222,2026-06-10,15:00,2026-06-10T20:00:00.000Z,LinkedIn company page,cmorpckmz03sbqi0yay2i3ds6,Data portability,Records-first warning,"Data portability sounds like a contract detail until a licensing question points to last year.

Then it becomes the whole issue.

Childcare centers may need old attendance logs, billing history, subsidy documentation, incident records, family records, and staff files after they leave a system.

Ask before signing:

Can I export all historical attendance?
Can I export billing and payment history?
Can I export subsidy records?
Can I export child and guardian records?
Can I keep read-only access for a defined window after cancellation?
What gets deleted, and when?

That is not a nice-to-have for childcare.

It is part of keeping the center's operating history usable.",apps/site/src/content/guides/childcare-software-contract-negotiation.md,https://pebbledesk.app/resources/guides/childcare-software-contract-negotiation/,"writer self-reviewed: truth, source, humanization, brand, duplication, LinkedIn fit",Records-first contract post tied to childcare compliance needs.
223,2026-06-10,16:00,2026-06-10T21:00:00.000Z,LinkedIn company page,cmorpckmz03sbqi0yay2i3ds6,ROI discipline,No-fake-savings note,"Be suspicious of childcare software ROI that depends on round numbers and wishful thinking.

""Save hours every week"" is not a plan.

A better model starts with named work:

How many minutes does daily attendance cleanup take?
How often does billing require manual correction?
How long does subsidy reconciliation take after care is delivered?
How often does the director chase staff credential dates?
How many parent billing questions require pulling separate records?
How long does audit prep take when records are scattered?

Then compare the software cost against the work it can realistically reduce.

No imaginary savings.
No invented averages.
No sales math.

Just the work your center can name.",apps/site/src/content/guides/childcare-software-roi-calculator-guide.md,https://pebbledesk.app/resources/guides/childcare-software-roi-calculator-guide/,"writer self-reviewed: truth, source, humanization, brand, duplication, LinkedIn fit",Explicitly avoids invented stats while still giving a strong POV.
224,2026-06-10,17:00,2026-06-10T22:00:00.000Z,LinkedIn company page,cmorpckmz03sbqi0yay2i3ds6,Trial closeout,Decision checklist,"At the end of a childcare software trial, do not ask, ""Did we like it?""

Ask what the trial proved.

Did attendance work during a real arrival window?
Did the ratio view match the room count?
Did billing match the center's rate policy?
Could subsidy records support a sample claim or review?
Could staff use the daily workflow without the director translating every step?
Did support answer a real question clearly?
Could records be exported in a usable way?
Did pricing still make sense after setup details were visible?

A nice interface helps.

But the software that belongs in a childcare center is the one that survives Tuesday morning, Friday billing, and the next licensing question.",apps/site/src/content/guides/childcare-software-free-trial-guide.md,https://pebbledesk.app/resources/guides/childcare-software-free-trial-guide/,"writer self-reviewed: truth, source, humanization, brand, duplication, LinkedIn fit",Trial wrap-up checklist with concrete director moments.
225,2026-06-10,18:00,2026-06-10T23:00:00.000Z,LinkedIn company page,cmorpckmz03sbqi0yay2i3ds6,Buying discipline,Closing reflection,"The best childcare software buying process is a little boring.

It checks the trial.
It checks the contract.
It checks the pricing model.
It checks data export.
It checks the workflows that actually create risk.

Attendance.
Ratios.
Billing.
Subsidy documentation.
Staff credentials.
Parent balances.
Audit reports.

That is not overthinking.

It is how directors avoid buying a tool that looked good in a demo but still leaves the hard work scattered.

PebbleDesk is built from the opposite belief: the daily record should support the next question instead of forcing the director to rebuild it.

Pricing only makes sense in that context.

The right tool is not the one with the biggest promise.

It is the one whose cost is justified by the specific admin risk it helps remove from the center's week.",packages/shared/src/constants/offering.ts,https://pebbledesk.app/pricing/,"writer self-reviewed: truth, source, humanization, brand, duplication, LinkedIn fit",Closes the day with disciplined buying criteria and PebbleDesk positioning.
226,2026-06-11,04:00,2026-06-11T09:00:00.000Z,LinkedIn company page,cmorpckmz03sbqi0yay2i3ds6,Parent communication,Practical distinction,"Parent communication matters.

It just should not be the only thing your childcare software is good at.

Daily reports, announcements, photos, and messages help families feel connected. That is real.

But directors also have to manage attendance, ratios, billing, subsidy records, staff credentials, child files, and audit reports.

That is the selection risk.

A delayed daily report annoys a parent.
A ratio gap, missing record, or billing error creates a different level of problem.

The best communication system for a center is one that lives close to the operating record.

Not because every message is compliance evidence.

Because families usually ask about things tied to the record: pickup, billing, attendance, policies, balances, and what happened today.",apps/site/src/content/guides/parent-communication-software-guide.md,https://pebbledesk.app/resources/guides/parent-communication-software-guide/,"writer self-reviewed: truth, source, humanization, brand, duplication, LinkedIn fit",Starts parent-communication day with the guide's central compliance-versus-communication distinction.
227,2026-06-11,05:00,2026-06-11T10:00:00.000Z,LinkedIn company page,cmorpckmz03sbqi0yay2i3ds6,Messaging scope,Product honesty,"PebbleDesk messaging is built for the operating record.

Outbound announcements.
Alerts.
Direct messages.
Inbound guardian replies.

That matters because parent communication is one of the easiest categories to overclaim.

A director comparing tools should know the difference between:

Broadcasting a closure notice.
Sending a classroom reminder.
Following up about a balance.
Sending a pickup note tied to a child record.
Keeping guardian replies attached to the original message thread.
Running a broad parent-social feed.

Those are related, but they are not the same job.

PebbleDesk supports the operational reply inbox: the response tied to the message, guardian, classroom, or billing context.

It still does not try to be the whole parent-engagement category.

Clear scope is part of good communication too.",apps/site/src/content/features/messaging-alerts.md,https://pebbledesk.app/features/messaging-alerts/,"writer self-reviewed: truth, source, humanization, brand, duplication, LinkedIn fit",Updates the messaging scope to include operational guardian replies while avoiding parent-social feed claims.
228,2026-06-11,06:00,2026-06-11T11:00:00.000Z,LinkedIn company page,cmorpckmz03sbqi0yay2i3ds6,Fee policy clarity,Policy-writing tip,"A fee policy should answer the question before the parent has to ask it at the front desk.

What is tuition?
When is it due?
What happens after the due date?
How are late pickup fees charged?
Are registration fees refundable?
How are returned payments handled?
When do rate changes take effect?
What notice do families receive?

That policy is both a finance tool and a communication tool.

Vague fee policies create awkward conversations later.

""Late fees may apply"" is not as useful as a specific amount, trigger date, and billing process.

Directors do not need harsher language.

They need clearer language.

The calmer billing conversation is usually written months before the balance becomes overdue.",apps/site/src/content/lead-magnets/childcare-fee-policy-template.md,https://pebbledesk.app/free/childcare-fee-policy-template/,"writer self-reviewed: truth, source, humanization, brand, duplication, LinkedIn fit",Rewritten to remove internal template language and keep the fee-policy advice public-facing.
229,2026-06-11,07:00,2026-06-11T12:00:00.000Z,LinkedIn company page,cmorpckmz03sbqi0yay2i3ds6,Enrollment contracts,Operational document post,"An enrollment contract is not quiet paperwork.

It is the operating agreement between the center and the family.

When tuition is due.
What happens after an absence.
How late pickup is billed.
Who can pick up the child.
How illness exclusions work.
What notice is required for withdrawal.
What happens after non-payment.

That matters because most disputes do not start with bad intent.

They start with different expectations.

A parent thought sick days reduced tuition.
The center thought tuition held the spot.
A parent thought a late pickup fee was flexible.
The center thought the policy was clear.

The contract is where those expectations should become plain before anyone is upset.",apps/site/src/content/guides/childcare-enrollment-contract-guide.md,https://pebbledesk.app/resources/guides/childcare-enrollment-contract-guide/,"writer self-reviewed: truth, source, humanization, brand, duplication, LinkedIn fit",Echoes high-performing enrollment-record framing while staying source-grounded.
230,2026-06-11,08:00,2026-06-11T13:00:00.000Z,LinkedIn company page,cmorpckmz03sbqi0yay2i3ds6,Late pickup policy,Director moment,"Late pickup policies are not about turning five minutes into revenue.

They are about protecting staff time and making expectations clear.

A teacher cannot leave until every child is picked up. If the policy is vague, the director ends up negotiating the same conversation over and over:

Was it really late?
Does the fee apply this time?
Will it be added to the next invoice?
What happens if it keeps happening?

Put the fee, trigger time, billing method, and repeated-lateness process in writing.

That is practical, not punitive.

Consistency helps everyone:

Parents know the rule.
Staff know the rule.
The director is not deciding from scratch while closing the building.

A good policy makes the rare exception easier because the normal expectation is already clear.",apps/site/src/content/guides/late-pickup-policy-daycare.md,https://pebbledesk.app/resources/guides/late-pickup-policy-daycare/,"writer self-reviewed: truth, source, humanization, brand, duplication, LinkedIn fit",Rewritten to remove remaining goal phrasing from late-pickup post.
231,2026-06-11,09:00,2026-06-11T14:00:00.000Z,LinkedIn company page,cmorpckmz03sbqi0yay2i3ds6,Parent handbook,Handbook structure,"A parent handbook earns its keep when the same question stops coming up at the front desk.

Arrival window.
Pickup authorization.
Late pickup fees.
Illness exclusions.
Medication authorization.
Meal rules.
Emergency procedures.
Daily communication expectations.
Photo privacy.
How non-urgent messages are handled.

A useful handbook can be detailed without being unfriendly.

Families do not need a policy maze.

They need predictable expectations in one place before a busy morning turns into a front-desk debate.

Plain language helps:

Here is how our center works.
Here is what families can expect from us.
Here is what we need from families.
Here is what happens when something does not go as planned.",apps/site/src/content/lead-magnets/parent-handbook-template.md,https://pebbledesk.app/free/parent-handbook-template/,"writer self-reviewed: truth, source, humanization, brand, duplication, LinkedIn fit",Rewritten to remove point/point handbook section.
232,2026-06-11,10:00,2026-06-11T15:00:00.000Z,LinkedIn company page,cmorpckmz03sbqi0yay2i3ds6,Billing clarity,Family balance post,"Most family billing tension gets worse when the record is hard to explain.

A balance should have a plain story:

Tuition charged.
Registration or supply fees.
Sibling discount, if any.
Subsidy portion, if any.
Family co-pay.
Payments received.
Late fee, if applied.
Remaining balance.
Due date.

When that story lives across invoices, notes, payment processor screens, and a director's memory, even a small balance can take too long to answer.

A parent does not ask about your accounting setup.

They ask, ""Why do I owe this?""

The director needs a clear answer without opening five tabs.",packages/shared/src/constants/offering.ts,https://pebbledesk.app/features/billing-payments/,"writer self-reviewed: truth, source, humanization, brand, duplication, LinkedIn fit",Billing clarity post grounded in PebbleDesk billing/family-record positioning.
233,2026-06-11,11:00,2026-06-11T16:00:00.000Z,LinkedIn company page,cmorpckmz03sbqi0yay2i3ds6,Communication and compliance,Selection advice,"A parent app can be beautiful and still leave the director exposed.

That sounds harsh, but it is the practical selection problem in childcare software.

Parents see:

Photos.
Daily reports.
Messages.
Payment reminders.
Calendar notes.

Directors also carry:

Ratios.
Attendance proof.
Subsidy documentation.
Staff credential files.
Billing records.
Enrollment contracts.
Audit reports.

A center needs family communication that is warm and reliable.

It also needs the back-office record to hold up when licensing, billing, or subsidy questions arrive.

The best product choice is not parent experience versus compliance.

It is parent experience that does not pull the center away from the record it has to trust.",apps/site/src/content/guides/parent-communication-software-guide.md,https://pebbledesk.app/resources/guides/parent-communication-software-guide/,"writer self-reviewed: truth, source, humanization, brand, duplication, LinkedIn fit",Clear selection guidance using guide's parent-app versus compliance point.
234,2026-06-11,12:00,2026-06-11T17:00:00.000Z,LinkedIn company page,cmorpckmz03sbqi0yay2i3ds6,Policy reminders,Message examples,"The best parent reminders are short because the policy should already be clear.

Examples:

Tuition is due Monday by 5 PM.
Please update your authorized pickup list before Friday.
Remember that late pickup fees begin after closing time.
The center will be closed Monday for the posted holiday.
Please send updated immunization records by June 20.
Your child's subsidy authorization is approaching renewal.

Those messages work when they point back to a written policy, handbook, contract, or billing record.

They work less well when the message itself is the first time the family hears the rule.

PebbleDesk supports outbound announcements, alerts, direct messages, and inbound guardian replies today.

Those outbound and reply workflows fit practical updates like these.

But the bigger lesson is broader than the tool:

Use messaging to reinforce clear expectations, not to invent policy in the moment.",apps/site/src/content/features/messaging-alerts.md,https://pebbledesk.app/features/messaging-alerts/,"writer self-reviewed: truth, source, humanization, brand, duplication, LinkedIn fit",Messaging use cases stay inside supported outbound and operational reply workflows.
235,2026-06-11,13:00,2026-06-11T18:00:00.000Z,LinkedIn company page,cmorpckmz03sbqi0yay2i3ds6,Fee increases,Director communication,"Rate increases go better when families are not surprised.

Written notice and an annual review rhythm are not just finance hygiene.

They are parent communication.

A clear rate notice should answer:

What is changing?
When does it take effect?
Which age groups or schedules are affected?
Why is the center making the change?
Where can families see the updated fee schedule?
Who can they contact with questions?

Do not bury the actual number.
Do not make families decode a paragraph.
Do not leave the front desk to explain the change from memory.

Childcare costs are emotional for families and real for providers.

A clear notice may not make everyone happy, but it keeps the policy understandable and gives families a fair chance to plan.",apps/site/src/content/lead-magnets/childcare-fee-policy-template.md,https://pebbledesk.app/free/childcare-fee-policy-template/,"writer self-reviewed: truth, source, humanization, brand, duplication, LinkedIn fit",Rewritten ending to remove goal/goal phrasing.
236,2026-06-11,14:00,2026-06-11T19:00:00.000Z,LinkedIn company page,cmorpckmz03sbqi0yay2i3ds6,Enrollment records,Record-risk post,"Authorized pickup records are not a minor admin detail.

They are one of the places where parent communication, child safety, and documentation meet.

A center needs to know:

Who is authorized to pick up.
Who is not.
Whether ID is required for an unfamiliar adult.
How changes are submitted.
What happens when custody documentation applies.
Where the current record lives.

Pickup rules belong in written policy, not hallway memory.

That matters during the exact moment a staff member is busy, a parent is rushing, and someone unfamiliar arrives at the door.

Good communication happens before that moment.

The family knows the process.
The staff can check the record.
The director is not being asked to improvise a safety decision from memory.",apps/site/src/content/guides/childcare-enrollment-contract-guide.md,https://pebbledesk.app/resources/guides/childcare-enrollment-contract-guide/,"writer self-reviewed: truth, source, humanization, brand, duplication, LinkedIn fit",Concrete family-record moment linked to enrollment contract guidance.
237,2026-06-11,15:00,2026-06-11T20:00:00.000Z,LinkedIn company page,cmorpckmz03sbqi0yay2i3ds6,Illness policy,Handbook clarity,"Sick child policies create less tension when they are specific before anyone is sick.

A useful parent handbook does not say, ""Keep children home when appropriate.""

It names the practical rules:

Fever threshold.
Vomiting or diarrhea window.
Undiagnosed rash.
Pink eye or contagious illness rules.
Return-to-care requirements.
How quickly a sick child must be picked up.
Whether tuition is credited for sick days.
What documentation is needed for medication.

Vague illness policies put directors in a hard spot.

Families are juggling work.
Staff are protecting the group.
The director is trying to be fair and consistent.

Clear language does not make every conversation easy.

It does give everyone the same reference point before emotions are high.",apps/site/src/content/lead-magnets/parent-handbook-template.md,https://pebbledesk.app/free/parent-handbook-template/,"writer self-reviewed: truth, source, humanization, brand, duplication, LinkedIn fit",Handbook illness-policy post specific enough for directors.
238,2026-06-11,16:00,2026-06-11T21:00:00.000Z,LinkedIn company page,cmorpckmz03sbqi0yay2i3ds6,Payment terms,Billing policy post,"Payment terms should not depend on who is working the desk that morning.

Families should know:

Due date.
Accepted payment methods.
Grace period, if any.
Late payment fee.
Returned payment fee.
Auto-pay process.
What happens when an account becomes delinquent.
Whether care can be suspended for non-payment.
How balances are communicated.

Write those pieces down clearly because billing clarity is not only about collecting money.

It protects consistency.

A director should not have to decide case by case whether a fee applies because the policy was written softly to avoid discomfort.

Specific does not have to mean cold.

It means families receive the same explanation, staff follow the same process, and the billing record can explain itself later.",apps/site/src/content/lead-magnets/childcare-fee-policy-template.md,https://pebbledesk.app/free/childcare-fee-policy-template/,"writer self-reviewed: truth, source, humanization, brand, duplication, LinkedIn fit",Billing clarity post tied to payment terms.
239,2026-06-11,17:00,2026-06-11T22:00:00.000Z,LinkedIn company page,cmorpckmz03sbqi0yay2i3ds6,Parent-facing records,Operational tip,"Parent communication gets easier when the center knows which record the message points to.

A balance message points to billing.
A pickup reminder points to the authorized pickup list.
A closure alert points to the calendar or handbook.
A late fee reminder points to the fee policy.
An illness pickup request points to the health policy.
A subsidy renewal reminder points to the child's subsidy record.

This is why communication should live near the operational record.

Otherwise staff end up sending messages from one place while checking facts somewhere else.

PebbleDesk supports outbound communication today, with child, guardian, classroom, pickup, subsidy, billing, and reporting context kept close to the record.

The practical win is not fancier messaging.

It is fewer messages that start with, ""Let me check three places and get back to you.""",apps/site/src/pages/index.astro,https://pebbledesk.app/,"writer self-reviewed: truth, source, humanization, brand, duplication, LinkedIn fit",Rewritten to remove product-thesis phrasing and keep communication tied to operating records.
240,2026-06-11,18:00,2026-06-11T23:00:00.000Z,LinkedIn company page,cmorpckmz03sbqi0yay2i3ds6,Communication clarity,Closing reflection,"Good parent communication is not just friendly.

It is clear.

Clear about tuition.
Clear about pickup.
Clear about illness.
Clear about fees.
Clear about who may collect a child.
Clear about what the center will send, and what families need to provide.

The handbook, enrollment contract, fee policy, billing record, and messaging workflow all reduce the same daily friction:

Fewer surprises.
Fewer repeated explanations.
Fewer front-desk debates during the busiest part of the day.

PebbleDesk is built for directors who need family communication to sit beside the operating record, not float away from it.

Attendance, billing, guardian records, pickup notes, messages, and reports are connected because family questions usually cross those lines.

The warmer experience is not the nicer message by itself.

It is the director having the right answer when the family asks.",packages/shared/src/constants/offering.ts,https://pebbledesk.app/,"writer self-reviewed: truth, source, humanization, brand, duplication, LinkedIn fit",Closes the day by tying parent communication to connected operational records.
241,2026-06-12,04:00,2026-06-12T09:00:00.000Z,LinkedIn company page,cmorpckmz03sbqi0yay2i3ds6,Emergency preparedness,Opening operational reminder,"Emergency preparedness is one of those childcare jobs that can look finished until someone opens the binder.

The drill happened.
The staff knew where to go.
The children were counted.

But the record still needs to show what happened:

Date.
Time.
Type of drill.
Children present.
Staff present.
Evacuation time.
Issues found.
Corrective action.

That last line matters. Real drills find small problems: a door that sticks, a new staff member who hesitates, a class that takes longer than expected.

A drill log that says ""no issues"" every single month may be technically tidy, but it is not always convincing.

A stronger record says:

Here is what we practiced.
Here is what we learned.
Here is what we fixed.

That is the kind of preparedness directors can actually use when licensing asks for the binder.",apps/site/src/content/guides/childcare-emergency-preparedness-guide.md,https://pebbledesk.app/resources/guides/childcare-emergency-preparedness-guide/,"writer self-reviewed: truth, source, humanization, brand, duplication, LinkedIn fit",Grounded in drill-log fields and the warning that documentation is the compliance record.
242,2026-06-12,05:00,2026-06-12T10:00:00.000Z,LinkedIn company page,cmorpckmz03sbqi0yay2i3ds6,Emergency binder management,Director checklist,"A useful Friday binder check for childcare directors:

If you had to leave the building in three minutes, would the emergency binder help outside the office?

Check for the basics:

Current signed emergency plan.
Evacuation maps for each route.
Staff emergency contacts with cell numbers.
Current child roster.
Emergency contacts for each enrolled child.
Medical alerts and emergency medication notes.
Utility shutoff locations.
Police, fire, poison control, licensing, and insurance contacts.
Last 12 months of drill logs.

Then ask the harder question:

Is there a second copy of the child roster and emergency contacts that can travel with the group?

A binder that only works while it sits in the office is not enough for the kind of emergency that makes the office unavailable.",apps/site/src/content/guides/childcare-emergency-preparedness-guide.md,https://pebbledesk.app/resources/guides/childcare-emergency-preparedness-guide/,"writer self-reviewed: truth, source, humanization, brand, duplication, LinkedIn fit",Uses the guide's emergency binder sections and second-copy recommendation.
243,2026-06-12,06:00,2026-06-12T11:00:00.000Z,LinkedIn company page,cmorpckmz03sbqi0yay2i3ds6,Emergency contact records,Risk callout,"Emergency contacts are not quiet enrollment fields.

They become operational records the moment something goes wrong.

A parent changes phone numbers.
A custody arrangement changes.
A grandparent is removed from pickup permission.
A child gets a new allergy plan.

If that update lives in one person's memory, it is not ready for an emergency.

Contact information has to be accessible to staff during an emergency, not locked in an office or available only through a system that needs internet.

That does not mean every center must abandon digital records.

It means the emergency process needs a fallback:

Current roster.
Current emergency contacts.
Current medical alerts.
A clear habit for printing or exporting the version staff would use if the building, office, or internet were unavailable.

The emergency record is only useful if it can leave with the children.",apps/site/src/content/guides/childcare-emergency-preparedness-guide.md,https://pebbledesk.app/resources/guides/childcare-emergency-preparedness-guide/,"writer self-reviewed: truth, source, humanization, brand, duplication, LinkedIn fit",Connects the guide's emergency contact accessibility rule to practical enrollment-record maintenance.
244,2026-06-12,07:00,2026-06-12T12:00:00.000Z,LinkedIn company page,cmorpckmz03sbqi0yay2i3ds6,Reunification readiness,Practical scenario,"Reunification sounds simple until thirty adults arrive at the same time.

That is why the written procedure matters.

For childcare centers, reunification is not just ""parents pick up children after an emergency.""

It needs answers before the parking lot gets loud:

Where do families go?
What is the alternate location?
Who checks photo ID?
Which record shows authorized pickup contacts?
How is each release documented?
What happens if the listed contacts cannot be reached?
What should staff do if a non-authorized adult insists on pickup?

The weak point is usually verification.

In a normal afternoon, staff can ask the office. During an evacuation, the office may not be available.

That is why pickup permissions belong in the emergency-ready record, not just in the enrollment file no one can reach.",apps/site/src/content/guides/childcare-emergency-preparedness-guide.md,https://pebbledesk.app/resources/guides/childcare-emergency-preparedness-guide/,"writer self-reviewed: truth, source, humanization, brand, duplication, LinkedIn fit",Based on the guide's reunification procedure requirements and authorized-pickup verification section.
245,2026-06-12,08:00,2026-06-12T13:00:00.000Z,LinkedIn company page,cmorpckmz03sbqi0yay2i3ds6,Staff readiness,Staff briefing tip,"A drill is not only a child movement exercise.

It is also a staff readiness test.

After the next emergency drill, ask each room lead three plain questions:

Where did you go?
How many children were with you?
What would you do if one child was in the bathroom, office, or playground when the alarm sounded?

Then check the log.

Did the record capture the number of children and staff present?
Did it note how long the drill took?
Did it capture any issue that staff noticed?
Did someone own the follow-up?

That small follow-up is what keeps a drill from becoming a monthly interruption everyone forgets by lunch.

A useful drill leaves two things behind:

A team that can explain the procedure.
A record that shows what the center learned from practice.",apps/site/src/content/guides/childcare-emergency-preparedness-guide.md,https://pebbledesk.app/resources/guides/childcare-emergency-preparedness-guide/,"writer self-reviewed: truth, source, humanization, brand, duplication, LinkedIn fit",Rewritten to remove operating-system and goal phrasing.
246,2026-06-12,09:00,2026-06-12T14:00:00.000Z,LinkedIn company page,cmorpckmz03sbqi0yay2i3ds6,Medical alerts and child records,Recordkeeping reminder,"Medical alerts should not be buried inside a child file during an emergency.

A practical emergency binder should include a separate page or section for children with medical conditions, allergies, or emergency medications.

That is a practical detail, not paperwork theater.

In a real evacuation, staff may not have time to sort through individual files.

They need to know:

Which child has an allergy.
Which child has emergency medication.
What the action plan says.
Who to call.
Where the medication is kept.

This is where enrollment records and emergency preparedness meet.

If a family updates a medical plan, the update cannot stop at the enrollment record. The emergency copy needs to change too.

One director habit worth keeping:

Any time a child medical field changes, ask, ""What emergency record also needs to be updated?""",apps/site/src/content/guides/childcare-emergency-preparedness-guide.md,https://pebbledesk.app/resources/guides/childcare-emergency-preparedness-guide/,"writer self-reviewed: truth, source, humanization, brand, duplication, LinkedIn fit",Grounded in the guide's medical-alert binder section and enrollment-record update implications.
247,2026-06-12,10:00,2026-06-12T15:00:00.000Z,LinkedIn company page,cmorpckmz03sbqi0yay2i3ds6,Family communication,Director habit,"Emergency family communication should not be written for the first time during the emergency.

A practical center habit:

Keep three message templates ready.

Evacuation notice.
Shelter-in-place notice.
All-clear notice.

Each one should answer the same core questions in plain language:

Where are the children?
Are they safe?
What should families do now?
When will the center send the next update?

Designate one person for parent notification before the emergency happens. That detail prevents the classic problem where three people assume someone else sent the message.

Preparedness is not only exits and headcounts.

It is also clear communication when families are scared and staff are busy.",apps/site/src/content/guides/childcare-emergency-preparedness-guide.md,https://pebbledesk.app/resources/guides/childcare-emergency-preparedness-guide/,"writer self-reviewed: truth, source, humanization, brand, duplication, LinkedIn fit",Uses the guide's emergency communication plan and template recommendations.
248,2026-06-12,11:00,2026-06-12T16:00:00.000Z,LinkedIn company page,cmorpckmz03sbqi0yay2i3ds6,Licensing inspection readiness,Audit-readiness framing,"Emergency preparedness gets reviewed like a recordkeeping system.

An inspector may observe the building, but the preparedness review often comes back to documents:

Written emergency plan.
Posted routes.
Drill logs.
Child emergency contacts.
Medical alerts.
Staff contact information.
Reunification procedure.

Emergency preparedness belongs beside other facility documents, not in a side binder everyone hopes is current.

The question is not only, ""Would we know what to do?""

It is also, ""Could we show that our team has a current plan, practices it, and fixes what the drills reveal?""

Directors already carry enough in their heads.

Emergency preparedness should live in records staff can actually use.",apps/site/src/content/lead-magnets/state-audit-preparation-toolkit.md,https://pebbledesk.app/free/state-audit-preparation-toolkit/,"writer self-reviewed: truth, source, humanization, brand, duplication, LinkedIn fit",Uses the audit toolkit's universal documentation checklist and facility document framing.
249,2026-06-12,12:00,2026-06-12T17:00:00.000Z,LinkedIn company page,cmorpckmz03sbqi0yay2i3ds6,Credential readiness,Operational-risk post,"Emergency readiness also depends on staff credentials.

If CPR or first aid certification expires for the only certified person on a shift, the problem is not theoretical. It affects who can be counted on the schedule and what happens during an emergency.

A simple monthly review helps:

Sort staff credentials by expiration date.
Flag anything expiring within 90 days.
Treat anything inside 30 days as urgent.
Confirm CPR and first aid cards are on file.
Check annual training hours.
Make sure the backup administrator can find the tracker.

A binder holds documents, but it does not remind anyone of deadlines.

That is the gap directors need to close before inspection day or emergency day.",apps/site/src/content/lead-magnets/staff-credential-tracker.md,https://pebbledesk.app/free/staff-credential-tracker/,"writer self-reviewed: truth, source, humanization, brand, duplication, LinkedIn fit",Connects emergency readiness to the staff credential tracker's monthly review and expiration process.
250,2026-06-12,13:00,2026-06-12T18:00:00.000Z,LinkedIn company page,cmorpckmz03sbqi0yay2i3ds6,Shelter-in-place and lockdown,Clarifying post,"Shelter-in-place and lockdown are not the same drill.

Staff need that distinction clear before the day gets stressful.

Shelter-in-place is for external hazards such as severe weather, hazardous materials, or air quality emergencies. Children and staff move to the designated interior location and stay away from windows and exterior walls.

Lockdown is for security threats. Staff secure the room, cover windows where required, and no one enters or exits until law enforcement gives the all-clear.

Both procedures need to be written, posted, and practiced.

A useful staff check:

Can each room lead explain the difference without reading the manual?

If not, the next drill is not just about speed.

It is about vocabulary, confidence, and making the first decision correctly.",apps/site/src/content/guides/childcare-emergency-preparedness-guide.md,https://pebbledesk.app/resources/guides/childcare-emergency-preparedness-guide/,"writer self-reviewed: truth, source, humanization, brand, duplication, LinkedIn fit",Based on the guide's shelter-in-place and lockdown protocol distinctions.
251,2026-06-12,14:00,2026-06-12T19:00:00.000Z,LinkedIn company page,cmorpckmz03sbqi0yay2i3ds6,Incident and emergency records,Preparedness checklist,"After any emergency drill or real incident, the most useful question may be:

What record do we need while the details are still fresh?

For a drill, that may be the drill log and corrective action note.
For a medical event, it may be an incident report and parent notification record.
For an evacuation, it may be the headcount, reunification sign-out, and all-clear message.
For a facility issue, it may be the utility shutoff note and maintenance follow-up.

Different reviews ask for different proof.

Emergency events can touch licensing, parent communication, complaint response, facility safety, and billing context.

That is why the record should be written close to the moment, not reconstructed next week from memory.",apps/site/src/content/lead-magnets/state-audit-preparation-toolkit.md,https://pebbledesk.app/free/state-audit-preparation-toolkit/,"writer self-reviewed: truth, source, humanization, brand, duplication, LinkedIn fit",Uses the toolkit's three-audit framework and documentation discipline without inventing legal requirements.
252,2026-06-12,15:00,2026-06-12T20:00:00.000Z,LinkedIn company page,cmorpckmz03sbqi0yay2i3ds6,Connected child records,Product-adjacent education,"Emergency preparedness starts earlier than the emergency binder.

It starts when the child record is created.

Date of birth.
Guardians.
Emergency contacts.
Authorized pickup.
Medical alerts.
Classroom assignment.
Subsidy or billing contacts where relevant.

Emergency readiness depends on that foundation.

If pickup permission is wrong in enrollment, reunification gets harder.
If medical alerts are stale, evacuation support gets riskier.
If emergency contacts are outdated, family communication slows down.

Clean records are not just admin neatness.

They are preparedness infrastructure.",apps/site/src/content/features/enrollment-records.md,https://pebbledesk.app/features/enrollment-records/,"writer self-reviewed: truth, source, humanization, brand, duplication, LinkedIn fit",Links the emergency theme to the enrollment-record source's connected child and guardian record structure.
253,2026-06-12,16:00,2026-06-12T21:00:00.000Z,LinkedIn company page,cmorpckmz03sbqi0yay2i3ds6,Staff role clarity,Audit prep tip,"When an inspector or auditor arrives, staff do not need a speech.

They need role clarity.

Brief staff on the first few minutes:

Greet politely.
Ask the inspector to sign in.
Notify the director.
Keep supervising children.
Answer basic role questions accurately.
Do not leave children to retrieve files.
Do not guess about records, children, incidents, or billing.

That same clarity helps during emergencies.

Who takes the binder?
Who leads each room?
Who sends the family message?
Who verifies pickup at reunification?
Who documents the release log?

Preparedness breaks when everyone assumes someone else owns the next step.

Directors can reduce that risk by making roles explicit before the stressful moment.",apps/site/src/content/lead-magnets/state-audit-preparation-toolkit.md,https://pebbledesk.app/free/state-audit-preparation-toolkit/,"writer self-reviewed: truth, source, humanization, brand, duplication, LinkedIn fit",Adapts the toolkit's staff briefing guidance to emergency-role clarity.
254,2026-06-12,17:00,2026-06-12T22:00:00.000Z,LinkedIn company page,cmorpckmz03sbqi0yay2i3ds6,Digital and paper fallback,Transparent product note,"Because PebbleDesk is currently online-only, emergency planning still needs a paper fallback.

If the internet is down or the building is unavailable, staff may need records they can reach without logging in:

Current roster.
Emergency contacts.
Medical alerts.
Authorized pickup list.
Reunification sign-out log.

Digital records can keep enrollment, attendance, guardians, pickup permissions, billing context, and reports connected during normal operations.

Emergency planning still needs the version that can travel.

Good center procedures make sure the right records are available when software is not the first tool staff can reach.",apps/site/src/config/site.ts,https://pebbledesk.app/,"writer self-reviewed: truth, source, humanization, brand, duplication, LinkedIn fit",Uses siteConfig's online-only V1 truth rule and connects it to emergency fallback planning.
255,2026-06-12,18:00,2026-06-12T23:00:00.000Z,LinkedIn company page,cmorpckmz03sbqi0yay2i3ds6,End-of-day readiness recap,Closing checklist,"Before the week closes, one emergency-readiness check worth doing:

Pick one classroom.

Can staff find the evacuation route?
Can they explain shelter-in-place versus lockdown?
Can they name who takes attendance during a drill?
Can they reach the current emergency contacts?
Can they identify medical alerts quickly?
Can they explain how authorized pickup is verified after an evacuation?
Can the director find the last drill log and any corrective action?

That small review will tell you more than a binder tab label.

Preparedness is not the presence of paperwork.

It is the relationship between the plan, the staff, the child records, and the proof that practice actually happened.

That is the record directors want ready before anyone asks.",apps/site/src/content/guides/childcare-emergency-preparedness-guide.md,https://pebbledesk.app/resources/guides/childcare-emergency-preparedness-guide/,"writer self-reviewed: truth, source, humanization, brand, duplication, LinkedIn fit","Closes the emergency day with a compact checklist drawn from the guide's binder, drill, protocol, and reunification sections."
256,2026-06-13,04:00,2026-06-13T09:00:00.000Z,LinkedIn company page,cmorpckmz03sbqi0yay2i3ds6,Waitlist operations,Opening thought,"A childcare waitlist is not automatically enrollment demand.

It is potential demand.

The difference is follow-up.

A family can be serious in March and unavailable in August. They can find care somewhere else. Their start date can move. Their schedule can change. Their child can age into a different classroom before a spot opens.

That is why a waitlist needs to work like a pipeline, not a parked list.

At minimum, directors need:

Child date of birth.
Age group or classroom fit.
Anticipated start date.
Care schedule needed.
Family contact preference.
Inquiry date.
Follow-up history.
Current interest status.

When a spot opens, the question should not be, ""Where did we put that spreadsheet?""

It should be, ""Who is the right next family for this room, and when did we last hear from them?""",apps/site/src/content/guides/managing-childcare-waitlist-guide.md,https://pebbledesk.app/resources/guides/managing-childcare-waitlist-guide/,"writer self-reviewed: truth, source, humanization, brand, duplication, LinkedIn fit",Grounded in the waitlist guide's pipeline framing and minimum information fields.
257,2026-06-13,05:00,2026-06-13T10:00:00.000Z,LinkedIn company page,cmorpckmz03sbqi0yay2i3ds6,Waitlist follow-up,Practical cadence,"Most waitlist leaks are not dramatic.

They are quiet.

A family signs up.
Months pass.
Nobody checks in.
A spot opens.
The director calls.
The family already enrolled somewhere else.

A simple cadence helps:

Immediate confirmation at sign-up.
Monthly touchpoint.
Quarterly confirmation that the family is still looking.
More personal contact during the 60 days before the expected start window.
A phone call when a spot opens.

This does not need to be fancy.

A short, consistent message beats an elaborate newsletter that never gets sent.

When a real opening appears, the family should recognize your center, trust that the list is active, and respond quickly.",apps/site/src/content/guides/managing-childcare-waitlist-guide.md,https://pebbledesk.app/resources/guides/managing-childcare-waitlist-guide/,"writer self-reviewed: truth, source, humanization, brand, duplication, LinkedIn fit",Rewritten to remove goal phrasing from waitlist follow-up post.
258,2026-06-13,06:00,2026-06-13T11:00:00.000Z,LinkedIn company page,cmorpckmz03sbqi0yay2i3ds6,Capacity planning,Capacity question,"A waitlist can answer a capacity question if the data is clean enough.

Not just, ""How many families are waiting?""

A better set of questions:

How many infants are waiting?
How many toddlers?
How many preschoolers?
What start dates are clustered together?
How many families need full-time care?
How many need part-time schedules that may not fit the open slot?
How long do families usually stay interested before finding another option?
Which rooms have demand but no near-term opening?

An infant-heavy list and an empty toddler list tell a different story from a full list across every age group.

Capacity planning needs the shape of demand.

A raw count can make the center feel full of opportunity while hiding the classroom bottleneck.",apps/site/src/content/guides/managing-childcare-waitlist-guide.md,https://pebbledesk.app/resources/guides/managing-childcare-waitlist-guide/,"writer self-reviewed: truth, source, humanization, brand, duplication, LinkedIn fit",Based on the guide's capacity planning and age-group imbalance sections.
259,2026-06-13,07:00,2026-06-13T12:00:00.000Z,LinkedIn company page,cmorpckmz03sbqi0yay2i3ds6,Enrollment records,Operational-risk post,"Enrollment records do more than start a child file.

They set up the whole operating day.

If the child is tied to the wrong classroom, attendance gets noisy.
If the guardian record is stale, communication slows down.
If authorized pickup is unclear, release decisions get harder.
If the billing contact is wrong, finance follow-up lands with the wrong person.
If subsidy context is missing, reimbursement work starts with a search.

A center can have good staff and still lose time because the basic record structure is split across forms, emails, spreadsheets, and memory.

The enrollment file is not background admin.

It is the place where attendance, billing, pickup, subsidy, and compliance either get easier or get messy.",apps/site/src/content/features/enrollment-records.md,https://pebbledesk.app/features/enrollment-records/,"writer self-reviewed: truth, source, humanization, brand, duplication, LinkedIn fit","Grounded in the enrollment feature page's child, guardian, pickup, billing, and subsidy record structure."
260,2026-06-13,08:00,2026-06-13T13:00:00.000Z,LinkedIn company page,cmorpckmz03sbqi0yay2i3ds6,Waitlist conversion,Spot-offer checklist,"When a childcare spot opens, the offer needs to match the family's actual need.

That sounds obvious until the list is old.

Before offering the spot, check:

Child's current age group.
Classroom fit.
Start date needed.
Full-time or part-time schedule.
Days needed.
Tuition rate the family last saw.
Sibling or priority status.
Last contact date.
Any notes from the tour or inquiry.

If the family asked for full-time care and the opening is Tuesday through Thursday, say that clearly. If the tuition changed since inquiry, say that before the enrollment contract.

The fastest way to turn waitlist goodwill into distrust is to offer a spot that feels different from what the family thought they were waiting for.

Clean waitlist notes protect the conversion moment.",apps/site/src/content/guides/managing-childcare-waitlist-guide.md,https://pebbledesk.app/resources/guides/managing-childcare-waitlist-guide/,"writer self-reviewed: truth, source, humanization, brand, duplication, LinkedIn fit","Uses the guide's spot-offer failure points around schedule mismatch, price changes, and offer timing."
261,2026-06-13,09:00,2026-06-13T14:00:00.000Z,LinkedIn company page,cmorpckmz03sbqi0yay2i3ds6,Product education,PebbleDesk feature note,"A useful waitlist record answers a practical director question:

Who should I call for this specific opening?

Not just who is on the list.

The record needs family contact information, child date of birth, inquiry date, notes, age-group assignment, priority order, and follow-up history.

That matters because an opening is rarely generic.

It is an infant opening.
A toddler opening.
A room with a schedule constraint.
A spot affected by sibling priority or program rules.

The director still needs to review the match and reach out.

The list should give her a better starting point before calling the family:

Is this the right age group?
Does the schedule fit?
Is the follow-up history current?
Is the center ready to say yes?",apps/site/src/content/features/waitlist-management.md,https://pebbledesk.app/features/waitlist-management/,"writer self-reviewed: truth, source, humanization, brand, duplication, LinkedIn fit",Rewritten ending to be warmer and more concrete about director review before family outreach.
262,2026-06-13,10:00,2026-06-13T15:00:00.000Z,LinkedIn company page,cmorpckmz03sbqi0yay2i3ds6,Classroom capacity,Director question,"Capacity planning gets clearer when classrooms, enrollment, and waitlist records speak the same language.

A director planning the next month needs to know:

Licensed capacity by room.
Current enrollment by room.
Children aging into the next room.
Expected withdrawals.
Open spots by date.
Waitlisted children by age group.
Families likely to accept.

If those pieces live in different places, planning turns into guesswork with a nice spreadsheet on top.

Capacity is not just a sales number.

It affects staffing, ratios, enrollment timing, and whether the center can say yes to the next family without creating tomorrow's coverage problem.",packages/shared/src/public-knowledge/app.ts,https://pebbledesk.app/,"writer self-reviewed: truth, source, humanization, brand, duplication, LinkedIn fit","Uses classroom setup context around capacity, age groups, attendance rosters, and ratio rules."
263,2026-06-13,11:00,2026-06-13T16:00:00.000Z,LinkedIn company page,cmorpckmz03sbqi0yay2i3ds6,Waitlist fees and policy clarity,Policy framing,"If a childcare center charges a waitlist fee, the policy needs to be clear before the family pays.

Decide the hard questions in advance:

Is the fee refundable?
Is it partially applied to enrollment?
What happens if no matching spot opens?
What happens if the family declines a spot that matches their stated needs?
What does ""matching"" mean for age group, schedule, and start date?

A fee can filter for serious families, but vague terms create frustration later.

The policy should be written in language a busy parent can understand before joining the list.

That protects the family.
It protects the director.
It protects the reputation of the center when the list is long and emotions are high.",apps/site/src/content/guides/managing-childcare-waitlist-guide.md,https://pebbledesk.app/resources/guides/managing-childcare-waitlist-guide/,"writer self-reviewed: truth, source, humanization, brand, duplication, LinkedIn fit","Based on the guide's waitlist fee range and refund-policy discussion, softened to avoid legal advice."
264,2026-06-13,12:00,2026-06-13T17:00:00.000Z,LinkedIn company page,cmorpckmz03sbqi0yay2i3ds6,Enrollment workflow,Practical sequence,"A cleaner enrollment workflow usually starts in a boring order.

That is a good thing.

Create classrooms.
Enter capacity and ratio.
Enroll the child.
Add guardians.
Review pickup permission, subsidy status, and classroom before saving.
Then use attendance once the record is ready.

The sequence matters because every later workflow depends on the setup.

Attendance needs the right room.
Ratios need the right room capacity and rule.
Billing needs the right family contact.
Pickup needs the right guardian and authorized adult record.
Reports need the operating record to make sense.

Enrollment is not a form.

It is the first draft of the center's daily record.",packages/shared/src/public-knowledge/app.ts,https://pebbledesk.app/,"writer self-reviewed: truth, source, humanization, brand, duplication, LinkedIn fit",Uses setup and enrollment steps without claiming unsupported outcomes.
265,2026-06-13,13:00,2026-06-13T18:00:00.000Z,LinkedIn company page,cmorpckmz03sbqi0yay2i3ds6,Aging and room transitions,Capacity planning tip,"A long waitlist changes while it waits.

That is easy to forget.

A child who joined the list as an infant may be a toddler by the time a spot opens. A start date that looked far away may now be urgent. A part-time family may now need full-time care.

That is why date of birth and anticipated start date are not optional details.

They are planning fields.

This is where directors can catch a quiet mismatch before making the call.

The family may still be interested.

But the room they need may no longer be the room they originally joined the list for.",apps/site/src/content/guides/managing-childcare-waitlist-guide.md,https://pebbledesk.app/resources/guides/managing-childcare-waitlist-guide/,"writer self-reviewed: truth, source, humanization, brand, duplication, LinkedIn fit",Draws from the guide's date-of-birth and long-wait classroom-fit guidance.
266,2026-06-13,14:00,2026-06-13T19:00:00.000Z,LinkedIn company page,cmorpckmz03sbqi0yay2i3ds6,Enrollment and authorized pickup,Risk reminder,"Authorized pickup belongs close to enrollment, not in a side note.

A pickup record affects normal afternoons, emergency reunification, custody-sensitive situations, and staff confidence at the door.

A center does not want staff solving pickup permission from memory.

A clean record should answer:

Who is authorized?
Who is not?
When was the list updated?
Which guardian provided the change?
Does staff know where to check before release?

The enrollment file has to be useful at 5:45 p.m., not just complete during intake.",apps/site/src/content/features/enrollment-records.md,https://pebbledesk.app/features/enrollment-records/,"writer self-reviewed: truth, source, humanization, brand, duplication, LinkedIn fit",Uses the enrollment-record page's authorized pickup positioning and connects it to operational moments.
267,2026-06-13,15:00,2026-06-13T20:00:00.000Z,LinkedIn company page,cmorpckmz03sbqi0yay2i3ds6,Demand review habit,Quarterly review checklist,"A quarterly waitlist review can be short and still useful.

Pull the list and ask:

Which families confirmed they are still looking?
Which families have not responded twice?
Which age groups have the deepest demand?
Which rooms have openings coming up?
Which children may age into a different room before a spot opens?
Which families need part-time care that may not match current openings?
Which inquiry sources are producing serious families?

A waitlist snapshot tells you what the list looks like today.

A waitlist habit tells you whether demand is getting stronger, colder, younger, older, more full-time, or more seasonal.",apps/site/src/content/guides/managing-childcare-waitlist-guide.md,https://pebbledesk.app/resources/guides/managing-childcare-waitlist-guide/,"writer self-reviewed: truth, source, humanization, brand, duplication, LinkedIn fit",Uses the guide's quarterly review and demand-intelligence recommendations.
268,2026-06-13,16:00,2026-06-13T21:00:00.000Z,LinkedIn company page,cmorpckmz03sbqi0yay2i3ds6,Imports and migration,Rollout note,"Existing enrollment records rarely move cleanly by accident.

Names vary.
Phone numbers are stale.
Guardian roles are unclear.
Pickup permissions may be stored somewhere else.
Billing contacts may not match family contacts.
Old classroom labels may not match current rooms.

PebbleDesk supports CSV import plus Brightwheel and Procare migration presets, but import is still a moment for review, not blind trust.

A good migration question:

What record fields must be clean before the first live attendance day?

For most centers, the answer includes children, guardians, classroom assignment, emergency contacts, authorized pickup, billing contacts, and subsidy status where applicable.

The import is not the finish line.

The finish line is a roster staff can use without rebuilding the record during pickup.",apps/site/src/content/features/enrollment-records.md,https://pebbledesk.app/features/enrollment-records/,"writer self-reviewed: truth, source, humanization, brand, duplication, LinkedIn fit","Grounded in enrollment page import support and connected-record claims, with careful rollout framing."
269,2026-06-13,17:00,2026-06-13T22:00:00.000Z,LinkedIn company page,cmorpckmz03sbqi0yay2i3ds6,Waitlist to enrollment handoff,Conversion workflow,"The waitlist-to-enrollment handoff is where a lot of admin friction appears.

A family says yes.
Then the center asks for everything again.

Child name.
Date of birth.
Guardian contacts.
Schedule need.
Start date.
Notes from the tour.
Priority status.
Pickup information.
Billing contact.

Some of that has already been collected.

A cleaner process keeps the waitlist record connected enough to start the enrollment workflow instead of making the director copy details into a second system.

A yes from a family should start onboarding, not a scavenger hunt.",apps/site/src/content/features/waitlist-management.md,https://pebbledesk.app/features/waitlist-management/,"writer self-reviewed: truth, source, humanization, brand, duplication, LinkedIn fit",Uses the feature page's waitlist-to-enrollment workflow without overstating automation.
270,2026-06-13,18:00,2026-06-13T23:00:00.000Z,LinkedIn company page,cmorpckmz03sbqi0yay2i3ds6,End-of-day enrollment recap,Closing thought,"A strong enrollment operation does not feel dramatic.

It feels current.

The waitlist has real follow-up history.
The classroom capacity picture is visible.
Families are grouped by age and start window.
Enrollment records connect child, guardian, pickup, billing, subsidy, and classroom context.
Staff know which record to trust.
Directors can see the next enrollment move before a room sits open too long.

That is the quiet value of connected enrollment work.

A waitlist is not just a growth tool.

It is an operations tool for deciding when the center can responsibly say yes, when it should wait, and what the family needs to know next.",apps/site/src/content/features/waitlist-management.md,https://pebbledesk.app/features/waitlist-management/,"writer self-reviewed: truth, source, humanization, brand, duplication, LinkedIn fit",Rewritten closing to remove over-stylized campaign ending.
271,2026-06-14,04:00,2026-06-14T09:00:00.000Z,LinkedIn company page,cmorpckmz03sbqi0yay2i3ds6,Founder POV,Sunday opening note,"PebbleDesk started with a very ordinary director problem:

The day happened once, but the records end up scattered.

Attendance in one place.
Ratio context somewhere else.
Billing notes in a spreadsheet.
Subsidy support in a folder.
Family records in a roster export.
Staff records in a binder.
Reports rebuilt when someone asks.

That is not a failure of directors.

It is a system design problem.

PebbleDesk was built around the belief that the daily childcare record should stay understandable after the day is over.

Not more software for its own sake.

A cleaner way to keep the work directors already do from falling apart before licensing, billing, or a family question arrives.",apps/site/src/pages/index.astro,https://pebbledesk.app/,"writer self-reviewed: truth, source, humanization, brand, duplication, LinkedIn fit",Humanized founder opening with concrete director problem and less internal product-thesis language.
272,2026-06-14,05:00,2026-06-14T10:00:00.000Z,LinkedIn company page,cmorpckmz03sbqi0yay2i3ds6,Connected daily record,Company point of view,"A childcare director does not live in feature categories.

The day moves in handoffs.

A child arrives.
A room count changes.
A staff member moves.
A ratio needs attention.
A guardian asks about pickup.
A subsidy record may depend on attendance.
A billing note may need the same child record.
A report may need to explain it later.

If each handoff creates a separate little truth, the director has to decide which one to trust.

That is where the cleanup work starts.

The better operating model is simpler:

Capture the day once, keep the context attached, and make the later report easier to trust.",apps/site/src/pages/index.astro,https://pebbledesk.app/,"writer self-reviewed: truth, source, humanization, brand, duplication, LinkedIn fit",Rewritten to reduce connected-record repetition and remove internal operating-model wording.
273,2026-06-14,06:00,2026-06-14T11:00:00.000Z,LinkedIn company page,cmorpckmz03sbqi0yay2i3ds6,Attendance as source record,Founder note,"Attendance deserves more respect than a tap-in screen.

It is often where the rest of the question starts.

Who was here?
Which room were they in?
What changed during the day?
Did the attendance day support the invoice?
Does the subsidy record match care delivered?
Can a report explain who was present and when?

PebbleDesk's attendance work is built around that connection to classrooms, ratios, reports, and subsidy context.

The practical test is not whether a check-in was captured.

It is whether the record still makes sense when finance, licensing, or a family asks about the day.",apps/site/src/content/features/attendance-tracking.md,https://pebbledesk.app/features/attendance-tracking/,"writer self-reviewed: truth, source, humanization, brand, duplication, LinkedIn fit",Rewritten to be more direct and less philosophy-heavy.
274,2026-06-14,07:00,2026-06-14T12:00:00.000Z,LinkedIn company page,cmorpckmz03sbqi0yay2i3ds6,Ratio visibility,Practical philosophy,"Ratio tracking is not a report-only problem.

It is a timing problem.

A room can be fine at 8:10 and need attention at 8:25.
A staff member can step out.
A child can move rooms.
A late arrival can change the picture.
A pickup can hide a problem if the record is only reviewed later.

PebbleDesk keeps ratio work close to attendance and classrooms because that is where the risk appears.

Directors do not need to stare at a dashboard all day.

They need the room picture to surface while there is still time to act, with enough context preserved for review later.

Current enough to help now.
Structured enough to explain later.",apps/site/src/content/features/ratio-tracking.md,https://pebbledesk.app/features/ratio-tracking/,"writer self-reviewed: truth, source, humanization, brand, duplication, LinkedIn fit",Proactively rewritten to remove goal/goal phrasing from the ratio recap.
275,2026-06-14,08:00,2026-06-14T13:00:00.000Z,LinkedIn company page,cmorpckmz03sbqi0yay2i3ds6,Audit reports,Connected-record thesis,"A polished export cannot rescue messy source records.

That is the trap with audit reports.

The PDF may look clean, but if attendance, room coverage, billing context, and edit history do not line up, the director still has to explain the gaps by hand.

A useful report starts earlier than the export button.

It starts when the daily record can answer:

Who was present?
Which staff were assigned?
What ratio context mattered?
What was billed?
What changed afterward?

The report should help the director answer the question, not become another document to clean up.",apps/site/src/content/features/audit-reports.md,https://pebbledesk.app/features/audit-reports/,"writer self-reviewed: truth, source, humanization, brand, duplication, LinkedIn fit",Rewritten to reduce internal page-framing language and make audit-report value practical.
276,2026-06-14,09:00,2026-06-14T14:00:00.000Z,LinkedIn company page,cmorpckmz03sbqi0yay2i3ds6,Enrollment foundation,Founder POV,"A lot of childcare admin pain starts before attendance begins.

It starts when the record is incomplete.

A child is tied to the wrong room.
A guardian contact is old.
A pickup permission is unclear.
A subsidy field is missing.
A billing contact is not the same person staff keep calling.

Then every downstream workflow inherits the problem.

Attendance gets corrected.
Billing gets delayed.
Pickup gets stressful.
Reports need explanation.
Staff ask the same question twice.

PebbleDesk treats enrollment and records as operating infrastructure because that is what they are.

The child file is not just a file.

It is the foundation for the day the center is about to run.",apps/site/src/content/features/enrollment-records.md,https://pebbledesk.app/features/enrollment-records/,"writer self-reviewed: truth, source, humanization, brand, duplication, LinkedIn fit","Uses enrollment feature source around child, guardian, classroom, pickup, billing, and subsidy context."
277,2026-06-14,10:00,2026-06-14T15:00:00.000Z,LinkedIn company page,cmorpckmz03sbqi0yay2i3ds6,Subsidy records,Operational belief,"Subsidy billing gets harder when the support record is spread out.

A director may need attendance, authorization context, claim status, payment follow-up, and documentation for a specific period.

If those records live in separate places, reconciliation becomes detective work.

The practical chain is plain:

Was care delivered?
For which child?
On which dates?
Under which authorization or billing period?
What was submitted?
What is still outstanding?

Software should make that chain easier to follow.

For subsidy-heavy centers, the billing story needs to stay understandable before the review question arrives.",apps/site/src/content/features/subsidy-billing.md,https://pebbledesk.app/features/subsidy-billing/,"writer self-reviewed: truth, source, humanization, brand, duplication, LinkedIn fit",Rewritten to reduce connected-record phrasing and keep subsidy value concrete.
278,2026-06-14,11:00,2026-06-14T16:00:00.000Z,LinkedIn company page,cmorpckmz03sbqi0yay2i3ds6,Staff records,Practical recap,"Staff records need to stay close to the daily schedule.

A schedule is not only a calendar.
It affects room coverage.
Room coverage affects ratios.
Credentials affect who can be counted and what a licensing inspector may ask to see.
Training records affect inspection readiness.

That matters.

A staffing decision should not float beside the compliance consequence.

If a director moves a teacher, the room picture should make more sense, not less.

If a credential is expiring, the schedule should not be the first place the problem is discovered.

The staff side of the record deserves the same connection as the child side.",apps/site/src/content/features/staff-scheduling.md,https://pebbledesk.app/features/staff-scheduling/,"writer self-reviewed: truth, source, humanization, brand, duplication, LinkedIn fit",Uses staff scheduling source plus credential theme without claiming unsupported payroll or time-approval features.
279,2026-06-14,12:00,2026-06-14T17:00:00.000Z,LinkedIn company page,cmorpckmz03sbqi0yay2i3ds6,Product honesty,Trust-building note,"A useful childcare software demo should include the limits too.

Ask the vendor:

Which workflows work nationally?
Which state-specific ratio and licensing reports are available today?
What happens if my state is not on that list yet?
Does the product work offline?
What paper fallback should my center keep?

That kind of detail matters because directors make real operating decisions from software claims.

Software can help keep records connected, show risk earlier, and prepare better reports.

It should not pretend compliance is automatic.",apps/site/src/config/site.ts,https://pebbledesk.app/,"writer self-reviewed: truth, source, humanization, brand, duplication, LinkedIn fit",Uses current siteConfig support boundaries and online-only V1 truth rule.
280,2026-06-14,13:00,2026-06-14T18:00:00.000Z,LinkedIn company page,cmorpckmz03sbqi0yay2i3ds6,Migration and starting clean,Soft conversion education,"Starting with new childcare software should not mean rebuilding the whole center by hand.

But it also should not mean importing a messy roster and pretending the job is finished.

PebbleDesk supports CSV import plus Brightwheel and Procare migration presets.

That helps with the first move.

The important review happens next:

Are children in the right classrooms?
Are guardians current?
Are pickup permissions clear?
Are billing contacts attached?
Are subsidy fields reviewed?
Are attendance and ratios ready for the first live day?

A migration is successful when staff can trust the record during the day.

Not when the spreadsheet merely uploaded.",apps/site/src/pages/index.astro,https://pebbledesk.app/,"writer self-reviewed: truth, source, humanization, brand, duplication, LinkedIn fit",Grounded in homepage import and migration copy plus enrollment-record dependencies.
281,2026-06-14,14:00,2026-06-14T19:00:00.000Z,LinkedIn company page,cmorpckmz03sbqi0yay2i3ds6,Soft conversion,Product fit note,"PebbleDesk is not trying to be every childcare product for every childcare problem.

That matters.

If the main pain is parent photos and newsletters, another tool may feel more familiar.

If the pain is attendance, ratios, subsidy paperwork, enrollment records, billing context, staff records, and audit-ready reports, that is the problem space PebbleDesk is built around.

A useful product fit question:

Which part of the director's week keeps turning into cleanup?

If the answer is records, proof, billing support, ratio review, or licensing prep, the evaluation should start there.",packages/shared/src/constants/offering.ts,https://pebbledesk.app/,"writer self-reviewed: truth, source, humanization, brand, duplication, LinkedIn fit",Humanized product-fit post with concrete buyer question and less repeated story language.
282,2026-06-14,15:00,2026-06-14T20:00:00.000Z,LinkedIn company page,cmorpckmz03sbqi0yay2i3ds6,Director relief,Brand POV,"Relief, for a childcare director, is usually practical.

It can look like:

Attendance tied to the room.
The ratio picture visible before pickup gets messy.
The family record current when someone asks about pickup.
The subsidy context close to the attendance day.
A billing note that can be traced.
A report that does not require a weekend cleanup.

None of that is flashy.

It is the kind of quiet support that matters when the building is bright, loud, and already moving.

Childcare administration is serious work.

The software should feel sturdy enough to trust and plain enough to use while the day is still happening.",.impeccable.md,https://pebbledesk.app/,"writer self-reviewed: truth, source, humanization, brand, duplication, LinkedIn fit",Rewritten from director lived experience rather than product-philosophy framing.
283,2026-06-14,16:00,2026-06-14T21:00:00.000Z,LinkedIn company page,cmorpckmz03sbqi0yay2i3ds6,Audit-ready records,Soft CTA,"Audit-ready records without the end-of-week scramble.

For directors, the scramble is real.

It shows up when a subsidy claim needs support.
When a parent asks about a charge.
When a room count needs review.
When staff credential records are requested.
When enrollment details do not match pickup or billing.

A cleaner record does not replace the director's judgment.

It gives that judgment a better starting point.

If a director has to answer a hard question, the system should help her start from the day as it happened instead of from a pile of disconnected clues.",packages/shared/src/constants/offering.ts,https://pebbledesk.app/,"writer self-reviewed: truth, source, humanization, brand, duplication, LinkedIn fit",Rewritten to soften copy-critique framing and remove goal/goal wording.
284,2026-06-14,17:00,2026-06-14T22:00:00.000Z,LinkedIn company page,cmorpckmz03sbqi0yay2i3ds6,Trial and evaluation,Low-pressure conversion,"A good childcare software trial should answer operational questions, not just show nice screens.

During a PebbleDesk trial, the useful questions are practical:

Can we set up classrooms cleanly?
Can we enroll children and guardians without record confusion?
Can attendance stay tied to rooms?
Can ratio review make sense from the daily record?
Can billing and subsidy context stay close to attendance?
Can reports explain what happened without manual reconstruction?

The trial gives directors room to test the jobs that matter before deciding whether the system fits the center.",apps/site/src/config/site.ts,https://pebbledesk.app/pricing/,"writer self-reviewed: truth, source, humanization, brand, duplication, LinkedIn fit",Uses siteConfig trial terms and keeps the CTA soft and operational.
285,2026-06-14,18:00,2026-06-14T23:00:00.000Z,LinkedIn company page,cmorpckmz03sbqi0yay2i3ds6,Founder POV recap,Closing thought,"A simple close for the week:

Childcare directors already do the hard work.

They manage people, rooms, rules, families, payments, inspections, and interruptions.

PebbleDesk exists because the record behind that work should not be harder to manage than the work itself.

Attendance, rooms, staff coverage, family records, subsidy context, billing notes, and audit reports all point back to the same day.

When those pieces stay close together, the director has a better chance of answering the next question without starting from scratch.

That is the work worth building for.",docs/marketing/linkedin-rewrite/founder-context.md,https://pebbledesk.app/,"writer self-reviewed: truth, source, humanization, brand, duplication, LinkedIn fit",Rewritten as a human closer with concrete director benefit and no brand-note echo.
